server_id,sample_date,cpu_avg_pct,cpu_peak_pct,cpu_p95_pct,mem_avg_pct,mem_peak_pct,mem_p95_pct,disk_iops_avg,disk_iops_peak,disk_read_iops_avg,disk_write_iops_avg,disk_throughput_mbps_avg,net_in_gb,net_out_gb,net_in_peak_mbps,net_out_peak_mbps
srv-0001,2026-08-08,25.6,32.9,30.4,51.0,56.1,54.3,31.5,86.0,17.3,14.2,1.58,3.008,52.243,2.7,41.0
srv-0001,2026-08-09,28.0,35.5,32.9,51.3,61.4,57.9,31.9,83.0,17.5,14.3,1.59,4.923,43.709,4.0,17.1
srv-0001,2026-08-10,33.7,49.4,43.9,53.1,60.0,57.6,54.8,117.4,30.1,24.6,2.74,4.463,49.85,3.6,38.5
srv-0001,2026-08-11,38.8,64.3,55.4,53.9,64.4,60.8,51.4,93.3,28.3,23.1,2.57,7.911,65.795,3.7,25.9
srv-0001,2026-08-12,37.9,50.4,46.0,54.0,63.3,60.0,47.0,120.7,25.9,21.2,2.35,5.751,52.677,3.5,20.1
srv-0001,2026-08-13,46.4,62.3,56.7,55.0,60.0,58.3,49.3,128.8,27.1,22.2,2.46,4.708,57.581,4.3,24.6
srv-0001,2026-08-14,43.1,60.7,54.5,54.4,59.9,58.0,45.8,110.7,25.2,20.6,2.29,7.72,42.069,6.3,16.3
srv-0001,2026-08-15,24.0,30.8,28.4,51.7,57.8,55.7,33.4,79.3,18.4,15.0,1.67,2.978,35.438,1.4,15.5
srv-0001,2026-08-16,24.0,36.1,31.9,50.8,59.0,56.1,26.4,61.3,14.5,11.9,1.32,2.489,45.544,1.3,17.1
srv-0001,2026-08-17,36.1,46.2,42.6,53.5,61.4,58.7,48.0,115.5,26.4,21.6,2.4,4.472,79.87,3.8,56.8
srv-0001,2026-08-18,39.8,56.7,50.8,54.7,59.2,57.6,44.4,92.5,24.4,20.0,2.22,7.8,86.418,3.7,38.9
srv-0001,2026-08-19,40.6,66.2,57.3,54.9,58.3,57.1,56.7,115.6,31.2,25.5,2.83,5.08,95.382,3.6,77.4
srv-0001,2026-08-20,37.7,47.7,44.2,53.8,57.3,56.1,60.8,159.6,33.4,27.4,3.04,4.745,50.874,2.4,33.0
srv-0001,2026-08-21,41.6,61.4,54.5,55.4,58.4,57.4,63.9,129.4,35.1,28.8,3.2,5.275,94.789,3.6,55.3
srv-0001,2026-08-22,25.3,40.9,35.5,51.8,59.0,56.5,43.7,109.6,24.0,19.6,2.18,3.964,38.203,1.6,37.8
srv-0001,2026-08-23,27.2,34.4,31.9,52.0,56.2,54.7,32.9,86.7,18.1,14.8,1.64,6.047,62.307,4.6,52.9
srv-0001,2026-08-24,43.7,99,79.6,54.5,66.5,62.3,50.5,294.1,27.8,22.7,2.53,12.263,212.327,9.3,183.4
srv-0001,2026-08-25,46.6,73.6,64.1,54.8,66.5,62.4,42.8,112.8,23.6,19.3,2.14,4.75,47.131,4.0,46.8
srv-0001,2026-08-26,36.9,49.2,44.9,53.2,56.1,55.1,52.9,134.9,29.1,23.8,2.64,5.734,61.608,2.2,29.8
srv-0001,2026-08-27,45.0,99,80.1,55.3,60.7,58.8,68.9,334.0,37.9,31.0,3.45,13.493,132.804,8.8,66.0
srv-0001,2026-08-28,41.7,59.3,53.1,54.5,64.4,60.9,61.7,116.9,33.9,27.7,3.08,5.874,52.241,3.9,20.1
srv-0001,2026-08-29,23.6,37.7,32.7,51.4,54.3,53.3,32.7,72.0,18.0,14.7,1.64,3.354,49.157,2.6,38.3
srv-0001,2026-08-30,23.0,34.3,30.3,51.6,60.8,57.6,33.4,61.5,18.4,15.0,1.67,3.569,55.069,3.2,43.3
srv-0001,2026-08-31,46.2,69.5,61.3,54.9,62.9,60.1,42.6,112.6,23.4,19.2,2.13,6.146,85.282,2.8,38.2
srv-0001,2026-09-01,40.0,59.7,52.8,54.8,61.4,59.1,47.4,131.7,26.0,21.3,2.37,4.785,74.779,1.8,42.1
srv-0001,2026-09-02,51.3,86.1,73.9,55.4,66.1,62.4,58.7,155.1,32.3,26.4,2.93,8.071,78.972,3.0,53.8
srv-0001,2026-09-03,36.3,60.3,51.9,53.9,61.3,58.7,57.2,121.8,31.5,25.8,2.86,5.15,84.725,3.3,66.1
srv-0001,2026-09-04,41.2,56.9,51.4,55.1,62.7,60.0,67.5,122.3,37.1,30.4,3.37,4.682,67.1,4.1,26.6
srv-0001,2026-09-05,31.4,51.9,44.7,52.1,55.6,54.4,43.3,104.3,23.8,19.5,2.17,4.061,56.407,1.6,47.2
srv-0001,2026-09-06,21.5,29.2,26.5,51.0,55.6,54.0,24.1,46.1,13.2,10.8,1.2,4.587,51.285,2.5,41.2
srv-0002,2026-08-08,10.0,13.6,12.4,73.3,86.9,82.2,90.1,167.1,49.6,40.6,4.51,4.073,45.134,2.1,28.5
srv-0002,2026-08-09,9.3,30.6,23.1,73.2,83.6,80.0,65.9,365.3,36.3,29.7,3.3,9.345,121.827,5.6,116.8
srv-0002,2026-08-10,12.7,20.7,17.9,74.5,83.7,80.5,74.4,148.4,40.9,33.5,3.72,4.952,72.985,3.7,29.7
srv-0002,2026-08-11,14.8,20.7,18.6,75.5,86.5,82.6,102.1,278.0,56.2,46.0,5.11,4.115,87.872,1.9,53.4
srv-0002,2026-08-12,12.8,19.4,17.1,74.8,86.4,82.3,100.2,214.3,55.1,45.1,5.01,4.869,65.056,2.7,58.8
srv-0002,2026-08-13,18.7,23.6,21.9,77.8,84.9,82.4,104.7,286.9,57.6,47.1,5.23,10.105,93.404,6.7,44.9
srv-0002,2026-08-14,13.7,45.5,34.3,75.0,85.8,82.0,103.2,439.4,56.8,46.4,5.16,9.034,109.599,7.8,100.1
srv-0002,2026-08-15,8.6,14.1,12.2,72.2,86.3,81.4,57.5,137.5,31.6,25.9,2.87,5.704,48.265,2.5,26.6
srv-0002,2026-08-16,8.6,14.3,12.3,71.3,84.8,80.1,67.0,156.1,36.9,30.2,3.35,3.766,59.194,1.9,45.3
srv-0002,2026-08-17,13.3,17.7,16.1,76.6,83.4,81.0,93.9,214.8,51.7,42.3,4.7,6.883,94.453,6.3,37.6
srv-0002,2026-08-18,15.9,23.5,20.9,77.6,84.5,82.1,137.6,328.0,75.7,61.9,6.88,9.039,66.977,5.0,53.6
srv-0002,2026-08-19,15.4,22.1,19.8,77.1,92.5,87.1,94.3,250.6,51.9,42.4,4.72,7.134,84.663,2.8,70.6
srv-0002,2026-08-20,15.0,23.4,20.4,76.7,88.4,84.3,92.9,211.5,51.1,41.8,4.65,6.515,63.018,5.7,55.7
srv-0002,2026-08-21,14.9,19.8,18.1,77.6,93.9,88.2,140.1,382.1,77.1,63.1,7.01,4.917,124.717,2.5,80.0
srv-0002,2026-08-22,10.2,15.7,13.8,73.3,84.4,80.5,74.0,190.0,40.7,33.3,3.7,5.436,67.281,2.7,49.9
srv-0002,2026-08-23,9.5,12.9,11.7,71.7,75.7,74.3,53.4,98.5,29.4,24.0,2.67,2.913,53.296,2.1,26.6
srv-0002,2026-08-24,17.3,24.1,21.7,77.3,90.9,86.1,90.3,203.6,49.7,40.6,4.51,4.995,90.765,2.9,75.8
srv-0002,2026-08-25,15.4,24.6,21.4,77.0,85.6,82.6,95.8,231.0,52.7,43.1,4.79,7.101,99.834,4.5,70.9
srv-0002,2026-08-26,14.0,19.3,17.5,75.3,86.0,82.2,90.1,248.6,49.5,40.5,4.5,7.995,78.107,4.3,62.2
srv-0002,2026-08-27,14.2,19.6,17.7,77.3,92.1,86.9,90.0,251.4,49.5,40.5,4.5,7.549,104.181,3.7,104.0
srv-0002,2026-08-28,13.3,21.1,18.4,76.8,82.6,80.6,99.8,180.7,54.9,44.9,4.99,8.706,97.495,6.5,58.9
srv-0002,2026-08-29,7.4,22.6,17.3,71.2,85.3,80.4,65.3,315.3,35.9,29.4,3.27,9.364,123.549,8.0,87.1
srv-0002,2026-08-30,9.3,13.2,11.8,72.6,84.2,80.2,81.0,204.3,44.5,36.4,4.05,5.263,48.88,2.9,45.4
srv-0002,2026-08-31,15.0,20.4,18.5,75.2,83.9,80.9,96.9,203.9,53.3,43.6,4.84,8.13,89.625,7.1,78.0
srv-0002,2026-09-01,15.8,23.0,20.5,77.8,92.8,87.5,114.8,208.1,63.1,51.6,5.74,8.655,77.685,5.0,33.8
srv-0002,2026-09-02,12.6,21.3,18.3,75.8,81.6,79.6,75.7,172.0,41.6,34.0,3.78,8.222,92.358,4.7,35.1
srv-0002,2026-09-03,14.2,18.7,17.1,74.8,88.2,83.5,71.6,167.4,39.4,32.2,3.58,6.953,97.119,6.3,66.6
srv-0002,2026-09-04,14.5,23.7,20.5,77.8,84.1,81.9,94.2,242.7,51.8,42.4,4.71,9.365,77.132,8.1,56.3
srv-0002,2026-09-05,9.0,12.0,11.0,71.1,81.3,77.7,46.0,95.9,25.3,20.7,2.3,3.23,50.061,1.8,28.3
srv-0002,2026-09-06,7.7,11.0,9.9,71.3,76.2,74.5,48.1,105.7,26.5,21.7,2.41,2.948,32.349,2.5,16.7
srv-0003,2026-08-08,20.3,34.4,29.5,70.5,84.6,79.7,30.5,77.4,16.8,13.7,1.53,2.552,32.433,2.4,28.9
srv-0003,2026-08-09,15.5,21.6,19.5,70.3,76.5,74.3,34.3,81.1,18.9,15.4,1.72,3.618,36.128,1.7,23.5
srv-0003,2026-08-10,29.2,38.3,35.1,75.7,82.4,80.1,61.2,158.5,33.6,27.5,3.06,4.168,96.723,2.2,66.4
srv-0003,2026-08-11,26.1,33.5,30.9,74.2,81.7,79.1,50.9,106.1,28.0,22.9,2.54,4.886,89.234,3.9,78.3
srv-0003,2026-08-12,32.4,51.3,44.7,75.4,85.3,81.8,67.1,168.5,36.9,30.2,3.36,7.515,89.403,4.7,62.8
srv-0003,2026-08-13,23.2,31.4,28.5,72.8,80.7,77.9,52.0,143.4,28.6,23.4,2.6,2.781,78.559,2.0,40.2
srv-0003,2026-08-14,29.2,99,74.6,75.1,79.6,78.0,57.2,303.2,31.5,25.8,2.86,11.816,106.251,9.0,81.7
srv-0003,2026-08-15,21.8,36.6,31.4,71.3,86.0,80.9,41.5,97.3,22.8,18.7,2.08,2.814,62.025,2.1,59.3
srv-0003,2026-08-16,17.3,56.6,42.9,69.6,74.0,72.5,22.1,102.3,12.2,10.0,1.11,4.248,104.826,1.8,85.3
srv-0003,2026-08-17,30.6,42.9,38.6,74.3,88.0,83.2,37.9,90.8,20.9,17.1,1.9,6.259,71.499,3.4,52.6
srv-0003,2026-08-18,25.2,85.7,64.5,73.0,83.6,79.9,47.4,230.4,26.1,21.3,2.37,6.735,187.64,5.2,182.6
srv-0003,2026-08-19,28.5,39.9,35.9,74.2,81.1,78.7,44.3,98.7,24.4,19.9,2.21,5.258,67.614,2.9,36.0
srv-0003,2026-08-20,26.5,42.9,37.2,73.8,87.7,82.9,57.0,142.4,31.3,25.6,2.85,3.211,48.752,1.3,31.9
srv-0003,2026-08-21,30.0,40.3,36.7,74.1,87.2,82.6,58.4,132.1,32.1,26.3,2.92,6.365,90.972,4.3,54.3
srv-0003,2026-08-22,22.7,68.0,52.2,71.3,83.7,79.4,27.9,139.1,15.4,12.6,1.4,9.115,138.344,5.8,139.6
srv-0003,2026-08-23,17.3,62.9,47.0,70.4,78.0,75.3,38.2,216.7,21.0,17.2,1.91,5.14,116.328,3.6,117.8
srv-0003,2026-08-24,29.7,37.4,34.7,74.9,81.3,79.1,46.3,122.3,25.5,20.8,2.32,4.979,65.698,3.2,55.6
srv-0003,2026-08-25,25.0,32.9,30.1,74.2,81.6,79.0,42.8,112.5,23.5,19.2,2.14,5.105,73.066,2.4,52.7
srv-0003,2026-08-26,21.9,33.0,29.1,72.7,87.4,82.2,52.7,97.2,29.0,23.7,2.64,2.81,52.635,1.3,44.9
srv-0003,2026-08-27,35.3,49.2,44.3,75.6,87.5,83.4,56.0,144.0,30.8,25.2,2.8,7.693,83.027,6.2,79.4
srv-0003,2026-08-28,25.3,37.4,33.2,73.7,79.3,77.4,41.8,116.3,23.0,18.8,2.09,3.909,70.359,3.0,50.3
srv-0003,2026-08-29,15.1,21.3,19.1,69.7,74.6,72.9,35.6,97.4,19.6,16.0,1.78,2.329,28.115,2.0,27.6
srv-0003,2026-08-30,17.6,23.5,21.4,70.0,75.9,73.8,37.7,88.6,20.7,17.0,1.88,3.673,32.757,2.2,32.6
srv-0003,2026-08-31,29.0,47.7,41.1,73.8,83.6,80.2,47.7,109.1,26.3,21.5,2.39,3.832,58.369,1.7,30.4
srv-0003,2026-09-01,28.0,40.3,36.0,73.0,83.6,79.9,37.5,87.8,20.6,16.9,1.88,5.065,58.278,4.6,54.9
srv-0003,2026-09-02,25.8,43.4,37.2,72.8,85.5,81.0,39.4,108.1,21.7,17.7,1.97,4.714,57.834,2.5,54.1
srv-0003,2026-09-03,27.0,39.1,34.9,74.3,83.1,80.0,42.4,78.8,23.3,19.1,2.12,6.852,94.378,5.7,49.4
srv-0003,2026-09-04,26.0,35.5,32.2,74.6,83.9,80.7,52.2,132.4,28.7,23.5,2.61,4.094,94.163,3.5,73.4
srv-0003,2026-09-05,19.1,27.0,24.2,70.0,80.1,76.6,37.5,98.8,20.6,16.9,1.88,3.176,40.109,2.3,32.7
srv-0003,2026-09-06,17.3,25.6,22.7,69.5,76.9,74.3,34.9,94.6,19.2,15.7,1.75,3.054,41.924,1.7,42.3
srv-0005,2026-08-08,25.2,38.8,34.0,68.6,78.1,74.8,94.8,222.1,52.2,42.7,4.74,11.588,17.035,7.2,16.0
srv-0005,2026-08-09,18.1,25.9,23.2,67.0,80.9,76.0,53.6,127.6,29.5,24.1,2.68,7.893,14.873,5.5,7.7
srv-0005,2026-08-10,34.0,52.1,45.8,72.0,76.3,74.8,128.3,288.8,70.6,57.7,6.42,16.613,39.168,7.8,34.8
srv-0005,2026-08-11,29.6,49.6,42.6,70.6,82.0,78.0,111.4,291.2,61.3,50.1,5.57,9.145,22.138,7.1,18.1
srv-0005,2026-08-12,24.9,39.1,34.1,69.9,73.9,72.5,76.1,200.4,41.8,34.2,3.8,13.987,17.155,10.5,17.0
srv-0005,2026-08-13,28.2,37.7,34.4,70.1,76.1,74.0,121.1,324.9,66.6,54.5,6.05,13.097,23.166,5.7,17.7
srv-0005,2026-08-14,29.6,49.1,42.3,70.8,77.5,75.2,130.5,260.1,71.8,58.7,6.53,17.73,23.536,12.3,11.6
srv-0005,2026-08-15,17.3,22.5,20.7,67.6,79.4,75.3,81.3,185.4,44.7,36.6,4.06,6.353,16.562,5.9,8.9
srv-0005,2026-08-16,16.8,22.1,20.3,66.9,71.6,70.0,49.7,105.8,27.3,22.4,2.49,10.266,13.457,5.9,11.6
srv-0005,2026-08-17,37.8,55.6,49.4,72.8,80.6,77.9,114.0,291.5,62.7,51.3,5.7,21.687,46.487,9.5,35.6
srv-0005,2026-08-18,34.2,45.7,41.7,72.4,79.5,77.0,102.9,217.2,56.6,46.3,5.15,18.168,36.93,10.6,28.6
srv-0005,2026-08-19,31.7,40.4,37.4,72.0,80.5,77.5,96.2,234.4,52.9,43.3,4.81,10.354,43.784,4.3,36.1
srv-0005,2026-08-20,33.0,48.2,42.8,72.1,81.6,78.3,125.2,282.4,68.8,56.3,6.26,16.214,31.051,8.7,25.7
srv-0005,2026-08-21,31.1,40.5,37.2,71.2,77.4,75.3,126.4,338.1,69.5,56.9,6.32,10.89,37.291,5.3,23.3
srv-0005,2026-08-22,22.2,36.7,31.6,67.7,82.2,77.1,62.6,119.8,34.4,28.2,3.13,11.398,19.553,5.1,13.0
srv-0005,2026-08-23,24.0,32.7,29.7,68.4,82.1,77.3,73.0,147.9,40.2,32.9,3.65,9.131,19.335,4.7,9.7
srv-0005,2026-08-24,32.4,98.5,75.4,72.6,76.7,75.2,122.0,563.0,67.1,54.9,6.1,35.662,85.876,20.7,46.2
srv-0005,2026-08-25,25.5,41.7,36.1,70.2,81.6,77.6,77.6,171.9,42.7,34.9,3.88,9.222,28.986,7.0,17.3
srv-0005,2026-08-26,26.9,34.2,31.6,70.6,78.9,76.0,110.1,243.6,60.5,49.5,5.5,15.335,24.613,13.7,11.9
srv-0005,2026-08-27,25.5,35.0,31.7,69.7,76.7,74.3,111.9,300.8,61.6,50.4,5.6,14.522,30.048,13.1,11.3
srv-0005,2026-08-28,30.2,39.3,36.1,72.3,78.1,76.1,112.5,298.2,61.9,50.6,5.62,16.925,38.184,14.1,22.0
srv-0005,2026-08-29,17.0,27.4,23.8,67.3,78.7,74.7,64.8,165.1,35.7,29.2,3.24,7.436,25.416,5.3,19.4
srv-0005,2026-08-30,21.0,33.5,29.1,67.2,71.0,69.7,71.1,174.2,39.1,32.0,3.56,7.061,12.69,5.9,11.9
srv-0005,2026-08-31,34.2,99,76.3,71.8,85.7,80.8,143.2,715.8,78.8,64.4,7.16,22.993,41.536,9.3,34.5
srv-0005,2026-09-01,31.1,47.0,41.5,71.0,83.1,78.9,95.1,264.3,52.3,42.8,4.75,14.735,33.171,8.0,21.8
srv-0005,2026-09-02,28.2,45.0,39.1,70.5,77.8,75.2,98.0,216.7,53.9,44.1,4.9,9.08,35.935,3.4,30.5
srv-0005,2026-09-03,24.8,31.5,29.2,70.1,76.1,74.0,97.2,213.8,53.4,43.7,4.86,13.12,17.98,6.6,14.4
srv-0005,2026-09-04,29.2,45.1,39.5,70.5,83.4,78.9,91.6,175.7,50.4,41.2,4.58,8.856,30.139,3.7,18.3
srv-0005,2026-09-05,20.6,33.3,28.9,67.7,81.7,76.8,75.8,139.4,41.7,34.1,3.79,6.266,20.227,3.2,8.2
srv-0005,2026-09-06,19.1,30.2,26.3,68.2,80.5,76.2,96.5,265.1,53.1,43.4,4.83,12.618,29.508,10.8,23.0
srv-0006,2026-08-08,19.1,30.8,26.7,77.7,84.4,82.1,130.3,237.1,71.6,58.6,6.51,9.048,22.437,4.4,9.9
srv-0006,2026-08-09,18.6,31.5,27.0,77.2,87.0,83.6,146.2,394.2,80.4,65.8,7.31,6.273,17.63,2.9,10.7
srv-0006,2026-08-10,24.8,35.4,31.7,80.0,96.9,90.9,165.2,394.2,90.9,74.4,8.26,11.451,31.144,8.1,22.1
srv-0006,2026-08-11,23.6,36.5,32.0,82.2,87.2,85.4,194.3,395.9,106.9,87.5,9.72,12.556,49.415,7.9,38.6
srv-0006,2026-08-12,30.6,41.6,37.8,82.7,87.5,85.8,195.6,470.3,107.6,88.0,9.78,11.179,31.08,8.6,23.1
srv-0006,2026-08-13,29.1,40.0,36.2,82.1,90.9,87.8,185.0,437.0,101.8,83.3,9.25,10.243,41.95,7.1,32.7
srv-0006,2026-08-14,25.0,38.3,33.6,81.5,99,92.9,162.5,307.1,89.4,73.1,8.12,15.882,33.223,13.9,25.5
srv-0006,2026-08-15,15.6,20.8,19.0,76.7,82.6,80.5,129.5,262.1,71.2,58.3,6.48,9.077,24.224,5.3,24.2
srv-0006,2026-08-16,17.8,27.1,23.8,77.0,89.4,85.1,132.9,273.3,73.1,59.8,6.65,8.206,28.565,4.4,12.8
srv-0006,2026-08-17,26.9,42.0,36.7,82.1,93.6,89.6,160.8,380.6,88.4,72.4,8.04,10.027,25.407,4.5,13.4
srv-0006,2026-08-18,26.3,42.3,36.7,80.9,87.2,85.0,201.7,519.2,111.0,90.8,10.09,13.0,26.751,11.4,19.8
srv-0006,2026-08-19,22.3,35.8,31.1,79.9,97.0,91.0,190.6,343.3,104.8,85.8,9.53,7.919,30.704,6.3,18.4
srv-0006,2026-08-20,24.6,34.0,30.7,82.2,97.3,92.0,171.4,342.5,94.3,77.1,8.57,13.559,43.944,8.3,27.7
srv-0006,2026-08-21,25.0,40.4,35.0,80.7,96.3,90.8,153.4,390.2,84.4,69.0,7.67,10.066,29.196,5.3,11.5
srv-0006,2026-08-22,13.7,20.4,18.1,76.5,87.4,83.6,128.8,347.9,70.9,58.0,6.44,7.271,16.539,4.9,15.4
srv-0006,2026-08-23,19.5,28.2,25.2,78.4,85.5,83.0,171.3,449.8,94.2,77.1,8.56,7.708,35.186,5.0,31.4
srv-0006,2026-08-24,22.7,34.8,30.6,80.6,92.1,88.1,189.5,454.7,104.2,85.3,9.47,12.95,40.008,11.0,36.8
srv-0006,2026-08-25,23.9,32.5,29.5,80.5,86.3,84.3,205.6,547.1,113.1,92.5,10.28,11.524,38.558,9.8,33.0
srv-0006,2026-08-26,27.0,35.9,32.8,81.5,90.5,87.4,147.1,332.6,80.9,66.2,7.35,11.852,41.214,9.3,17.5
srv-0006,2026-08-27,21.5,30.3,27.2,80.6,89.1,86.1,150.4,407.2,82.7,67.7,7.52,13.903,23.039,5.4,21.6
srv-0006,2026-08-28,22.7,38.0,32.6,80.3,94.1,89.3,136.1,307.9,74.9,61.3,6.81,9.165,22.193,4.7,14.7
srv-0006,2026-08-29,19.8,27.6,24.9,78.3,82.5,81.1,152.8,335.9,84.1,68.8,7.64,5.997,26.659,4.1,24.1
srv-0006,2026-08-30,19.1,31.8,27.3,77.7,85.6,82.8,105.5,246.1,58.0,47.5,5.27,6.181,30.164,2.3,14.5
srv-0006,2026-08-31,21.9,29.3,26.7,80.1,85.4,83.6,175.6,370.1,96.6,79.0,8.78,10.256,21.768,9.4,21.7
srv-0006,2026-09-01,25.3,32.3,29.8,80.2,84.4,82.9,171.8,452.7,94.5,77.3,8.59,10.949,41.146,9.7,40.3
srv-0006,2026-09-02,24.2,33.1,30.0,81.5,96.4,91.2,211.4,425.9,116.3,95.1,10.57,9.284,23.589,7.5,12.8
srv-0006,2026-09-03,27.9,46.1,39.7,82.2,86.5,85.0,232.0,424.6,127.6,104.4,11.6,15.831,47.709,13.0,32.5
srv-0006,2026-09-04,21.6,27.9,25.7,81.1,94.8,90.0,190.0,512.1,104.5,85.5,9.5,12.197,28.657,10.4,16.3
srv-0006,2026-09-05,15.7,20.6,18.9,77.8,87.4,84.1,155.6,409.2,85.6,70.0,7.78,6.805,23.228,3.3,22.1
srv-0006,2026-09-06,17.1,23.1,21.0,76.5,91.1,86.0,119.4,282.7,65.7,53.7,5.97,9.356,24.532,5.4,11.8
srv-0007,2026-08-08,18.4,31.0,26.6,56.0,65.5,62.2,116.0,252.3,63.8,52.2,5.8,7.599,15.473,5.0,13.2
srv-0007,2026-08-09,23.8,39.4,33.9,56.7,66.5,63.1,126.9,333.9,69.8,57.1,6.35,6.735,22.208,5.8,19.0
srv-0007,2026-08-10,36.7,59.6,51.6,59.6,66.1,63.8,185.1,416.0,101.8,83.3,9.25,8.427,25.753,4.7,19.4
srv-0007,2026-08-11,26.7,45.3,38.8,58.7,65.5,63.1,172.7,393.7,95.0,77.7,8.64,11.208,28.761,7.3,29.1
srv-0007,2026-08-12,41.2,52.4,48.5,60.4,65.3,63.6,206.9,570.9,113.8,93.1,10.34,12.451,35.524,11.4,22.5
srv-0007,2026-08-13,41.3,65.7,57.2,60.6,69.3,66.3,305.8,633.9,168.2,137.6,15.29,9.441,16.531,8.2,14.5
srv-0007,2026-08-14,33.5,44.3,40.5,58.6,66.4,63.6,227.3,457.1,125.0,102.3,11.36,8.063,27.724,4.1,25.7
srv-0007,2026-08-15,19.8,33.3,28.6,55.6,64.1,61.1,138.5,272.8,76.2,62.3,6.92,7.658,9.748,6.1,7.2
srv-0007,2026-08-16,18.9,30.7,26.6,55.8,67.4,63.3,152.9,345.5,84.1,68.8,7.65,6.734,16.288,4.3,9.7
srv-0007,2026-08-17,34.1,48.6,43.5,58.8,67.5,64.5,249.3,641.9,137.1,112.2,12.46,6.733,23.584,5.5,21.9
srv-0007,2026-08-18,32.1,49.8,43.6,59.4,68.0,64.9,203.1,513.7,111.7,91.4,10.16,8.605,30.177,4.7,21.7
srv-0007,2026-08-19,32.9,46.0,41.4,60.5,68.1,65.4,286.8,729.8,157.8,129.1,14.34,7.855,27.967,5.6,17.3
srv-0007,2026-08-20,30.5,40.4,36.9,59.7,63.2,61.9,263.7,557.1,145.0,118.7,13.19,9.826,17.388,4.5,6.6
srv-0007,2026-08-21,32.8,54.9,47.2,59.7,63.0,61.8,278.5,567.6,153.2,125.3,13.92,8.135,19.346,4.2,14.2
srv-0007,2026-08-22,24.1,33.5,30.2,56.8,65.6,62.5,196.2,453.2,107.9,88.3,9.81,8.05,20.094,6.1,16.0
srv-0007,2026-08-23,21.5,34.5,29.9,57.0,60.2,59.1,159.9,411.9,87.9,71.9,7.99,8.791,13.45,7.8,7.7
srv-0007,2026-08-24,34.7,53.9,47.2,59.1,71.7,67.3,232.8,591.4,128.1,104.8,11.64,8.077,24.296,5.4,10.1
srv-0007,2026-08-25,31.4,51.6,44.5,59.4,72.1,67.6,295.8,663.1,162.7,133.1,14.79,11.134,15.893,7.5,16.0
srv-0007,2026-08-26,35.5,46.2,42.5,59.8,67.8,65.0,241.9,594.6,133.1,108.9,12.1,7.153,18.073,4.8,16.5
srv-0007,2026-08-27,26.6,40.6,35.7,58.1,63.4,61.5,246.0,531.1,135.3,110.7,12.3,11.98,18.575,8.8,18.5
srv-0007,2026-08-28,35.2,50.4,45.1,60.5,69.1,66.1,307.8,729.0,169.3,138.5,15.39,11.569,21.641,8.0,15.1
srv-0007,2026-08-29,20.1,28.0,25.2,55.8,58.6,57.6,159.7,371.4,87.9,71.9,7.99,5.65,16.563,3.1,11.8
srv-0007,2026-08-30,24.4,38.8,33.7,56.9,62.0,60.2,198.9,365.2,109.4,89.5,9.95,5.298,14.344,2.1,10.8
srv-0007,2026-08-31,36.4,48.1,44.0,60.4,65.2,63.5,244.5,557.0,134.5,110.0,12.22,10.834,18.245,5.4,9.0
srv-0007,2026-09-01,35.7,52.1,46.3,59.8,65.6,63.6,288.6,786.2,158.7,129.9,14.43,14.181,22.873,7.7,14.3
srv-0007,2026-09-02,27.9,38.4,34.7,59.1,67.0,64.3,200.1,541.0,110.0,90.0,10.0,13.047,14.477,5.6,9.5
srv-0007,2026-09-03,27.0,45.4,38.9,58.2,67.8,64.4,242.7,645.6,133.5,109.2,12.14,6.752,26.658,3.7,24.8
srv-0007,2026-09-04,28.6,45.6,39.6,58.4,64.6,62.4,183.4,480.5,100.9,82.5,9.17,11.785,24.063,7.3,17.0
srv-0007,2026-09-05,17.7,45.5,35.8,55.9,67.6,63.5,117.9,563.9,64.9,53.1,5.9,16.024,23.804,8.2,12.2
srv-0007,2026-09-06,22.5,32.9,29.3,57.1,69.6,65.2,155.0,369.7,85.3,69.8,7.75,5.609,19.763,2.2,13.1
srv-0009,2026-08-08,16.4,26.5,23.0,40.7,45.6,43.9,647.3,1267.3,453.1,194.2,19.42,2.991,12.554,2.5,11.2
srv-0009,2026-08-09,16.2,24.4,21.5,41.2,47.8,45.5,766.2,1822.1,536.4,229.9,22.99,6.087,8.802,5.0,8.4
srv-0009,2026-08-10,30.3,44.2,39.3,44.0,47.7,46.4,1368.2,2775.1,957.7,410.4,41.04,5.194,17.694,3.6,9.7
srv-0009,2026-08-11,28.0,41.4,36.7,42.7,51.6,48.5,1112.2,2887.7,778.6,333.7,33.37,8.395,12.08,4.4,4.6
srv-0009,2026-08-12,31.0,49.4,43.0,43.3,46.6,45.5,1013.4,1938.6,709.4,304.0,30.4,6.667,13.053,2.5,9.2
srv-0009,2026-08-13,27.1,41.5,36.5,42.7,49.8,47.3,1119.4,3094.7,783.6,335.8,33.58,4.213,19.887,2.9,16.6
srv-0009,2026-08-14,27.0,38.4,34.4,42.8,46.3,45.1,1062.3,2164.2,743.6,318.7,31.87,6.947,19.478,5.6,7.3
srv-0009,2026-08-15,20.4,28.1,25.4,41.5,46.2,44.5,589.4,1365.8,412.6,176.8,17.68,5.843,12.032,5.3,9.8
srv-0009,2026-08-16,16.4,27.1,23.4,41.1,50.0,46.9,630.0,1446.5,441.0,189.0,18.9,3.723,18.333,1.4,18.2
srv-0009,2026-08-17,24.9,37.6,33.1,43.4,49.3,47.2,1094.0,2618.2,765.8,328.2,32.82,7.343,28.628,5.1,26.4
srv-0009,2026-08-18,32.4,45.1,40.6,44.2,53.9,50.5,1424.5,3643.0,997.2,427.4,42.74,9.362,30.88,4.5,23.9
srv-0009,2026-08-19,31.7,44.1,39.7,43.7,52.2,49.2,999.9,2349.5,699.9,300.0,30.0,5.798,14.312,4.4,12.1
srv-0009,2026-08-20,29.1,48.6,41.8,42.9,47.2,45.7,1152.2,3176.0,806.5,345.6,34.56,6.306,22.832,5.0,14.4
srv-0009,2026-08-21,27.3,73.1,57.1,42.5,46.8,45.3,711.3,3254.9,497.9,213.4,21.34,10.635,29.079,4.1,20.1
srv-0009,2026-08-22,15.9,24.8,21.7,40.6,45.3,43.6,707.8,1628.4,495.4,212.3,21.23,5.376,13.121,4.4,8.0
srv-0009,2026-08-23,18.9,31.6,27.1,41.2,49.4,46.5,796.8,1917.1,557.8,239.0,23.9,5.513,9.513,2.8,8.2
srv-0009,2026-08-24,26.1,32.8,30.5,42.7,45.0,44.2,920.8,2557.7,644.6,276.2,27.62,8.51,12.708,6.2,4.8
srv-0009,2026-08-25,26.5,35.9,32.6,44.0,49.2,47.4,1018.6,2406.7,713.0,305.6,30.56,8.451,26.956,6.1,12.7
srv-0009,2026-08-26,25.6,43.3,37.1,43.5,49.8,47.6,1230.8,2631.2,861.6,369.3,36.93,9.852,20.599,8.9,15.3
srv-0009,2026-08-27,32.1,45.1,40.5,43.8,47.6,46.2,903.3,2290.3,632.3,271.0,27.1,8.254,25.95,4.2,18.0
srv-0009,2026-08-28,25.8,36.7,32.9,42.5,48.7,46.5,1010.5,2414.7,707.3,303.1,30.31,7.782,23.409,5.5,14.4
srv-0009,2026-08-29,17.5,29.5,25.3,40.8,49.7,46.6,527.3,1465.5,369.1,158.2,15.82,4.958,16.963,4.5,10.2
srv-0009,2026-08-30,17.3,24.6,22.0,41.1,47.0,44.9,637.7,1340.5,446.4,191.3,19.13,3.518,9.725,2.5,8.9
srv-0009,2026-08-31,23.9,36.5,32.1,43.1,48.4,46.6,1085.4,2372.0,759.8,325.6,32.56,9.476,25.888,5.2,12.0
srv-0009,2026-09-01,22.6,30.4,27.7,42.9,52.3,49.0,1133.6,2595.6,793.5,340.1,34.01,8.628,18.309,4.6,8.5
srv-0009,2026-09-02,33.4,42.8,39.5,43.7,48.2,46.6,843.1,2347.8,590.2,252.9,25.29,7.69,19.049,6.9,12.6
srv-0009,2026-09-03,25.8,43.8,37.5,43.5,50.8,48.2,1077.1,2449.2,754.0,323.1,32.31,10.363,19.018,8.3,15.9
srv-0009,2026-09-04,25.0,39.2,34.2,43.1,46.9,45.6,751.1,2006.6,525.7,225.3,22.53,8.446,15.525,5.0,13.0
srv-0009,2026-09-05,21.7,27.7,25.6,41.4,48.2,45.8,661.6,1814.3,463.1,198.5,19.85,4.714,9.372,4.3,4.9
srv-0009,2026-09-06,17.0,24.7,22.0,40.7,49.5,46.4,742.8,2074.1,520.0,222.8,22.28,5.419,12.199,3.5,5.8
srv-0012,2026-08-08,28.6,35.8,33.3,44.5,51.5,49.0,172.0,400.2,94.6,77.4,8.6,2.178,5.448,1.0,4.7
srv-0012,2026-08-09,24.8,31.1,28.9,45.0,54.7,51.3,142.6,321.8,78.4,64.2,7.13,2.531,3.214,2.2,3.0
srv-0012,2026-08-10,38.3,59.7,52.2,46.0,49.0,47.9,182.6,480.4,100.4,82.2,9.13,2.943,5.279,2.5,3.4
srv-0012,2026-08-11,41.1,52.8,48.7,46.6,49.9,48.8,179.6,374.0,98.8,80.8,8.98,4.725,7.429,4.0,5.5
srv-0012,2026-08-12,43.1,73.0,62.6,47.4,53.5,51.4,218.3,585.0,120.1,98.2,10.92,3.084,4.685,1.6,3.0
srv-0012,2026-08-13,31.1,51.7,44.5,46.3,52.5,50.4,194.3,460.7,106.9,87.4,9.72,3.993,4.912,2.5,4.8
srv-0012,2026-08-14,40.6,59.1,52.6,46.6,51.3,49.6,249.1,580.2,137.0,112.1,12.45,3.289,5.138,1.8,4.1
srv-0012,2026-08-15,20.1,31.7,27.6,44.0,52.5,49.5,123.7,270.6,68.0,55.7,6.19,2.437,3.303,2.1,1.5
srv-0012,2026-08-16,23.9,37.1,32.5,43.9,52.4,49.4,125.3,312.9,68.9,56.4,6.27,2.723,3.687,2.2,3.2
srv-0012,2026-08-17,37.8,58.7,51.4,47.6,52.1,50.5,218.0,480.5,119.9,98.1,10.9,5.479,7.328,3.2,4.0
srv-0012,2026-08-18,38.0,59.1,51.7,47.8,52.6,50.9,302.3,845.0,166.3,136.0,15.11,4.242,5.768,1.9,3.5
srv-0012,2026-08-19,45.2,56.8,52.7,47.2,52.3,50.5,264.7,682.8,145.6,119.1,13.23,3.813,6.501,1.5,3.6
srv-0012,2026-08-20,45.1,60.1,54.8,47.4,57.4,53.9,177.1,348.7,97.4,79.7,8.86,5.414,4.665,3.8,3.4
srv-0012,2026-08-21,37.9,53.9,48.3,46.2,50.2,48.8,240.6,560.7,132.3,108.3,12.03,2.585,5.858,1.6,3.5
srv-0012,2026-08-22,27.1,35.5,32.5,45.1,48.3,47.2,179.2,476.6,98.5,80.6,8.96,2.25,5.343,1.7,3.7
srv-0012,2026-08-23,27.2,90.5,68.4,44.8,53.2,50.2,186.8,1020.7,102.8,84.1,9.34,5.384,9.418,2.3,8.6
srv-0012,2026-08-24,43.4,58.9,53.5,47.6,51.5,50.1,236.7,534.0,130.2,106.5,11.84,5.259,9.3,4.2,4.7
srv-0012,2026-08-25,36.2,58.5,50.7,47.0,52.0,50.2,210.9,528.7,116.0,94.9,10.55,4.347,4.958,2.1,4.1
srv-0012,2026-08-26,37.8,61.5,53.2,46.4,54.6,51.7,232.8,646.1,128.1,104.8,11.64,4.499,4.018,4.0,3.5
srv-0012,2026-08-27,37.2,56.5,49.8,47.5,51.9,50.4,292.3,632.1,160.8,131.5,14.61,4.359,6.276,3.1,5.1
srv-0012,2026-08-28,37.5,56.3,49.7,46.5,56.1,52.7,187.8,444.4,103.3,84.5,9.39,2.705,8.037,1.2,5.4
srv-0012,2026-08-29,21.4,36.2,31.0,44.1,52.0,49.3,133.4,280.5,73.4,60.0,6.67,1.738,3.829,0.7,3.4
srv-0012,2026-08-30,22.3,33.3,29.4,44.0,48.2,46.7,154.8,283.7,85.2,69.7,7.74,2.069,4.09,1.1,3.3
srv-0012,2026-08-31,41.3,56.8,51.4,47.8,51.7,50.3,270.4,742.5,148.7,121.7,13.52,3.058,9.103,2.5,6.8
srv-0012,2026-09-01,47.5,73.1,64.1,47.5,51.5,50.1,217.9,511.5,119.8,98.1,10.89,2.738,4.205,1.8,2.3
srv-0012,2026-09-02,33.3,46.7,42.0,46.0,48.5,47.6,185.3,506.4,101.9,83.4,9.26,4.415,6.865,1.7,2.9
srv-0012,2026-09-03,34.9,57.2,49.4,47.0,49.4,48.6,227.3,582.7,125.0,102.3,11.37,3.266,5.429,1.5,5.1
srv-0012,2026-09-04,41.7,56.7,51.4,47.9,53.1,51.3,302.2,748.6,166.2,136.0,15.11,3.478,4.986,3.1,3.9
srv-0012,2026-09-05,29.3,48.1,41.6,44.6,48.7,47.3,147.0,294.9,80.9,66.2,7.35,2.914,5.556,2.4,3.6
srv-0012,2026-09-06,31.9,45.3,40.6,45.0,48.6,47.3,142.9,387.8,78.6,64.3,7.14,1.747,5.566,1.2,4.2
srv-0014,2026-08-08,19.2,28.3,25.1,81.5,95.0,90.3,10387.5,21975.6,7271.3,3116.3,311.63,1.848,2.26,0.9,1.6
srv-0014,2026-08-09,19.5,24.8,23.0,80.2,97.8,91.6,9436.6,19321.1,6605.6,2831.0,283.1,1.752,1.077,1.0,0.7
srv-0014,2026-08-10,31.4,41.0,37.7,84.9,97.5,93.1,11533.6,25421.4,8073.5,3460.1,346.01,2.421,3.068,1.1,2.2
srv-0014,2026-08-11,23.0,33.8,30.0,83.5,93.3,89.9,15730.0,29574.6,11011.0,4719.0,471.9,3.137,2.161,2.0,1.9
srv-0014,2026-08-12,28.5,43.7,38.3,84.5,99,93.9,18032.5,35711.2,12622.8,5409.8,540.98,4.004,2.58,3.7,1.2
srv-0014,2026-08-13,31.6,87.8,68.1,86.6,99,94.7,20035.1,76902.2,14024.6,6010.5,601.05,8.512,5.06,4.2,4.0
srv-0014,2026-08-14,28.5,37.2,34.2,83.9,99,93.7,16495.3,43335.2,11546.7,4948.6,494.86,2.817,1.989,1.8,1.7
srv-0014,2026-08-15,22.2,36.7,31.6,81.1,91.1,87.6,11384.9,26697.5,7969.4,3415.5,341.55,2.911,1.35,1.8,1.3
srv-0014,2026-08-16,19.4,30.2,26.4,80.1,90.6,87.0,9512.9,22663.1,6659.0,2853.9,285.39,2.168,1.374,2.0,1.1
srv-0014,2026-08-17,24.9,35.9,32.1,83.5,89.2,87.2,13057.3,32346.8,9140.1,3917.2,391.72,3.847,1.473,2.9,1.5
srv-0014,2026-08-18,29.8,38.3,35.3,86.1,95.5,92.2,16600.1,31874.7,11620.1,4980.0,498.0,3.884,3.078,3.5,1.3
srv-0014,2026-08-19,32.6,55.1,47.2,85.4,99,94.3,19327.1,46962.4,13529.0,5798.1,579.81,2.788,2.638,1.8,1.8
srv-0014,2026-08-20,31.0,42.7,38.6,86.0,99,94.5,15005.2,31399.9,10503.6,4501.5,450.15,4.499,2.699,2.3,2.4
srv-0014,2026-08-21,30.9,46.3,40.9,87.0,95.3,92.4,18815.0,45840.4,13170.5,5644.5,564.45,2.624,2.084,2.4,1.5
srv-0014,2026-08-22,21.4,29.6,26.7,81.5,96.7,91.4,9467.5,17382.6,6627.2,2840.2,284.02,1.577,1.657,1.0,1.0
srv-0014,2026-08-23,20.6,33.1,28.7,80.4,94.9,89.8,10957.0,28952.8,7669.9,3287.1,328.71,1.889,1.536,0.7,1.1
srv-0014,2026-08-24,29.5,40.2,36.5,83.5,94.2,90.4,10893.6,30275.3,7625.5,3268.1,326.81,3.806,2.207,1.9,1.9
srv-0014,2026-08-25,24.1,38.7,33.6,84.1,99,93.8,16344.5,32330.3,11441.1,4903.3,490.33,3.156,2.581,2.4,2.2
srv-0014,2026-08-26,33.2,92.8,72.0,86.7,94.2,91.6,15156.8,64369.5,10609.7,4547.0,454.7,5.722,3.004,4.7,2.3
srv-0014,2026-08-27,32.7,81.0,64.1,84.8,93.5,90.5,15844.5,62885.2,11091.2,4753.4,475.34,4.132,4.985,1.8,2.9
srv-0014,2026-08-28,26.7,35.6,32.5,83.7,98.7,93.5,13643.4,33631.4,9550.4,4093.0,409.3,2.874,2.222,2.4,2.0
srv-0014,2026-08-29,16.4,21.9,20.0,80.4,86.0,84.0,9094.4,24517.6,6366.1,2728.3,272.83,2.166,1.167,1.6,0.4
srv-0014,2026-08-30,21.7,29.2,26.6,81.0,89.7,86.6,9747.7,24979.4,6823.4,2924.3,292.43,2.142,1.196,1.1,0.8
srv-0014,2026-08-31,37.3,50.1,45.6,86.8,99,94.7,17294.5,48344.3,12106.2,5188.4,518.84,4.279,2.223,2.5,1.1
srv-0014,2026-09-01,27.4,36.4,33.3,84.9,92.2,89.7,18027.6,48025.0,12619.3,5408.3,540.83,2.504,3.109,1.9,2.6
srv-0014,2026-09-02,25.8,38.7,34.1,84.5,90.9,88.6,13018.7,31407.7,9113.1,3905.6,390.56,3.927,2.591,3.3,2.3
srv-0014,2026-09-03,24.8,41.4,35.6,83.6,96.6,92.1,16380.7,32786.2,11466.5,4914.2,491.42,3.182,1.899,2.3,1.9
srv-0014,2026-09-04,28.3,44.7,39.0,83.6,94.2,90.5,13196.4,25194.7,9237.5,3958.9,395.89,2.666,2.622,1.7,2.2
srv-0014,2026-09-05,19.1,30.2,26.3,80.0,95.2,89.9,9812.5,19730.1,6868.7,2943.7,294.37,2.122,1.098,1.4,0.4
srv-0014,2026-09-06,16.1,24.4,21.5,80.2,96.7,90.9,10795.3,29540.5,7556.7,3238.6,323.86,2.281,0.965,1.2,0.9
srv-0016,2026-08-08,18.2,29.6,25.6,55.3,62.3,59.8,19.8,48.9,10.9,8.9,0.99,1.409,10.435,1.3,6.4
srv-0016,2026-08-09,14.9,19.9,18.1,54.6,60.7,58.5,16.1,33.1,8.8,7.2,0.8,0.948,5.068,0.7,4.6
srv-0016,2026-08-10,24.8,38.9,34.0,57.8,70.3,65.9,30.8,85.9,16.9,13.9,1.54,2.191,6.81,1.3,3.1
srv-0016,2026-08-11,27.0,40.9,36.0,58.3,63.5,61.7,29.7,59.4,16.3,13.4,1.48,1.226,10.762,1.1,8.0
srv-0016,2026-08-12,27.1,41.1,36.2,57.0,63.6,61.3,17.8,39.7,9.8,8.0,0.89,1.568,11.056,0.9,8.5
srv-0016,2026-08-13,32.8,48.5,43.0,58.8,61.8,60.7,25.7,70.0,14.1,11.6,1.28,2.093,11.318,1.6,10.7
srv-0016,2026-08-14,26.2,36.3,32.7,57.9,65.5,62.8,31.2,70.4,17.2,14.0,1.56,1.881,12.064,1.4,10.0
srv-0016,2026-08-15,17.3,28.6,24.7,54.7,57.9,56.8,18.6,49.6,10.2,8.4,0.93,1.015,7.969,0.4,7.0
srv-0016,2026-08-16,19.2,61.0,46.4,54.8,59.1,57.6,17.9,85.7,9.8,8.0,0.89,2.037,13.448,1.9,13.0
srv-0016,2026-08-17,33.4,48.9,43.5,58.8,66.5,63.8,35.0,83.0,19.2,15.7,1.75,1.696,8.047,1.0,5.7
srv-0016,2026-08-18,31.7,39.8,37.0,58.5,63.3,61.6,24.9,59.9,13.7,11.2,1.24,2.22,9.024,2.0,5.5
srv-0016,2026-08-19,26.5,37.8,33.9,58.7,66.5,63.8,33.8,74.9,18.6,15.2,1.69,1.576,12.224,0.8,12.1
srv-0016,2026-08-20,29.2,44.2,39.0,57.5,61.6,60.1,22.5,58.5,12.4,10.1,1.12,1.515,11.85,1.3,8.1
srv-0016,2026-08-21,21.4,34.4,29.9,56.9,63.8,61.4,20.9,44.7,11.5,9.4,1.04,1.067,13.282,0.8,9.7
srv-0016,2026-08-22,18.0,23.6,21.6,54.3,62.6,59.7,17.9,40.7,9.9,8.1,0.9,1.271,5.298,0.5,4.4
srv-0016,2026-08-23,21.8,30.1,27.2,55.4,59.6,58.1,15.7,43.1,8.6,7.1,0.78,1.595,9.396,1.0,5.5
srv-0016,2026-08-24,23.6,35.2,31.1,56.5,68.6,64.4,19.5,49.4,10.7,8.8,0.97,1.861,11.157,1.5,5.8
srv-0016,2026-08-25,26.9,36.8,33.3,57.6,63.8,61.6,25.3,60.1,13.9,11.4,1.26,2.17,14.208,1.8,11.2
srv-0016,2026-08-26,23.4,30.0,27.7,56.9,65.0,62.2,29.1,70.5,16.0,13.1,1.46,1.01,10.046,0.6,7.0
srv-0016,2026-08-27,28.3,48.0,41.1,58.9,70.0,66.1,25.9,68.6,14.2,11.7,1.3,1.976,13.689,1.7,12.7
srv-0016,2026-08-28,23.1,37.6,32.5,56.5,66.1,62.7,20.4,49.8,11.2,9.2,1.02,1.145,12.348,0.9,6.5
srv-0016,2026-08-29,19.7,26.5,24.1,55.3,67.1,62.9,18.0,41.4,9.9,8.1,0.9,0.961,8.211,0.4,3.7
srv-0016,2026-08-30,19.5,33.0,28.3,55.1,57.8,56.9,20.2,36.4,11.1,9.1,1.01,1.048,5.591,0.9,3.7
srv-0016,2026-08-31,27.8,37.0,33.8,57.7,62.3,60.7,26.2,64.2,14.4,11.8,1.31,2.136,11.07,1.4,6.9
srv-0016,2026-09-01,24.5,32.7,29.8,56.6,66.8,63.2,18.4,41.6,10.1,8.3,0.92,1.188,7.905,0.6,6.9
srv-0016,2026-09-02,22.3,32.5,28.9,57.3,64.2,61.8,27.7,75.6,15.3,12.5,1.39,1.084,12.669,0.8,5.0
srv-0016,2026-09-03,22.4,31.5,28.3,56.5,68.2,64.1,24.5,46.1,13.5,11.0,1.22,1.108,11.158,0.5,4.7
srv-0016,2026-09-04,29.9,41.1,37.2,58.7,66.8,64.0,31.2,75.9,17.2,14.0,1.56,2.37,8.302,1.7,6.1
srv-0016,2026-09-05,13.2,19.6,17.3,53.9,64.9,61.0,14.0,30.3,7.7,6.3,0.7,0.754,6.873,0.5,3.4
srv-0016,2026-09-06,16.5,23.8,21.3,54.7,60.8,58.7,18.5,50.4,10.2,8.3,0.92,1.037,6.622,0.5,5.5
srv-0017,2026-08-08,4.7,6.9,6.1,46.3,56.4,52.9,53.3,124.5,29.3,24.0,2.67,1.494,7.484,0.8,4.0
srv-0017,2026-08-09,4.9,8.2,7.1,46.8,54.4,51.8,64.1,119.4,35.2,28.8,3.2,1.178,7.968,0.7,4.8
srv-0017,2026-08-10,7.2,26.6,19.8,48.4,58.9,55.2,116.8,619.9,64.2,52.5,5.84,3.631,23.284,1.4,14.7
srv-0017,2026-08-11,7.4,26.6,19.9,49.7,59.4,56.0,130.3,758.4,71.7,58.6,6.51,3.16,39.876,1.3,31.5
srv-0017,2026-08-12,5.6,18.6,14.1,48.1,51.4,50.2,105.5,439.0,58.0,47.5,5.28,2.424,26.311,1.4,24.4
srv-0017,2026-08-13,7.0,11.7,10.0,49.6,56.6,54.2,130.4,311.6,71.7,58.7,6.52,1.506,10.389,1.1,9.6
srv-0017,2026-08-14,5.8,9.6,8.2,48.0,51.6,50.3,102.5,187.2,56.4,46.1,5.12,1.453,10.535,0.6,7.9
srv-0017,2026-08-15,5.2,8.5,7.3,46.6,52.7,50.6,59.9,110.2,32.9,26.9,2.99,1.027,9.439,0.5,5.3
srv-0017,2026-08-16,5.1,8.2,7.1,47.1,53.5,51.3,77.2,144.5,42.5,34.7,3.86,1.731,9.456,0.8,9.3
srv-0017,2026-08-17,6.5,8.9,8.1,48.8,58.5,55.1,111.4,210.9,61.3,50.1,5.57,1.591,7.601,1.2,5.0
srv-0017,2026-08-18,6.8,9.2,8.4,49.6,55.2,53.2,99.8,270.8,54.9,44.9,4.99,2.472,10.921,1.0,8.9
srv-0017,2026-08-19,6.3,10.3,8.9,48.5,56.8,53.9,80.9,168.2,44.5,36.4,4.05,1.591,13.82,1.1,10.5
srv-0017,2026-08-20,6.8,9.7,8.7,48.1,56.3,53.5,75.4,154.3,41.5,34.0,3.77,1.513,8.024,1.1,6.5
srv-0017,2026-08-21,8.0,11.0,10.0,49.2,55.0,52.9,99.4,270.6,54.7,44.8,4.97,1.513,15.852,1.4,15.2
srv-0017,2026-08-22,3.6,5.0,4.5,45.8,48.4,47.5,57.4,146.6,31.6,25.8,2.87,1.306,7.702,0.7,4.6
srv-0017,2026-08-23,4.5,5.7,5.3,46.2,50.5,49.0,54.1,113.5,29.7,24.3,2.7,1.014,7.603,0.9,3.0
srv-0017,2026-08-24,6.3,8.2,7.5,48.4,58.6,55.0,82.5,179.3,45.4,37.1,4.13,2.244,9.045,1.9,8.9
srv-0017,2026-08-25,7.3,9.3,8.6,49.2,57.3,54.5,80.4,178.2,44.2,36.2,4.02,2.008,11.216,0.8,8.7
srv-0017,2026-08-26,8.0,11.2,10.1,49.9,53.4,52.2,117.9,266.2,64.8,53.0,5.89,1.456,11.132,0.8,4.1
srv-0017,2026-08-27,6.8,10.1,8.9,48.5,53.6,51.8,77.1,203.1,42.4,34.7,3.86,1.581,14.63,0.7,14.1
srv-0017,2026-08-28,7.0,11.3,9.8,48.7,55.1,52.9,122.7,251.7,67.5,55.2,6.13,2.449,11.824,2.1,10.6
srv-0017,2026-08-29,3.8,5.0,4.6,45.8,53.8,51.0,53.1,129.8,29.2,23.9,2.66,0.874,4.898,0.5,3.1
srv-0017,2026-08-30,4.4,5.9,5.4,46.1,50.6,49.0,75.1,207.0,41.3,33.8,3.75,0.75,8.21,0.7,3.6
srv-0017,2026-08-31,6.7,11.0,9.5,48.5,59.0,55.3,79.4,197.6,43.7,35.7,3.97,1.224,7.435,0.6,3.6
srv-0017,2026-09-01,6.9,9.2,8.4,48.8,57.5,54.4,106.8,281.6,58.7,48.1,5.34,1.446,13.913,1.3,11.0
srv-0017,2026-09-02,6.5,8.7,7.9,48.8,55.3,53.1,87.0,172.0,47.8,39.1,4.35,2.176,11.323,1.1,5.1
srv-0017,2026-09-03,6.2,9.5,8.4,48.3,53.5,51.7,96.8,227.4,53.3,43.6,4.84,1.492,6.894,1.3,5.9
srv-0017,2026-09-04,6.3,10.6,9.1,49.1,58.7,55.3,113.4,219.0,62.4,51.0,5.67,2.267,7.46,1.6,2.8
srv-0017,2026-09-05,3.9,5.8,5.1,46.4,51.2,49.5,80.9,209.4,44.5,36.4,4.04,0.792,7.877,0.6,5.2
srv-0017,2026-09-06,4.3,6.8,5.9,46.4,56.5,53.0,79.5,153.0,43.7,35.8,3.97,0.889,8.894,0.5,4.2
srv-0018,2026-08-08,3.9,4.9,4.6,79.4,93.1,88.3,198.6,541.3,109.2,89.4,9.93,3.53,3.66,2.6,1.7
srv-0018,2026-08-09,4.3,7.1,6.2,79.0,86.2,83.7,189.5,384.6,104.2,85.3,9.48,3.55,1.606,1.4,1.1
srv-0018,2026-08-10,5.9,9.3,8.1,80.9,93.0,88.8,190.4,454.4,104.7,85.7,9.52,3.609,2.261,1.6,1.3
srv-0018,2026-08-11,5.2,6.7,6.2,81.8,88.0,85.8,167.5,309.2,92.1,75.4,8.37,2.715,4.172,1.2,3.2
srv-0018,2026-08-12,5.1,7.3,6.6,81.3,87.7,85.5,209.3,507.7,115.1,94.2,10.46,4.649,2.042,3.8,1.6
srv-0018,2026-08-13,6.9,21.1,16.2,83.7,92.3,89.3,283.7,1218.1,156.0,127.7,14.18,6.2,6.472,3.0,5.8
srv-0018,2026-08-14,5.8,8.1,7.3,82.3,97.5,92.2,243.1,474.1,133.7,109.4,12.15,2.86,4.633,1.9,1.8
srv-0018,2026-08-15,3.7,5.6,4.9,78.3,85.1,82.7,118.8,267.0,65.3,53.5,5.94,2.207,2.841,1.7,2.4
srv-0018,2026-08-16,3.2,4.9,4.3,77.7,89.0,85.0,156.6,398.9,86.1,70.5,7.83,1.909,1.378,1.5,1.1
srv-0018,2026-08-17,6.3,8.5,7.7,83.9,99,93.7,196.3,476.7,107.9,88.3,9.81,6.109,4.691,5.2,2.5
srv-0018,2026-08-18,6.1,10.0,8.6,81.3,85.5,84.1,242.5,559.7,133.4,109.1,12.12,4.944,3.558,2.9,3.1
srv-0018,2026-08-19,6.1,8.6,7.8,81.4,92.0,88.3,178.2,393.0,98.0,80.2,8.91,2.485,3.992,1.9,2.6
srv-0018,2026-08-20,6.4,9.8,8.6,81.5,85.8,84.3,214.5,480.0,118.0,96.5,10.73,2.814,3.49,1.1,2.8
srv-0018,2026-08-21,5.6,8.5,7.5,81.1,92.1,88.2,193.7,471.7,106.6,87.2,9.69,3.556,3.682,2.4,2.0
srv-0018,2026-08-22,3.2,4.8,4.2,77.2,93.4,87.7,140.2,335.6,77.1,63.1,7.01,3.199,2.398,1.5,1.8
srv-0018,2026-08-23,3.7,6.1,5.3,77.3,86.5,83.2,133.0,319.9,73.2,59.9,6.65,3.248,1.348,1.9,1.0
srv-0018,2026-08-24,6.4,9.3,8.3,83.8,92.4,89.4,219.0,505.5,120.5,98.6,10.95,5.695,3.185,2.6,3.0
srv-0018,2026-08-25,6.2,7.9,7.3,81.9,91.1,87.9,187.0,465.2,102.8,84.1,9.35,3.085,2.471,2.4,2.0
srv-0018,2026-08-26,6.8,10.6,9.3,84.0,90.0,87.9,259.9,688.2,143.0,117.0,13.0,3.105,5.517,1.9,3.7
srv-0018,2026-08-27,6.3,9.4,8.3,81.6,89.7,86.9,171.6,452.7,94.4,77.2,8.58,4.787,2.988,3.7,1.7
srv-0018,2026-08-28,6.5,8.4,7.7,82.5,99,93.2,259.2,488.4,142.5,116.6,12.96,4.34,4.629,2.2,4.2
srv-0018,2026-08-29,3.9,5.1,4.7,78.7,85.7,83.3,155.8,345.4,85.7,70.1,7.79,2.717,2.934,1.8,1.5
srv-0018,2026-08-30,3.7,6.1,5.2,78.7,83.5,81.8,132.2,326.6,72.7,59.5,6.61,2.908,2.319,1.6,2.2
srv-0018,2026-08-31,6.7,9.9,8.8,82.5,89.4,87.0,166.2,414.2,91.4,74.8,8.31,5.197,2.419,4.8,2.3
srv-0018,2026-09-01,7.5,12.2,10.5,84.2,97.4,92.8,235.0,505.9,129.2,105.7,11.75,3.402,4.112,1.9,2.8
srv-0018,2026-09-02,5.9,7.9,7.2,82.9,88.5,86.6,167.7,350.7,92.2,75.5,8.38,5.382,4.648,3.5,2.1
srv-0018,2026-09-03,6.5,8.2,7.6,82.5,94.1,90.1,187.3,456.2,103.0,84.3,9.36,3.387,4.678,2.5,2.1
srv-0018,2026-09-04,4.6,7.7,6.7,80.8,95.4,90.3,213.6,598.0,117.5,96.1,10.68,2.567,3.108,1.8,2.3
srv-0018,2026-09-05,2.9,4.6,4.0,77.1,92.7,87.2,138.6,364.5,76.2,62.4,6.93,2.979,1.406,2.3,1.2
srv-0018,2026-09-06,4.3,6.3,5.6,78.7,92.4,87.6,153.1,415.2,84.2,68.9,7.65,2.41,3.089,1.6,3.1
srv-0019,2026-08-08,7.9,12.5,10.9,29.3,35.4,33.3,578.0,1429.8,317.9,260.1,28.9,4.743,1.626,3.1,1.5
srv-0019,2026-08-09,8.2,10.8,9.9,29.5,34.6,32.8,606.5,1276.5,333.6,272.9,30.33,3.655,2.154,3.2,1.1
srv-0019,2026-08-10,9.0,25.7,19.9,30.1,34.6,33.0,753.8,3865.9,414.6,339.2,37.69,8.03,5.003,5.8,3.9
srv-0019,2026-08-11,11.9,18.8,16.4,31.5,35.8,34.3,1001.9,2782.2,551.1,450.9,50.1,5.127,4.901,4.6,3.7
srv-0019,2026-08-12,13.6,20.3,17.9,31.0,34.6,33.3,702.9,1897.3,386.6,316.3,35.14,6.043,2.703,4.8,2.5
srv-0019,2026-08-13,12.9,18.0,16.2,30.6,34.6,33.2,856.6,1641.7,471.1,385.5,42.83,5.116,2.106,4.0,1.1
srv-0019,2026-08-14,12.4,20.4,17.6,31.1,37.0,34.9,1018.2,2692.7,560.0,458.2,50.91,8.071,3.185,5.0,2.5
srv-0019,2026-08-15,8.2,10.7,9.8,29.3,32.6,31.5,493.2,1263.6,271.2,221.9,24.66,4.31,2.767,3.6,1.2
srv-0019,2026-08-16,8.3,11.3,10.3,29.2,34.1,32.4,405.5,810.0,223.0,182.5,20.27,3.319,2.887,2.6,1.2
srv-0019,2026-08-17,11.5,19.4,16.6,30.5,36.2,34.2,816.5,1771.8,449.1,367.4,40.82,3.728,4.223,3.3,3.7
srv-0019,2026-08-18,10.6,14.8,13.3,30.2,31.9,31.3,603.2,1636.2,331.8,271.5,30.16,5.959,3.979,2.6,2.7
srv-0019,2026-08-19,11.6,16.8,15.0,30.4,36.9,34.6,678.3,1521.0,373.1,305.2,33.92,3.286,3.423,1.3,3.0
srv-0019,2026-08-20,9.7,14.3,12.7,30.1,34.6,33.0,503.6,1325.3,277.0,226.6,25.18,5.371,2.817,3.0,2.4
srv-0019,2026-08-21,11.8,31.3,24.5,30.9,33.4,32.5,876.9,3635.1,482.3,394.6,43.84,14.211,6.089,5.9,5.2
srv-0019,2026-08-22,9.4,14.8,12.9,29.5,32.6,31.5,458.5,1001.7,252.2,206.3,22.93,3.42,3.061,1.4,1.2
srv-0019,2026-08-23,6.2,8.8,7.9,28.8,32.1,31.0,339.5,672.5,186.7,152.8,16.98,2.428,2.488,2.0,1.2
srv-0019,2026-08-24,11.5,15.0,13.8,30.2,33.2,32.2,612.1,1421.5,336.7,275.5,30.61,5.57,3.868,2.4,2.3
srv-0019,2026-08-25,11.1,15.1,13.7,31.0,33.2,32.4,832.8,1687.2,458.0,374.8,41.64,4.328,2.67,1.9,2.1
srv-0019,2026-08-26,10.3,16.4,14.3,30.5,34.8,33.3,586.0,1064.5,322.3,263.7,29.3,5.808,1.998,4.1,1.8
srv-0019,2026-08-27,10.0,14.2,12.7,30.3,34.0,32.7,516.9,1007.1,284.3,232.6,25.84,5.395,1.937,4.9,0.7
srv-0019,2026-08-28,10.6,17.4,15.0,30.5,34.2,32.9,781.8,2173.1,430.0,351.8,39.09,5.983,2.866,2.8,2.0
srv-0019,2026-08-29,6.2,9.6,8.4,29.0,31.3,30.5,468.4,861.2,257.6,210.8,23.42,3.995,1.268,2.2,0.9
srv-0019,2026-08-30,8.1,13.7,11.7,29.2,35.0,33.0,515.9,1174.3,283.8,232.2,25.8,4.621,2.286,2.8,1.1
srv-0019,2026-08-31,13.2,18.5,16.7,31.3,33.2,32.6,837.7,2261.3,460.7,377.0,41.88,4.21,4.485,3.5,2.0
srv-0019,2026-09-01,11.2,14.4,13.2,30.7,35.6,33.9,787.2,2076.4,433.0,354.2,39.36,6.129,3.04,5.2,2.2
srv-0019,2026-09-02,13.4,19.6,17.4,30.8,37.4,35.1,826.7,1654.8,454.7,372.0,41.33,7.681,2.158,3.7,1.4
srv-0019,2026-09-03,10.5,16.4,14.4,30.8,33.5,32.6,739.4,1963.9,406.7,332.7,36.97,5.005,2.901,2.9,2.6
srv-0019,2026-09-04,11.9,39.6,29.9,31.2,37.2,35.1,666.0,3120.0,366.3,299.7,33.3,13.777,6.022,11.5,4.8
srv-0019,2026-09-05,6.7,9.2,8.3,29.1,34.8,32.8,575.5,1389.4,316.5,259.0,28.77,3.672,2.907,2.4,2.7
srv-0019,2026-09-06,6.4,10.5,9.1,28.8,33.6,31.9,360.9,863.0,198.5,162.4,18.05,3.596,1.853,3.1,1.2
srv-0020,2026-08-08,5.5,7.3,6.6,28.9,30.6,30.0,94.1,220.9,51.7,42.3,4.7,2.27,1.165,1.3,0.6
srv-0020,2026-08-09,5.7,8.9,7.8,28.9,33.9,32.1,118.0,261.7,64.9,53.1,5.9,2.242,1.812,1.9,1.4
srv-0020,2026-08-10,8.0,10.5,9.6,30.1,35.6,33.7,143.4,396.0,78.9,64.5,7.17,2.633,2.454,2.1,1.2
srv-0020,2026-08-11,8.8,14.7,12.6,30.2,35.7,33.8,120.4,264.2,66.2,54.2,6.02,2.823,2.635,1.7,1.9
srv-0020,2026-08-12,12.7,17.6,15.9,31.2,34.7,33.5,229.3,486.4,126.1,103.2,11.46,3.278,2.133,2.6,1.0
srv-0020,2026-08-13,11.4,15.5,14.1,31.2,33.1,32.5,163.3,434.5,89.8,73.5,8.16,2.409,2.086,1.6,2.1
srv-0020,2026-08-14,10.7,13.5,12.5,31.2,33.7,32.8,203.6,567.0,112.0,91.6,10.18,2.447,3.085,1.4,1.6
srv-0020,2026-08-15,6.1,9.2,8.1,29.0,32.4,31.2,125.1,257.8,68.8,56.3,6.26,2.313,1.549,1.0,0.7
srv-0020,2026-08-16,6.7,9.2,8.4,29.1,31.3,30.5,131.7,322.9,72.5,59.3,6.59,1.637,1.273,0.9,0.9
srv-0020,2026-08-17,12.0,15.6,14.3,31.4,36.0,34.4,230.6,438.9,126.8,103.8,11.53,4.642,3.26,4.1,1.3
srv-0020,2026-08-18,9.9,12.9,11.8,30.2,35.7,33.8,174.3,402.8,95.9,78.4,8.72,1.918,2.537,1.4,1.8
srv-0020,2026-08-19,10.0,16.1,14.0,30.3,36.0,34.0,189.9,371.5,104.5,85.5,9.5,3.466,2.088,1.7,1.4
srv-0020,2026-08-20,10.1,31.0,23.7,30.4,33.8,32.6,170.1,932.0,93.6,76.5,8.51,7.283,5.482,3.2,3.2
srv-0020,2026-08-21,12.2,17.2,15.5,30.8,36.6,34.6,161.8,444.9,89.0,72.8,8.09,2.328,3.615,2.1,2.8
srv-0020,2026-08-22,6.3,8.1,7.5,29.1,33.1,31.7,132.8,296.0,73.0,59.7,6.64,1.609,1.26,0.8,0.6
srv-0020,2026-08-23,6.7,9.8,8.7,28.9,34.0,32.2,94.3,201.8,51.9,42.4,4.72,1.272,1.418,0.6,0.7
srv-0020,2026-08-24,8.3,11.4,10.3,30.2,35.9,33.9,189.2,383.1,104.1,85.2,9.46,3.374,2.84,1.3,2.8
srv-0020,2026-08-25,9.2,12.5,11.4,30.4,33.7,32.5,125.4,328.7,69.0,56.4,6.27,2.548,1.682,1.9,1.4
srv-0020,2026-08-26,8.3,12.0,10.7,30.2,32.6,31.8,138.7,308.2,76.3,62.4,6.94,2.726,2.333,2.2,1.3
srv-0020,2026-08-27,8.7,13.1,11.6,30.3,36.6,34.4,191.1,512.6,105.1,86.0,9.55,2.003,2.315,1.6,2.0
srv-0020,2026-08-28,11.6,19.1,16.5,31.0,36.9,34.8,160.8,296.9,88.5,72.4,8.04,4.276,1.862,2.1,1.3
srv-0020,2026-08-29,8.5,11.1,10.2,29.6,34.1,32.5,152.6,323.4,83.9,68.7,7.63,2.589,2.161,1.8,1.5
srv-0020,2026-08-30,7.9,10.8,9.8,29.5,34.5,32.7,115.9,290.7,63.7,52.2,5.79,2.372,2.099,2.0,1.5
srv-0020,2026-08-31,9.6,12.5,11.5,30.2,34.6,33.0,159.4,294.8,87.7,71.7,7.97,1.968,2.905,1.0,2.7
srv-0020,2026-09-01,9.2,15.2,13.1,30.2,34.5,33.0,186.3,515.4,102.5,83.8,9.31,1.793,2.312,1.0,1.9
srv-0020,2026-09-02,9.7,15.0,13.1,30.1,34.9,33.2,132.1,341.3,72.6,59.4,6.6,2.591,3.035,1.3,2.4
srv-0020,2026-09-03,9.6,12.8,11.7,30.3,34.0,32.7,152.7,391.8,84.0,68.7,7.63,2.382,2.114,1.4,1.2
srv-0020,2026-09-04,13.0,18.9,16.9,31.1,34.5,33.3,168.8,418.3,92.9,76.0,8.44,2.289,2.641,2.0,2.5
srv-0020,2026-09-05,7.0,10.4,9.2,29.1,30.7,30.1,107.1,296.4,58.9,48.2,5.36,1.535,1.103,0.7,0.7
srv-0020,2026-09-06,7.1,9.9,8.9,28.9,32.5,31.2,113.3,267.4,62.3,51.0,5.66,1.695,2.09,0.7,2.0
srv-0021,2026-08-08,31.0,48.3,42.3,30.2,35.4,33.6,1274.2,2747.3,891.9,382.3,38.23,3.301,1.771,1.9,1.4
srv-0021,2026-08-09,29.1,44.7,39.2,30.1,35.4,33.6,1297.4,2358.8,908.2,389.2,38.92,2.432,1.543,2.2,1.3
srv-0021,2026-08-10,36.9,61.6,53.0,31.9,38.5,36.2,1931.4,5393.3,1351.9,579.4,57.94,4.823,2.045,2.3,1.5
srv-0021,2026-08-11,38.1,64.8,55.5,31.3,35.0,33.7,1376.6,3469.6,963.6,413.0,41.3,2.686,1.589,2.2,1.4
srv-0021,2026-08-12,47.8,62.6,57.4,32.1,37.1,35.3,1296.4,3164.9,907.5,388.9,38.89,3.586,3.147,1.9,3.1
srv-0021,2026-08-13,37.8,61.4,53.1,30.9,32.5,31.9,1037.4,2005.0,726.2,311.2,31.12,2.199,1.778,1.6,1.4
srv-0021,2026-08-14,38.7,48.8,45.3,31.9,38.8,36.4,1675.4,3210.8,1172.8,502.6,50.26,3.147,2.837,2.3,2.2
srv-0021,2026-08-15,26.8,45.5,39.0,30.2,36.5,34.3,1207.0,3129.8,844.9,362.1,36.21,1.73,1.024,1.3,1.0
srv-0021,2026-08-16,24.8,38.8,33.9,29.6,34.4,32.7,908.2,2142.1,635.7,272.5,27.25,2.257,1.458,1.1,0.6
srv-0021,2026-08-17,37.2,59.8,51.9,31.7,33.7,33.0,1624.5,3266.7,1137.1,487.3,48.73,4.686,2.625,4.2,2.6
srv-0021,2026-08-18,36.0,55.1,48.4,31.5,36.9,35.0,1372.1,2545.8,960.5,411.6,41.16,3.033,2.52,1.6,2.5
srv-0021,2026-08-19,35.5,52.3,46.4,31.3,36.9,34.9,1344.3,2928.0,941.0,403.3,40.33,2.928,1.478,2.1,1.4
srv-0021,2026-08-20,41.9,65.3,57.1,31.5,35.5,34.1,1146.3,2204.2,802.4,343.9,34.39,2.663,2.629,2.4,1.5
srv-0021,2026-08-21,34.7,57.2,49.3,31.1,34.7,33.5,1527.7,3294.9,1069.4,458.3,45.83,3.918,2.605,3.0,1.9
srv-0021,2026-08-22,24.7,37.0,32.7,29.7,34.8,33.0,1147.1,2931.2,803.0,344.1,34.41,2.159,0.925,1.4,0.8
srv-0021,2026-08-23,28.0,45.1,39.1,30.2,32.6,31.7,1000.1,2407.9,700.1,300.0,30.0,2.165,1.16,2.0,0.9
srv-0021,2026-08-24,38.7,62.0,53.9,31.8,34.5,33.5,1572.4,3960.5,1100.7,471.7,47.17,3.306,2.248,2.1,1.4
srv-0021,2026-08-25,38.2,60.5,52.7,31.5,35.9,34.4,1673.7,3221.0,1171.6,502.1,50.21,2.53,2.255,1.5,1.8
srv-0021,2026-08-26,35.8,48.3,43.9,31.1,36.3,34.5,1574.1,3726.5,1101.9,472.2,47.22,2.365,1.799,0.9,1.8
srv-0021,2026-08-27,33.4,45.1,41.0,31.0,33.0,32.3,1503.4,4023.4,1052.4,451.0,45.1,3.223,1.884,2.7,1.7
srv-0021,2026-08-28,37.7,61.5,53.2,31.2,34.9,33.6,1603.8,4190.0,1122.7,481.2,48.12,2.066,1.832,1.4,1.5
srv-0021,2026-08-29,21.5,35.4,30.5,29.7,31.3,30.7,935.1,1712.5,654.6,280.5,28.05,2.043,1.198,0.8,1.2
srv-0021,2026-08-30,23.6,33.9,30.3,29.5,33.2,31.9,720.0,1521.6,504.0,216.0,21.6,1.944,1.332,1.4,1.2
srv-0021,2026-08-31,39.0,59.2,52.1,31.3,38.0,35.7,1598.1,3992.3,1118.7,479.4,47.94,4.483,2.217,3.1,1.1
srv-0021,2026-09-01,34.0,54.7,47.4,31.0,33.4,32.5,1022.3,2446.5,715.6,306.7,30.67,2.703,1.75,1.8,1.8
srv-0021,2026-09-02,37.4,47.0,43.6,31.4,35.6,34.1,1603.8,2893.6,1122.7,481.1,48.11,4.3,2.931,4.0,1.3
srv-0021,2026-09-03,41.6,53.8,49.6,31.4,38.0,35.7,1323.1,3279.9,926.2,396.9,39.69,4.548,2.03,2.3,1.2
srv-0021,2026-09-04,33.4,56.7,48.5,31.1,36.8,34.8,1369.1,3249.7,958.4,410.7,41.07,3.384,2.187,3.1,1.2
srv-0021,2026-09-05,23.0,32.1,28.9,29.7,34.4,32.8,867.0,2124.5,606.9,260.1,26.01,2.82,0.99,2.5,0.4
srv-0021,2026-09-06,23.3,30.2,27.8,29.7,32.1,31.2,850.7,1997.6,595.5,255.2,25.52,1.551,1.469,0.8,1.4
srv-0022,2026-08-08,18.9,28.9,25.4,38.6,44.3,42.3,894.7,2483.3,626.3,268.4,26.84,1.041,1.407,0.8,0.6
srv-0022,2026-08-09,18.5,26.4,23.6,38.3,41.2,40.2,799.1,1520.0,559.4,239.7,23.97,1.661,1.002,1.4,0.8
srv-0022,2026-08-10,24.7,36.2,32.2,40.5,46.3,44.2,1284.8,3199.6,899.4,385.4,38.54,1.948,2.763,1.1,1.5
srv-0022,2026-08-11,23.3,34.5,30.6,40.8,46.3,44.4,1619.4,3821.4,1133.6,485.8,48.58,1.526,2.771,1.1,2.6
srv-0022,2026-08-12,22.6,37.1,32.0,40.5,48.5,45.7,1326.9,3404.3,928.9,398.1,39.81,2.484,2.38,1.3,1.2
srv-0022,2026-08-13,22.0,56.2,44.2,39.6,44.1,42.6,854.3,3034.0,598.0,256.3,25.63,2.239,2.981,1.3,1.6
srv-0022,2026-08-14,30.1,41.9,37.8,41.0,48.3,45.8,1391.6,3772.3,974.1,417.5,41.75,3.262,2.88,2.5,2.7
srv-0022,2026-08-15,13.3,18.1,16.4,37.7,41.2,40.0,770.5,2128.8,539.3,231.1,23.11,1.008,0.728,0.7,0.5
srv-0022,2026-08-16,12.9,21.8,18.7,37.7,41.4,40.1,640.5,1273.8,448.3,192.1,19.21,0.907,1.045,0.5,0.5
srv-0022,2026-08-17,26.5,35.5,32.4,40.7,49.1,46.1,1575.2,3554.1,1102.6,472.6,47.26,2.46,2.131,2.3,0.8
srv-0022,2026-08-18,28.5,42.9,37.9,40.9,44.6,43.3,1398.8,3076.8,979.2,419.7,41.97,1.976,2.629,1.3,1.1
srv-0022,2026-08-19,20.8,26.5,24.5,39.5,45.7,43.5,1208.4,2423.9,845.9,362.5,36.25,2.547,2.209,2.1,2.2
srv-0022,2026-08-20,30.6,38.7,35.9,41.1,45.1,43.7,1494.8,2879.2,1046.3,448.4,44.84,2.894,1.499,2.2,0.7
srv-0022,2026-08-21,25.5,36.7,32.8,40.4,48.8,45.8,1490.4,3358.4,1043.3,447.1,44.71,2.046,1.673,1.4,1.1
srv-0022,2026-08-22,18.2,23.5,21.6,38.4,44.1,42.1,913.7,2393.2,639.6,274.1,27.41,1.676,0.981,0.9,0.9
srv-0022,2026-08-23,15.7,22.2,19.9,38.6,46.0,43.4,793.7,1997.4,555.6,238.1,23.81,1.464,1.481,0.9,1.0
srv-0022,2026-08-24,24.0,30.7,28.4,40.9,48.8,46.0,1703.4,3805.9,1192.4,511.0,51.1,2.287,2.871,2.0,2.8
srv-0022,2026-08-25,22.0,35.5,30.7,39.5,44.0,42.5,1292.6,2542.5,904.8,387.8,38.78,2.334,1.514,0.9,1.2
srv-0022,2026-08-26,21.9,34.6,30.1,40.2,48.0,45.3,1058.4,2769.4,740.9,317.5,31.75,1.931,1.604,1.6,1.4
srv-0022,2026-08-27,22.3,33.5,29.6,40.1,47.2,44.7,1091.7,2196.2,764.2,327.5,32.75,2.816,2.436,2.1,1.2
srv-0022,2026-08-28,24.9,40.9,35.3,40.6,42.9,42.1,1252.2,3085.5,876.5,375.7,37.57,2.913,2.808,1.6,1.2
srv-0022,2026-08-29,18.1,28.6,25.0,38.4,45.9,43.3,670.6,1709.3,469.5,201.2,20.12,1.566,1.634,1.1,0.7
srv-0022,2026-08-30,16.6,26.0,22.7,38.0,45.1,42.6,742.1,2014.4,519.5,222.6,22.26,1.282,1.717,1.0,1.5
srv-0022,2026-08-31,24.2,33.4,30.2,40.4,47.1,44.7,1457.2,2803.5,1020.0,437.2,43.72,2.087,1.499,0.9,0.7
srv-0022,2026-09-01,28.8,38.2,34.9,41.0,47.5,45.2,1240.6,3198.7,868.4,372.2,37.22,2.311,1.595,1.4,0.9
srv-0022,2026-09-02,22.7,34.5,30.4,40.5,42.6,41.9,1004.4,2484.9,703.1,301.3,30.13,1.729,1.503,1.4,0.8
srv-0022,2026-09-03,31.1,49.5,43.1,41.1,44.4,43.2,1488.7,3051.2,1042.1,446.6,44.66,2.849,2.95,1.8,2.9
srv-0022,2026-09-04,28.0,41.2,36.6,40.9,45.6,43.9,1290.4,2949.6,903.3,387.1,38.71,2.566,1.501,2.2,0.7
srv-0022,2026-09-05,15.4,20.6,18.8,37.7,43.8,41.6,845.9,2310.8,592.1,253.8,25.38,1.001,0.853,0.6,0.7
srv-0022,2026-09-06,18.9,26.5,23.9,38.7,46.8,44.0,906.7,2166.1,634.7,272.0,27.2,1.436,1.608,1.1,1.0
srv-0023,2026-08-08,17.7,27.1,23.8,58.6,62.7,61.2,135.1,326.5,74.3,60.8,6.75,1.777,3.216,0.9,1.8
srv-0023,2026-08-09,18.6,28.3,24.9,59.1,71.8,67.3,168.6,460.3,92.7,75.9,8.43,2.069,2.804,1.4,1.8
srv-0023,2026-08-10,31.2,49.7,43.2,63.1,67.4,65.9,200.0,501.6,110.0,90.0,10.0,4.828,2.886,3.8,2.2
srv-0023,2026-08-11,26.1,40.3,35.3,60.9,67.5,65.2,205.1,485.1,112.8,92.3,10.25,2.07,2.635,1.2,1.1
srv-0023,2026-08-12,22.6,30.7,27.9,61.3,71.4,67.8,194.2,424.9,106.8,87.4,9.71,2.535,3.251,1.5,1.4
srv-0023,2026-08-13,25.7,37.9,33.6,61.1,74.0,69.5,171.5,446.6,94.3,77.2,8.58,3.414,2.722,1.4,1.5
srv-0023,2026-08-14,28.1,42.4,37.4,62.1,75.6,70.9,231.0,588.8,127.0,103.9,11.55,2.682,3.395,1.6,2.3
srv-0023,2026-08-15,19.4,27.0,24.3,59.3,62.5,61.4,134.9,365.2,74.2,60.7,6.74,1.935,2.0,1.3,2.0
srv-0023,2026-08-16,19.7,31.7,27.5,59.5,68.7,65.5,112.8,272.1,62.0,50.8,5.64,2.352,3.286,1.4,2.2
srv-0023,2026-08-17,19.4,31.9,27.5,60.6,66.6,64.5,148.3,328.2,81.6,66.7,7.41,1.961,3.623,1.0,3.5
srv-0023,2026-08-18,28.0,39.2,35.2,61.7,73.7,69.5,180.7,329.1,99.4,81.3,9.04,2.308,4.304,0.9,2.1
srv-0023,2026-08-19,24.0,39.1,33.8,62.2,74.3,70.1,242.4,494.0,133.3,109.1,12.12,3.51,4.496,1.8,2.4
srv-0023,2026-08-20,31.8,45.0,40.3,63.2,69.9,67.6,184.0,451.2,101.2,82.8,9.2,4.569,4.26,2.0,1.9
srv-0023,2026-08-21,24.5,31.5,29.1,61.0,72.5,68.5,183.3,456.5,100.8,82.5,9.17,2.321,2.066,1.5,1.6
srv-0023,2026-08-22,18.3,25.3,22.9,58.6,67.5,64.4,139.7,277.2,76.8,62.9,6.99,1.822,3.048,1.5,2.4
srv-0023,2026-08-23,15.6,24.3,21.2,58.6,65.6,63.2,146.3,384.1,80.5,65.8,7.31,2.665,3.123,1.7,2.5
srv-0023,2026-08-24,29.0,40.1,36.2,63.3,71.1,68.4,285.3,757.6,156.9,128.4,14.27,5.326,4.314,3.1,2.9
srv-0023,2026-08-25,22.6,35.1,30.7,61.1,64.5,63.3,138.5,311.9,76.2,62.3,6.93,3.79,4.147,2.5,2.0
srv-0023,2026-08-26,28.2,39.4,35.5,62.4,73.0,69.3,201.2,563.4,110.7,90.6,10.06,3.224,3.538,2.3,1.4
srv-0023,2026-08-27,22.1,35.7,31.0,60.7,69.0,66.1,157.2,295.9,86.4,70.7,7.86,2.64,4.17,2.3,2.4
srv-0023,2026-08-28,30.1,44.7,39.6,62.5,73.7,69.8,261.2,701.2,143.7,117.5,13.06,3.415,3.569,2.3,3.5
srv-0023,2026-08-29,20.0,28.2,25.3,59.2,63.3,61.9,153.6,367.9,84.5,69.1,7.68,2.91,2.568,1.4,1.1
srv-0023,2026-08-30,16.1,23.7,21.0,58.1,69.9,65.8,100.9,199.2,55.5,45.4,5.05,2.519,1.779,2.1,1.1
srv-0023,2026-08-31,25.0,37.6,33.2,62.1,72.2,68.6,166.8,316.3,91.8,75.1,8.34,4.204,3.676,2.6,2.3
srv-0023,2026-09-01,24.7,74.0,56.7,61.3,66.0,64.3,205.4,870.6,112.9,92.4,10.27,9.017,6.845,6.5,7.0
srv-0023,2026-09-02,25.7,32.8,30.4,62.7,72.3,68.9,182.1,449.4,100.1,81.9,9.1,4.257,2.89,2.8,1.7
srv-0023,2026-09-03,30.6,45.9,40.5,62.4,69.6,67.1,216.2,572.5,118.9,97.3,10.81,3.015,3.622,1.4,2.8
srv-0023,2026-09-04,29.6,45.5,39.9,63.0,75.6,71.2,228.0,590.0,125.4,102.6,11.4,5.289,4.802,3.6,4.4
srv-0023,2026-09-05,17.0,22.0,20.2,59.3,72.1,67.6,169.0,434.5,92.9,76.0,8.45,2.459,3.022,1.1,1.4
srv-0023,2026-09-06,14.1,20.6,18.4,58.2,65.9,63.2,103.8,211.3,57.1,46.7,5.19,2.519,1.544,1.3,0.9
srv-0024,2026-08-08,9.0,14.2,12.4,74.6,83.2,80.2,54.6,117.1,30.0,24.6,2.73,2.689,2.173,2.2,1.6
srv-0024,2026-08-09,10.6,13.7,12.6,75.1,88.3,83.7,81.0,194.5,44.6,36.5,4.05,2.825,1.97,1.1,1.1
srv-0024,2026-08-10,15.4,25.6,22.0,80.8,85.9,84.1,124.8,322.4,68.6,56.1,6.24,5.218,3.147,3.2,2.4
srv-0024,2026-08-11,14.3,23.0,20.0,79.6,84.2,82.6,97.9,194.4,53.9,44.1,4.9,3.413,3.348,1.4,2.3
srv-0024,2026-08-12,17.4,27.6,24.0,80.0,95.2,89.9,115.5,314.1,63.5,52.0,5.77,5.891,3.74,2.6,2.4
srv-0024,2026-08-13,13.5,21.1,18.5,78.3,93.2,88.0,129.4,255.4,71.1,58.2,6.47,4.503,1.974,3.3,1.3
srv-0024,2026-08-14,16.2,23.3,20.8,79.6,91.8,87.5,126.3,252.3,69.5,56.8,6.31,6.022,3.131,3.3,1.5
srv-0024,2026-08-15,8.5,13.0,11.4,75.0,86.7,82.6,72.1,179.6,39.6,32.4,3.6,1.989,1.171,1.8,0.9
srv-0024,2026-08-16,11.9,17.9,15.8,76.2,90.9,85.7,83.0,160.6,45.6,37.3,4.15,3.943,1.81,2.3,0.8
srv-0024,2026-08-17,17.0,23.1,21.0,80.1,96.5,90.8,111.0,205.3,61.0,49.9,5.55,6.044,3.924,4.4,3.6
srv-0024,2026-08-18,12.5,20.3,17.6,78.3,94.8,89.0,91.9,240.8,50.5,41.3,4.59,5.44,1.713,3.5,0.7
srv-0024,2026-08-19,15.6,21.4,19.4,79.3,95.2,89.6,91.4,253.9,50.2,41.1,4.57,5.608,3.258,3.7,2.7
srv-0024,2026-08-20,16.1,20.5,18.9,79.5,89.8,86.2,124.1,230.1,68.3,55.8,6.2,5.526,2.59,4.8,2.2
srv-0024,2026-08-21,15.7,22.6,20.2,80.5,96.0,90.5,119.8,317.3,65.9,53.9,5.99,4.797,3.258,2.2,3.2
srv-0024,2026-08-22,10.3,14.3,12.9,75.7,90.3,85.2,92.6,221.8,50.9,41.7,4.63,2.84,2.149,1.4,1.9
srv-0024,2026-08-23,12.9,17.6,15.9,76.2,81.3,79.5,88.7,221.1,48.8,39.9,4.44,3.361,1.711,2.8,1.2
srv-0024,2026-08-24,13.8,20.1,17.9,77.6,85.8,82.9,92.4,182.7,50.8,41.6,4.62,2.84,1.664,1.1,0.9
srv-0024,2026-08-25,11.6,17.3,15.3,77.8,85.7,82.9,99.5,208.3,54.7,44.8,4.97,4.382,2.686,2.5,2.4
srv-0024,2026-08-26,13.9,21.0,18.5,78.9,88.3,85.0,122.7,247.1,67.5,55.2,6.13,4.88,3.34,4.5,2.3
srv-0024,2026-08-27,17.1,55.3,42.0,79.7,92.9,88.3,90.4,345.3,49.7,40.7,4.52,12.474,4.68,5.1,3.9
srv-0024,2026-08-28,16.3,25.8,22.5,79.2,91.1,86.9,137.1,306.0,75.4,61.7,6.86,5.106,2.07,3.4,1.2
srv-0024,2026-08-29,10.0,15.2,13.4,75.2,90.4,85.1,77.2,180.3,42.5,34.7,3.86,4.107,1.076,3.5,0.4
srv-0024,2026-08-30,11.0,16.2,14.4,75.8,79.7,78.3,82.2,195.5,45.2,37.0,4.11,3.374,2.114,1.3,1.3
srv-0024,2026-08-31,17.7,27.6,24.1,80.7,95.8,90.5,124.5,287.0,68.5,56.0,6.23,4.637,4.077,3.8,3.6
srv-0024,2026-09-01,19.0,24.8,22.8,81.0,87.3,85.1,115.4,296.6,63.5,51.9,5.77,5.216,3.017,4.5,1.8
srv-0024,2026-09-02,15.1,20.4,18.6,80.3,85.5,83.7,118.8,233.6,65.3,53.4,5.94,4.117,1.822,1.9,1.3
srv-0024,2026-09-03,12.2,20.1,17.3,77.6,92.9,87.5,90.2,196.6,49.6,40.6,4.51,2.893,2.157,1.4,1.2
srv-0024,2026-09-04,14.5,45.9,34.9,77.6,86.6,83.4,117.5,556.2,64.6,52.9,5.88,8.263,3.725,6.7,2.6
srv-0024,2026-09-05,9.9,14.9,13.2,75.5,84.5,81.3,97.3,236.0,53.5,43.8,4.86,2.349,1.162,1.6,0.5
srv-0024,2026-09-06,8.9,14.7,12.7,74.4,80.8,78.6,62.5,114.7,34.4,28.1,3.12,2.601,1.455,1.8,0.9
srv-0025,2026-08-08,21.6,56.5,44.3,42.8,45.5,44.5,368.4,1922.1,202.6,165.8,18.42,6.212,3.676,3.2,2.8
srv-0025,2026-08-09,22.0,28.8,26.4,42.6,45.6,44.5,423.4,1096.5,232.9,190.5,21.17,2.932,1.079,2.0,0.9
srv-0025,2026-08-10,28.1,41.0,36.5,44.7,49.6,47.9,619.5,1120.2,340.7,278.8,30.98,4.245,2.132,1.9,1.2
srv-0025,2026-08-11,37.3,63.1,54.1,45.1,51.1,49.0,672.4,1603.4,369.8,302.6,33.62,3.649,1.845,1.9,1.2
srv-0025,2026-08-12,25.1,40.1,34.9,44.3,47.4,46.3,623.5,1553.9,342.9,280.6,31.18,2.889,1.596,1.7,1.3
srv-0025,2026-08-13,35.9,46.4,42.8,45.8,53.5,50.8,579.7,1450.5,318.8,260.9,28.99,5.066,3.34,3.5,2.2
srv-0025,2026-08-14,31.1,44.9,40.1,45.4,51.8,49.6,476.0,1224.6,261.8,214.2,23.8,4.074,2.228,3.3,2.1
srv-0025,2026-08-15,19.9,31.9,27.7,42.5,49.1,46.8,381.8,728.2,210.0,171.8,19.09,2.659,1.73,1.9,1.3
srv-0025,2026-08-16,24.3,38.8,33.7,43.5,46.0,45.1,358.5,870.7,197.2,161.3,17.93,2.355,2.153,1.9,1.5
srv-0025,2026-08-17,32.5,46.7,41.8,45.6,50.2,48.6,498.9,1179.7,274.4,224.5,24.95,2.716,1.959,1.6,2.0
srv-0025,2026-08-18,36.4,49.3,44.8,45.3,49.8,48.2,768.6,1449.6,422.7,345.9,38.43,2.742,2.7,1.6,2.4
srv-0025,2026-08-19,34.7,52.6,46.4,46.1,53.2,50.7,674.3,1308.7,370.8,303.4,33.71,5.625,3.535,3.6,1.4
srv-0025,2026-08-20,27.0,73.6,57.3,44.5,50.2,48.2,668.9,3672.4,367.9,301.0,33.44,5.475,4.426,3.0,1.9
srv-0025,2026-08-21,34.7,56.2,48.7,45.9,55.4,52.1,643.8,1389.6,354.1,289.7,32.19,3.47,3.009,2.9,2.2
srv-0025,2026-08-22,18.9,50.3,39.3,42.8,51.9,48.7,444.7,1902.7,244.6,200.1,22.23,5.856,3.985,2.9,3.9
srv-0025,2026-08-23,22.5,30.7,27.8,43.4,49.8,47.6,390.6,1047.5,214.8,175.8,19.53,2.455,1.294,1.4,1.2
srv-0025,2026-08-24,34.7,54.2,47.4,45.5,48.4,47.4,482.7,930.4,265.5,217.2,24.14,5.294,3.33,2.3,1.7
srv-0025,2026-08-25,34.5,55.2,48.0,45.9,49.0,47.9,589.8,1215.4,324.4,265.4,29.49,5.88,3.0,3.1,2.1
srv-0025,2026-08-26,28.1,36.8,33.8,44.9,53.9,50.7,691.3,1753.1,380.2,311.1,34.57,4.398,2.09,4.0,2.1
srv-0025,2026-08-27,36.2,99,77.0,45.5,49.5,48.1,486.5,2321.5,267.6,218.9,24.33,6.421,4.504,4.5,3.8
srv-0025,2026-08-28,37.6,60.4,52.4,45.2,53.0,50.3,537.1,1123.2,295.4,241.7,26.86,2.827,2.455,1.9,2.3
srv-0025,2026-08-29,19.2,26.0,23.6,42.8,49.5,47.1,347.6,709.1,191.2,156.4,17.38,2.86,1.988,2.0,1.3
srv-0025,2026-08-30,16.5,27.7,23.8,42.3,47.0,45.3,419.7,792.9,230.8,188.9,20.98,2.022,0.864,1.5,0.3
srv-0025,2026-08-31,29.2,41.7,37.3,44.9,49.8,48.1,508.2,929.1,279.5,228.7,25.41,2.788,2.65,1.4,1.1
srv-0025,2026-09-01,34.4,51.4,45.4,45.1,48.6,47.4,541.4,1492.4,297.8,243.6,27.07,4.016,1.803,3.5,0.9
srv-0025,2026-09-02,33.7,53.1,46.3,44.6,52.4,49.7,472.5,922.0,259.9,212.6,23.63,4.659,2.176,2.4,1.4
srv-0025,2026-09-03,34.0,51.0,45.0,45.8,48.8,47.8,596.7,1462.1,328.2,268.5,29.83,5.677,2.963,2.7,1.7
srv-0025,2026-09-04,30.6,48.9,42.5,45.2,50.4,48.6,560.9,1561.3,308.5,252.4,28.04,3.254,2.459,2.5,1.4
srv-0025,2026-09-05,27.7,35.8,33.0,43.5,52.7,49.5,362.8,1012.8,199.5,163.3,18.14,3.882,1.612,2.4,1.2
srv-0025,2026-09-06,22.7,35.9,31.3,42.9,45.1,44.4,470.0,1115.7,258.5,211.5,23.5,2.206,1.359,1.7,0.8
srv-0026,2026-08-08,3.8,6.0,5.2,42.5,46.0,44.8,137.7,350.3,75.8,62.0,6.89,1.369,1.403,0.8,1.4
srv-0026,2026-08-09,4.1,5.3,4.9,42.9,50.3,47.7,116.5,246.1,64.1,52.4,5.82,2.626,1.404,1.5,0.9
srv-0026,2026-08-10,7.9,12.7,11.0,45.5,50.7,48.9,184.1,354.1,101.3,82.9,9.21,2.734,3.341,2.1,1.9
srv-0026,2026-08-11,6.8,10.8,9.4,45.6,50.9,49.1,221.5,426.9,121.8,99.7,11.08,2.386,1.803,1.6,1.8
srv-0026,2026-08-12,8.6,13.5,11.8,45.7,55.7,52.2,207.0,380.2,113.8,93.1,10.35,2.318,2.494,1.3,1.7
srv-0026,2026-08-13,6.4,10.0,8.7,44.5,51.4,49.0,204.8,510.9,112.6,92.2,10.24,3.433,3.12,1.4,1.2
srv-0026,2026-08-14,7.9,13.0,11.2,45.6,55.4,52.0,164.3,322.8,90.4,73.9,8.21,4.172,3.044,2.6,1.7
srv-0026,2026-08-15,4.7,7.9,6.8,43.2,46.1,45.1,132.2,310.2,72.7,59.5,6.61,3.011,1.349,2.3,1.1
srv-0026,2026-08-16,4.8,6.9,6.2,42.5,46.6,45.2,132.4,370.1,72.8,59.6,6.62,1.625,1.087,1.0,0.5
srv-0026,2026-08-17,7.4,11.1,9.8,45.2,54.4,51.2,169.7,437.3,93.4,76.4,8.49,4.29,1.875,1.9,1.1
srv-0026,2026-08-18,6.0,18.9,14.4,44.4,51.4,49.0,164.8,833.6,90.7,74.2,8.24,5.816,4.031,3.4,3.6
srv-0026,2026-08-19,7.1,11.7,10.1,45.8,55.1,51.9,205.4,556.2,113.0,92.4,10.27,2.583,1.864,1.2,1.1
srv-0026,2026-08-20,7.8,11.6,10.3,45.6,55.4,52.0,208.2,386.8,114.5,93.7,10.41,4.169,3.067,3.0,1.1
srv-0026,2026-08-21,7.8,12.0,10.6,45.7,53.0,50.4,227.1,574.5,124.9,102.2,11.35,3.449,3.393,1.6,1.9
srv-0026,2026-08-22,4.1,5.6,5.1,42.5,46.3,44.9,113.6,264.7,62.5,51.1,5.68,2.505,1.778,1.6,1.0
srv-0026,2026-08-23,3.8,5.5,4.9,42.2,45.5,44.4,95.3,224.2,52.4,42.9,4.77,1.838,1.838,1.5,1.4
srv-0026,2026-08-24,7.0,10.2,9.1,45.2,51.8,49.5,166.0,443.1,91.3,74.7,8.3,3.395,1.646,1.8,0.7
srv-0026,2026-08-25,6.2,9.6,8.4,44.6,47.4,46.4,132.3,313.7,72.7,59.5,6.61,1.942,2.839,1.5,2.2
srv-0026,2026-08-26,7.9,11.8,10.5,45.7,50.6,48.9,232.9,550.2,128.1,104.8,11.64,4.084,3.43,3.7,1.5
srv-0026,2026-08-27,6.2,10.1,8.7,45.2,47.8,46.9,197.3,507.7,108.5,88.8,9.87,4.318,2.207,1.6,0.9
srv-0026,2026-08-28,7.9,12.6,10.9,45.7,54.0,51.1,207.8,451.6,114.3,93.5,10.39,3.438,2.453,2.0,2.4
srv-0026,2026-08-29,3.8,5.4,4.8,42.2,45.0,44.0,116.7,282.0,64.2,52.5,5.83,1.721,1.168,0.9,0.9
srv-0026,2026-08-30,4.1,6.7,5.8,42.7,47.3,45.7,103.9,201.7,57.2,46.8,5.2,1.415,1.832,1.0,1.7
srv-0026,2026-08-31,7.0,11.7,10.1,44.4,52.1,49.4,195.5,392.7,107.5,88.0,9.77,3.334,2.834,2.4,2.2
srv-0026,2026-09-01,7.4,12.0,10.4,45.7,51.3,49.3,235.4,435.2,129.5,105.9,11.77,3.223,2.012,2.4,0.9
srv-0026,2026-09-02,8.2,13.1,11.4,45.5,51.6,49.5,190.0,484.6,104.5,85.5,9.5,3.157,2.317,1.8,2.2
srv-0026,2026-09-03,7.7,11.8,10.4,45.6,55.0,51.7,220.1,502.1,121.1,99.1,11.01,2.987,1.911,1.6,1.2
srv-0026,2026-09-04,7.5,20.4,15.9,45.7,55.6,52.1,200.7,739.0,110.4,90.3,10.04,9.14,5.447,6.2,2.9
srv-0026,2026-09-05,4.7,7.6,6.6,42.7,49.0,46.8,138.6,295.0,76.2,62.4,6.93,1.9,1.036,0.9,1.0
srv-0026,2026-09-06,5.0,8.5,7.3,43.2,47.3,45.9,126.4,304.0,69.5,56.9,6.32,1.614,2.354,0.9,1.2
srv-0027,2026-08-08,17.1,21.8,20.1,27.7,30.1,29.3,957.2,1797.5,670.0,287.2,28.72,2.186,0.759,1.5,0.7
srv-0027,2026-08-09,24.4,33.3,30.2,28.2,33.5,31.6,772.4,1911.2,540.7,231.7,23.17,1.697,1.11,0.8,1.0
srv-0027,2026-08-10,28.7,41.4,37.0,28.9,34.3,32.4,1140.0,2271.6,798.0,342.0,34.2,3.312,1.194,1.9,0.6
srv-0027,2026-08-11,30.0,45.7,40.2,29.7,35.6,33.5,1587.3,3271.1,1111.1,476.2,47.62,3.141,2.147,1.6,1.7
srv-0027,2026-08-12,30.8,51.9,44.6,29.9,32.9,31.8,1774.2,3633.6,1241.9,532.3,53.23,3.115,1.536,2.9,1.3
srv-0027,2026-08-13,29.0,43.3,38.3,29.6,34.2,32.6,1099.6,2134.2,769.7,329.9,32.99,3.896,1.626,1.8,1.2
srv-0027,2026-08-14,29.6,46.4,40.5,29.7,32.7,31.6,1187.9,2945.1,831.5,356.4,35.64,2.497,1.837,1.3,1.4
srv-0027,2026-08-15,19.3,32.5,27.8,27.8,31.5,30.2,677.2,1520.9,474.0,203.2,20.32,1.424,0.607,0.9,0.4
srv-0027,2026-08-16,19.8,30.5,26.8,28.1,31.5,30.3,1106.1,2268.0,774.3,331.8,33.18,1.848,1.323,1.4,0.8
srv-0027,2026-08-17,30.6,49.4,42.8,28.9,32.0,30.9,950.8,2352.0,665.6,285.2,28.52,2.264,1.068,2.0,0.8
srv-0027,2026-08-18,37.3,47.4,43.9,29.6,36.0,33.8,1203.2,3252.1,842.3,361.0,36.1,3.481,1.874,3.1,1.6
srv-0027,2026-08-19,31.4,41.3,37.8,29.9,36.4,34.1,1818.8,3313.9,1273.2,545.6,54.56,2.333,1.464,1.2,0.8
srv-0027,2026-08-20,25.3,36.4,32.5,29.0,31.4,30.6,1002.0,1974.8,701.4,300.6,30.06,1.877,1.314,0.9,0.8
srv-0027,2026-08-21,26.7,41.0,36.0,28.8,34.4,32.4,1344.1,3124.8,940.8,403.2,40.32,2.782,0.955,1.8,0.9
srv-0027,2026-08-22,20.1,32.8,28.4,27.6,32.7,30.9,585.3,1079.2,409.7,175.6,17.56,2.02,0.904,0.8,0.5
srv-0027,2026-08-23,23.3,36.7,32.0,27.9,31.4,30.2,1055.3,2140.6,738.7,316.6,31.66,2.56,1.211,1.1,0.7
srv-0027,2026-08-24,31.9,44.9,40.3,29.3,31.2,30.5,1310.1,3269.4,917.1,393.0,39.3,2.408,1.363,1.6,1.1
srv-0027,2026-08-25,28.7,43.7,38.5,29.1,32.5,31.3,1043.8,2776.0,730.7,313.1,31.31,2.923,1.369,2.1,1.0
srv-0027,2026-08-26,38.4,57.7,50.9,29.8,33.7,32.3,1747.8,4272.5,1223.5,524.3,52.43,2.325,1.699,1.6,0.8
srv-0027,2026-08-27,35.2,47.3,43.1,29.8,34.7,33.0,1563.5,3969.5,1094.5,469.1,46.91,3.43,1.26,2.8,1.1
srv-0027,2026-08-28,33.5,51.9,45.5,29.3,34.6,32.8,1146.5,2616.0,802.6,344.0,34.4,2.566,1.982,1.9,1.4
srv-0027,2026-08-29,20.6,29.0,26.1,27.9,31.2,30.0,1064.2,2236.7,745.0,319.3,31.93,2.226,1.026,1.3,1.0
srv-0027,2026-08-30,19.2,29.2,25.7,28.0,30.5,29.6,887.8,1667.4,621.5,266.3,26.63,2.202,0.939,1.5,0.6
srv-0027,2026-08-31,31.6,49.9,43.5,28.9,34.8,32.7,1215.0,2565.2,850.5,364.5,36.45,3.727,1.049,1.9,0.7
srv-0027,2026-09-01,32.4,75.2,60.2,29.4,35.0,33.1,1150.4,4359.1,805.3,345.1,34.51,6.53,2.916,2.8,1.8
srv-0027,2026-09-02,26.9,40.5,35.7,29.1,34.6,32.7,1011.4,2825.2,708.0,303.4,30.34,2.984,1.839,2.7,0.9
srv-0027,2026-09-03,27.5,46.6,39.9,29.1,34.4,32.6,1361.6,3550.2,953.1,408.5,40.85,2.358,0.888,1.1,0.7
srv-0027,2026-09-04,29.7,44.5,39.3,29.0,34.7,32.7,1101.6,2572.8,771.1,330.5,33.05,3.409,1.629,1.5,1.2
srv-0027,2026-09-05,17.4,27.6,24.0,27.5,30.2,29.2,808.7,1816.6,566.1,242.6,24.26,1.435,0.943,0.8,1.0
srv-0027,2026-09-06,15.2,23.9,20.9,27.4,31.7,30.2,571.6,1100.2,400.1,171.5,17.15,1.729,1.037,0.7,0.4
srv-0031,2026-08-08,11.5,15.6,14.2,30.1,33.9,32.5,89.1,192.9,49.0,40.1,4.45,2.751,20.242,2.4,8.3
srv-0031,2026-08-09,11.3,18.9,16.2,30.0,35.0,33.2,70.9,131.5,39.0,31.9,3.54,2.869,13.996,1.3,11.3
srv-0031,2026-08-10,23.3,38.9,33.5,31.9,36.7,35.0,105.3,291.5,57.9,47.4,5.26,3.518,41.884,2.1,16.2
srv-0031,2026-08-11,17.8,23.1,21.3,31.4,36.8,34.9,114.8,242.8,63.1,51.7,5.74,4.387,35.418,3.5,21.2
srv-0031,2026-08-12,20.7,31.4,27.7,31.4,35.9,34.3,140.5,279.7,77.3,63.2,7.03,3.383,33.223,2.9,28.2
srv-0031,2026-08-13,18.4,28.6,25.1,31.2,33.3,32.5,133.4,352.3,73.4,60.0,6.67,2.643,30.348,1.1,17.4
srv-0031,2026-08-14,19.6,29.1,25.8,31.9,34.3,33.5,142.0,283.9,78.1,63.9,7.1,4.274,24.007,2.0,11.9
srv-0031,2026-08-15,10.7,15.9,14.1,29.6,31.8,31.0,54.6,123.1,30.0,24.6,2.73,2.515,16.724,1.1,16.0
srv-0031,2026-08-16,12.7,17.4,15.8,30.1,35.5,33.6,79.7,158.3,43.8,35.9,3.98,2.173,18.549,1.6,17.8
srv-0031,2026-08-17,19.7,27.5,24.8,31.1,37.1,35.0,119.6,298.5,65.8,53.8,5.98,4.04,26.775,2.5,11.5
srv-0031,2026-08-18,20.7,30.2,26.9,31.6,37.9,35.7,99.6,244.1,54.8,44.8,4.98,4.164,30.934,2.8,31.4
srv-0031,2026-08-19,23.6,31.7,28.9,32.0,35.5,34.2,118.3,246.0,65.1,53.3,5.92,2.703,27.125,2.3,23.2
srv-0031,2026-08-20,23.1,38.6,33.2,32.2,35.3,34.3,150.5,353.1,82.8,67.7,7.53,3.359,43.031,2.8,18.2
srv-0031,2026-08-21,20.7,27.3,25.0,32.0,38.7,36.4,98.8,233.9,54.3,44.5,4.94,3.803,33.525,1.9,28.6
srv-0031,2026-08-22,10.9,36.7,27.7,29.8,34.0,32.5,91.7,516.1,50.5,41.3,4.59,6.614,29.945,3.5,27.4
srv-0031,2026-08-23,12.7,17.5,15.8,30.1,32.6,31.8,75.6,208.0,41.6,34.0,3.78,3.032,14.828,1.5,12.7
srv-0031,2026-08-24,23.7,29.9,27.7,32.1,36.8,35.1,144.8,371.8,79.7,65.2,7.24,5.065,24.401,2.1,9.7
srv-0031,2026-08-25,21.8,36.6,31.4,31.8,36.3,34.7,125.6,340.2,69.1,56.5,6.28,3.069,22.674,1.5,17.2
srv-0031,2026-08-26,20.8,28.6,25.9,31.4,33.2,32.6,135.3,322.3,74.4,60.9,6.77,2.277,28.259,1.9,12.3
srv-0031,2026-08-27,23.5,36.7,32.0,31.9,35.1,34.0,132.5,268.5,72.9,59.6,6.63,4.076,26.66,3.6,16.5
srv-0031,2026-08-28,18.4,28.4,24.9,31.4,34.2,33.2,97.7,244.5,53.7,44.0,4.89,2.344,18.921,1.4,7.1
srv-0031,2026-08-29,11.0,15.6,14.0,29.8,32.2,31.3,90.3,241.1,49.7,40.6,4.52,2.448,14.647,1.9,13.2
srv-0031,2026-08-30,11.1,14.2,13.1,29.8,32.3,31.4,62.8,120.9,34.6,28.3,3.14,1.984,18.974,1.1,13.5
srv-0031,2026-08-31,21.8,35.3,30.6,32.0,38.7,36.4,117.4,327.1,64.6,52.9,5.87,3.332,25.619,3.0,16.2
srv-0031,2026-09-01,19.7,29.5,26.1,32.0,39.1,36.6,102.5,204.1,56.4,46.1,5.13,4.343,43.987,3.2,36.9
srv-0031,2026-09-02,18.1,24.5,22.3,31.7,37.2,35.3,126.7,283.6,69.7,57.0,6.33,4.383,26.373,3.8,10.4
srv-0031,2026-09-03,16.6,24.4,21.7,31.2,37.4,35.2,90.1,173.1,49.6,40.6,4.51,3.453,18.406,2.0,18.4
srv-0031,2026-09-04,20.0,33.8,28.9,31.1,33.7,32.8,104.0,274.0,57.2,46.8,5.2,2.469,27.26,2.0,12.1
srv-0031,2026-09-05,11.3,14.2,13.2,29.9,34.7,33.0,88.1,223.4,48.5,39.7,4.41,2.785,19.356,2.0,18.6
srv-0031,2026-09-06,10.9,16.3,14.4,29.8,32.2,31.4,68.1,151.8,37.5,30.7,3.41,2.524,19.029,1.3,16.5
srv-0033,2026-08-08,4.1,5.5,5.0,36.9,41.6,40.0,166.9,421.8,91.8,75.1,8.35,4.63,5.232,4.3,3.1
srv-0033,2026-08-09,5.4,8.8,7.6,37.2,42.6,40.7,125.7,346.4,69.1,56.5,6.28,3.132,6.873,2.3,4.3
srv-0033,2026-08-10,7.7,9.8,9.1,39.0,42.8,41.5,266.2,527.6,146.4,119.8,13.31,5.475,11.727,2.1,6.0
srv-0033,2026-08-11,8.8,13.8,12.1,39.8,43.4,42.1,272.1,617.1,149.6,122.4,13.6,8.062,14.952,4.3,13.6
srv-0033,2026-08-12,8.2,13.6,11.7,40.1,43.3,42.2,284.3,551.7,156.3,127.9,14.21,8.294,14.172,4.2,9.9
srv-0033,2026-08-13,7.2,10.6,9.4,39.0,46.9,44.2,171.1,431.0,94.1,77.0,8.55,5.916,14.876,3.2,9.2
srv-0033,2026-08-14,7.9,10.5,9.6,39.3,43.2,41.8,204.3,438.2,112.3,91.9,10.21,7.59,10.628,5.4,5.6
srv-0033,2026-08-15,4.7,14.3,10.9,36.9,38.8,38.1,130.7,537.3,71.9,58.8,6.53,8.849,18.48,7.3,9.2
srv-0033,2026-08-16,4.8,7.0,6.2,37.3,41.0,39.7,151.6,417.0,83.4,68.2,7.58,5.901,9.976,2.5,9.1
srv-0033,2026-08-17,7.4,11.5,10.1,39.3,47.2,44.4,230.4,610.4,126.7,103.7,11.52,5.223,10.995,2.1,9.6
srv-0033,2026-08-18,8.3,12.2,10.8,39.0,47.1,44.2,202.3,385.1,111.3,91.0,10.11,6.805,7.881,5.6,5.0
srv-0033,2026-08-19,6.6,10.4,9.0,38.9,42.8,41.4,160.6,326.9,88.3,72.3,8.03,6.343,12.977,4.7,7.9
srv-0033,2026-08-20,7.5,9.8,9.0,39.5,42.7,41.6,257.9,498.6,141.8,116.0,12.89,7.3,17.19,5.9,6.5
srv-0033,2026-08-21,6.7,9.2,8.3,39.0,42.3,41.2,210.9,461.0,116.0,94.9,10.54,7.186,11.935,3.4,5.5
srv-0033,2026-08-22,4.8,6.3,5.8,37.6,42.3,40.6,159.9,310.7,87.9,71.9,7.99,3.847,11.859,3.0,11.0
srv-0033,2026-08-23,6.1,9.5,8.3,37.7,41.1,39.9,183.0,375.8,100.6,82.3,9.15,5.277,11.102,3.1,6.6
srv-0033,2026-08-24,7.7,9.7,9.0,39.5,47.7,44.8,243.1,542.4,133.7,109.4,12.15,8.503,10.287,6.2,8.3
srv-0033,2026-08-25,8.9,15.1,12.9,40.0,48.6,45.6,275.8,512.5,151.7,124.1,13.79,7.815,12.767,3.1,9.2
srv-0033,2026-08-26,8.5,11.3,10.3,39.1,42.8,41.5,199.9,521.9,109.9,90.0,10.0,8.392,15.938,3.2,14.1
srv-0033,2026-08-27,8.9,13.6,12.0,40.1,45.4,43.5,203.5,438.0,111.9,91.6,10.17,6.142,9.711,3.4,4.2
srv-0033,2026-08-28,7.7,10.1,9.2,39.8,47.4,44.7,187.6,455.5,103.2,84.4,9.38,5.319,17.226,2.1,15.4
srv-0033,2026-08-29,5.0,6.9,6.2,37.6,40.2,39.3,184.2,393.4,101.3,82.9,9.21,6.297,7.308,5.0,6.8
srv-0033,2026-08-30,5.9,9.1,8.0,37.7,44.0,41.8,177.7,325.0,97.7,80.0,8.88,4.755,7.143,3.0,5.4
srv-0033,2026-08-31,7.6,11.8,10.3,39.7,43.3,42.0,250.9,586.6,138.0,112.9,12.54,6.9,12.207,4.2,5.5
srv-0033,2026-09-01,8.0,12.5,10.9,39.0,44.6,42.6,196.6,540.2,108.1,88.5,9.83,6.506,9.823,3.5,7.2
srv-0033,2026-09-02,6.3,9.5,8.4,38.7,40.6,40.0,192.6,446.8,106.0,86.7,9.63,5.075,12.214,2.9,4.9
srv-0033,2026-09-03,8.7,12.0,10.8,40.1,42.4,41.6,251.4,522.7,138.3,113.1,12.57,5.913,19.644,4.2,13.1
srv-0033,2026-09-04,7.8,12.2,10.6,39.7,45.5,43.5,211.5,400.3,116.3,95.2,10.58,7.04,9.113,4.1,5.9
srv-0033,2026-09-05,5.0,7.5,6.6,37.3,39.5,38.7,122.6,340.0,67.4,55.2,6.13,5.786,11.61,2.9,8.9
srv-0033,2026-09-06,4.8,6.9,6.1,37.1,43.5,41.3,115.8,284.8,63.7,52.1,5.79,4.317,8.785,2.3,4.9
srv-0034,2026-08-08,17.0,24.8,22.1,33.2,36.5,35.3,132.7,365.9,73.0,59.7,6.63,4.535,4.48,3.4,2.3
srv-0034,2026-08-09,16.4,25.6,22.4,33.3,37.5,36.0,119.9,294.3,65.9,53.9,5.99,4.89,7.278,2.5,4.9
srv-0034,2026-08-10,34.5,53.7,47.0,35.4,41.2,39.1,261.9,712.1,144.0,117.8,13.09,7.171,14.713,2.7,9.7
srv-0034,2026-08-11,33.1,48.9,43.4,35.9,39.2,38.0,250.9,582.1,138.0,112.9,12.55,6.416,7.789,3.8,7.9
srv-0034,2026-08-12,27.1,36.1,33.0,35.1,38.6,37.4,253.1,585.2,139.2,113.9,12.65,6.061,9.357,4.6,4.7
srv-0034,2026-08-13,28.5,75.7,59.2,35.8,37.8,37.1,290.5,1136.4,159.8,130.7,14.52,15.665,20.026,11.3,13.2
srv-0034,2026-08-14,26.3,33.5,31.0,35.3,38.5,37.4,171.6,449.9,94.4,77.2,8.58,8.332,11.949,7.1,8.3
srv-0034,2026-08-15,21.8,27.6,25.6,33.7,38.5,36.8,160.9,298.8,88.5,72.4,8.05,4.309,7.114,2.4,4.1
srv-0034,2026-08-16,16.5,27.2,23.4,33.2,38.4,36.6,104.2,216.5,57.3,46.9,5.21,4.807,8.893,2.5,4.7
srv-0034,2026-08-17,28.4,37.7,34.4,35.5,41.4,39.4,213.9,585.3,117.6,96.3,10.7,6.958,11.84,4.6,9.4
srv-0034,2026-08-18,29.5,47.7,41.3,34.7,42.0,39.4,197.6,362.9,108.7,88.9,9.88,7.527,8.82,6.3,7.7
srv-0034,2026-08-19,24.2,40.4,34.7,34.4,38.3,36.9,208.0,377.6,114.4,93.6,10.4,5.221,10.068,4.4,4.7
srv-0034,2026-08-20,30.2,48.2,41.9,35.0,39.6,38.0,257.8,638.9,141.8,116.0,12.89,8.664,11.129,5.5,4.7
srv-0034,2026-08-21,24.0,33.4,30.1,34.7,37.0,36.2,247.7,572.6,136.2,111.5,12.39,8.095,10.067,6.2,6.3
srv-0034,2026-08-22,20.5,32.1,28.1,33.2,36.3,35.2,135.2,247.0,74.4,60.9,6.76,4.863,8.759,3.1,5.1
srv-0034,2026-08-23,19.3,32.0,27.6,33.5,35.6,34.9,129.7,338.6,71.3,58.4,6.49,2.954,9.398,1.6,6.1
srv-0034,2026-08-24,27.6,81.5,62.7,34.4,40.0,38.1,165.4,794.6,91.0,74.4,8.27,10.083,15.212,9.0,14.8
srv-0034,2026-08-25,27.6,44.5,38.6,34.7,36.6,35.9,248.0,634.6,136.4,111.6,12.4,5.696,7.458,2.4,4.3
srv-0034,2026-08-26,32.6,40.8,37.9,35.5,39.2,37.9,192.5,384.8,105.9,86.6,9.62,5.859,13.207,3.0,10.0
srv-0034,2026-08-27,32.9,95.4,73.5,35.5,42.1,39.8,246.2,897.1,135.4,110.8,12.31,16.209,28.103,14.9,28.5
srv-0034,2026-08-28,26.2,43.3,37.3,35.1,37.8,36.8,216.4,480.2,119.0,97.4,10.82,7.334,12.083,5.3,10.2
srv-0034,2026-08-29,17.7,23.9,21.7,33.3,37.5,36.0,107.7,215.0,59.2,48.5,5.39,3.337,6.745,1.4,6.3
srv-0034,2026-08-30,20.5,26.8,24.6,33.4,36.2,35.3,184.7,406.6,101.6,83.1,9.24,5.565,9.581,3.9,9.7
srv-0034,2026-08-31,27.4,34.8,32.2,35.0,39.4,37.9,236.8,603.3,130.2,106.6,11.84,6.022,7.825,5.2,3.5
srv-0034,2026-09-01,24.4,34.8,31.2,34.3,36.9,36.0,226.1,605.6,124.3,101.7,11.3,4.908,8.602,3.2,8.2
srv-0034,2026-09-02,31.2,44.1,39.6,35.4,41.2,39.2,187.8,420.4,103.3,84.5,9.39,6.204,11.707,3.4,9.4
srv-0034,2026-09-03,29.2,44.4,39.1,34.6,41.5,39.1,227.3,606.9,125.0,102.3,11.36,4.535,12.353,3.0,5.6
srv-0034,2026-09-04,29.4,43.3,38.5,34.6,37.9,36.7,213.7,514.0,117.5,96.2,10.68,3.856,10.802,3.2,4.2
srv-0034,2026-09-05,18.6,25.3,22.9,33.5,39.1,37.1,152.5,321.0,83.9,68.6,7.63,3.708,8.077,2.1,3.0
srv-0034,2026-09-06,14.0,18.1,16.7,32.8,34.9,34.2,148.4,314.1,81.6,66.8,7.42,4.368,4.65,2.1,4.3
srv-0035,2026-08-08,10.2,15.2,13.5,36.1,42.9,40.5,1659.5,3256.4,1161.6,497.8,49.78,1.451,3.717,0.7,2.3
srv-0035,2026-08-09,11.7,15.9,14.4,35.9,39.8,38.4,1765.1,4806.6,1235.6,529.5,52.95,2.08,6.958,1.0,2.7
srv-0035,2026-08-10,19.3,26.0,23.7,37.9,41.0,39.9,3440.8,9234.8,2408.6,1032.3,103.23,3.827,7.798,2.5,4.3
srv-0035,2026-08-11,18.7,30.8,26.6,38.6,42.1,40.9,3775.7,9452.2,2643.0,1132.7,113.27,5.091,13.459,2.5,9.3
srv-0035,2026-08-12,17.4,29.5,25.3,37.6,40.9,39.8,3130.6,6460.7,2191.4,939.2,93.92,2.974,10.052,2.6,8.3
srv-0035,2026-08-13,16.2,23.7,21.0,37.6,39.7,39.0,3120.1,7604.8,2184.1,936.0,93.6,2.661,7.627,2.1,5.0
srv-0035,2026-08-14,16.1,26.3,22.8,38.3,44.5,42.3,3965.9,10832.5,2776.2,1189.8,118.98,4.155,9.813,2.5,7.3
srv-0035,2026-08-15,14.5,23.9,20.6,36.6,41.9,40.1,2861.1,7207.3,2002.8,858.3,85.83,2.427,7.95,2.2,4.5
srv-0035,2026-08-16,13.4,18.8,16.9,36.4,42.7,40.5,2474.9,5301.0,1732.4,742.5,74.25,1.936,6.365,1.5,5.7
srv-0035,2026-08-17,14.8,24.6,21.2,37.7,45.9,43.1,3767.8,8220.9,2637.5,1130.3,113.03,3.834,7.847,1.8,7.8
srv-0035,2026-08-18,18.7,46.4,36.7,37.9,42.2,40.7,3763.9,11850.2,2634.7,1129.2,112.92,6.162,18.627,5.6,16.2
srv-0035,2026-08-19,14.8,24.7,21.2,37.7,43.5,41.5,2532.7,5578.1,1772.9,759.8,75.98,3.008,11.716,2.7,6.2
srv-0035,2026-08-20,16.7,25.3,22.3,37.9,42.1,40.6,2590.4,5632.2,1813.3,777.1,77.71,4.398,6.06,1.7,6.0
srv-0035,2026-08-21,18.2,28.6,24.9,37.5,41.6,40.1,2760.0,6637.9,1932.0,828.0,82.8,2.734,6.039,2.5,5.5
srv-0035,2026-08-22,13.4,35.4,27.7,36.2,43.5,40.9,1737.4,7475.9,1216.2,521.2,52.12,2.54,6.687,2.2,5.1
srv-0035,2026-08-23,11.7,15.5,14.2,36.6,42.0,40.1,1811.2,3770.3,1267.8,543.3,54.33,1.658,4.946,1.2,2.6
srv-0035,2026-08-24,18.2,26.3,23.5,37.5,42.7,40.9,2851.8,7660.8,1996.2,855.5,85.55,3.36,9.124,2.9,5.6
srv-0035,2026-08-25,20.9,29.8,26.7,38.6,42.6,41.2,3762.8,8674.1,2634.0,1128.8,112.88,4.751,8.781,3.6,7.0
srv-0035,2026-08-26,16.7,24.0,21.4,37.5,43.6,41.5,2420.7,4586.2,1694.5,726.2,72.62,3.77,11.325,2.0,4.9
srv-0035,2026-08-27,18.7,24.7,22.6,38.2,40.6,39.8,3236.6,8067.9,2265.6,971.0,97.1,3.482,11.271,2.7,5.3
srv-0035,2026-08-28,14.0,17.7,16.4,37.5,40.2,39.2,2502.0,4678.9,1751.4,750.6,75.06,3.44,5.903,2.5,4.3
srv-0035,2026-08-29,10.7,13.9,12.8,36.2,39.3,38.2,2112.9,4941.3,1479.0,633.9,63.39,1.676,3.785,1.1,1.7
srv-0035,2026-08-30,12.1,16.2,14.8,36.6,40.7,39.3,2417.3,5804.2,1692.1,725.2,72.52,2.663,7.254,2.1,7.0
srv-0035,2026-08-31,17.5,25.3,22.6,37.6,41.2,40.0,3251.1,8601.1,2275.8,975.3,97.53,3.262,7.94,1.7,3.8
srv-0035,2026-09-01,22.5,31.6,28.4,38.8,44.3,42.4,2986.2,6469.6,2090.3,895.8,89.58,3.128,13.837,2.4,6.7
srv-0035,2026-09-02,18.4,24.7,22.5,37.7,40.9,39.8,2331.1,5323.8,1631.8,699.3,69.93,3.424,9.872,2.0,8.6
srv-0035,2026-09-03,20.1,34.0,29.1,38.6,41.3,40.4,3120.2,7043.0,2184.2,936.1,93.61,3.431,10.299,1.7,7.5
srv-0035,2026-09-04,17.9,29.4,25.4,38.5,46.4,43.6,2964.2,6428.3,2074.9,889.3,88.93,3.259,8.931,1.4,7.4
srv-0035,2026-09-05,13.0,16.9,15.5,36.5,41.8,39.9,2511.2,4854.5,1757.8,753.4,75.34,1.73,4.622,1.6,2.2
srv-0035,2026-09-06,10.7,15.2,13.7,35.8,43.4,40.7,2303.5,4306.8,1612.4,691.0,69.1,2.716,7.376,2.0,5.7
srv-0036,2026-08-08,9.1,13.0,11.6,81.7,97.0,91.6,506.4,986.0,354.5,151.9,15.19,4.725,4.414,2.1,2.0
srv-0036,2026-08-09,7.0,9.8,8.8,81.0,93.4,89.1,484.8,978.2,339.3,145.4,14.54,4.724,5.479,2.9,4.9
srv-0036,2026-08-10,12.3,17.1,15.4,85.5,91.9,89.6,716.3,1426.4,501.4,214.9,21.49,5.731,4.164,3.8,2.1
srv-0036,2026-08-11,13.6,20.7,18.2,85.9,98.4,94.0,864.2,1861.5,604.9,259.3,25.93,4.744,5.312,3.0,2.7
srv-0036,2026-08-12,12.6,21.3,18.2,86.5,91.2,89.6,941.2,2504.1,658.9,282.4,28.24,5.515,5.496,3.2,5.1
srv-0036,2026-08-13,9.4,13.3,11.9,83.9,99,93.7,924.3,2090.6,647.0,277.3,27.73,4.435,4.361,3.9,1.6
srv-0036,2026-08-14,11.4,15.2,13.8,84.9,90.0,88.2,706.7,1604.5,494.7,212.0,21.2,3.846,4.018,1.9,3.2
srv-0036,2026-08-15,7.6,12.8,11.0,80.8,93.0,88.7,663.3,1787.9,464.3,199.0,19.9,4.12,4.02,2.5,3.4
srv-0036,2026-08-16,7.1,8.9,8.3,81.2,92.6,88.6,653.3,1785.4,457.3,196.0,19.6,3.567,5.273,2.1,4.1
srv-0036,2026-08-17,13.3,20.1,17.7,86.1,96.5,92.9,960.6,1844.0,672.4,288.2,28.82,4.96,6.082,4.2,2.3
srv-0036,2026-08-18,12.6,19.4,17.1,85.7,99,94.4,977.8,2554.6,684.4,293.3,29.33,3.939,4.756,2.2,2.9
srv-0036,2026-08-19,12.2,29.6,23.5,85.3,96.2,92.4,1006.5,4602.5,704.6,302.0,30.2,9.541,9.386,7.5,3.9
srv-0036,2026-08-20,10.2,15.6,13.7,84.7,96.0,92.0,689.1,1708.0,482.3,206.7,20.67,3.838,7.328,2.0,5.1
srv-0036,2026-08-21,13.9,19.1,17.3,85.9,97.6,93.5,912.2,2390.0,638.6,273.7,27.37,5.205,8.189,3.9,6.0
srv-0036,2026-08-22,7.8,10.7,9.7,80.4,85.6,83.7,670.6,1753.4,469.4,201.2,20.12,3.62,2.914,2.7,2.1
srv-0036,2026-08-23,7.2,9.0,8.3,80.9,95.6,90.4,577.7,1217.9,404.4,173.3,17.33,3.686,2.735,3.0,1.4
srv-0036,2026-08-24,14.1,22.5,19.6,86.4,96.3,92.8,924.1,1899.1,646.9,277.2,27.72,3.799,4.978,1.4,2.1
srv-0036,2026-08-25,13.2,32.9,26.0,86.3,99,94.5,1168.5,5415.3,817.9,350.5,35.05,7.125,10.161,2.8,9.3
srv-0036,2026-08-26,11.4,18.1,15.8,86.9,99,94.8,889.7,2103.6,622.8,266.9,26.69,4.431,8.531,2.8,7.8
srv-0036,2026-08-27,11.4,18.4,16.0,85.0,96.3,92.3,701.5,1785.8,491.0,210.4,21.04,5.353,6.031,2.3,3.4
srv-0036,2026-08-28,9.7,14.3,12.7,83.6,96.0,91.7,609.5,1524.9,426.6,182.8,18.28,5.664,6.106,3.0,5.8
srv-0036,2026-08-29,7.7,12.7,11.0,81.0,93.1,88.9,513.2,1141.2,359.2,154.0,15.4,3.676,4.15,3.1,3.5
srv-0036,2026-08-30,6.4,9.3,8.3,80.2,96.9,91.0,621.4,1275.3,435.0,186.4,18.64,2.453,2.864,1.4,2.0
srv-0036,2026-08-31,11.2,17.7,15.5,84.1,99,93.8,828.5,1917.5,579.9,248.5,24.85,6.574,7.199,3.6,6.9
srv-0036,2026-09-01,12.0,17.1,15.3,87.0,99,94.8,909.5,1889.4,636.7,272.9,27.29,4.129,6.582,3.2,5.2
srv-0036,2026-09-02,10.0,13.0,11.9,84.6,90.1,88.2,934.9,1789.5,654.4,280.5,28.05,3.634,4.832,2.2,4.4
srv-0036,2026-09-03,9.2,15.3,13.2,84.0,94.5,90.8,922.6,2181.4,645.8,276.8,27.68,4.167,3.581,1.7,1.8
srv-0036,2026-09-04,9.7,13.1,11.9,84.5,99,93.9,993.6,2326.8,695.6,298.1,29.81,3.382,7.829,2.9,2.9
srv-0036,2026-09-05,7.2,9.5,8.7,79.8,84.8,83.1,508.4,1038.7,355.8,152.5,15.25,2.528,3.839,1.4,2.3
srv-0036,2026-09-06,7.2,11.6,10.1,81.1,93.3,89.1,702.9,1623.6,492.0,210.9,21.09,3.54,3.954,2.4,2.7
srv-0038,2026-08-08,12.2,18.4,16.2,65.4,78.1,73.6,42.8,92.2,23.5,19.3,2.14,1.315,6.163,0.6,4.7
srv-0038,2026-08-09,19.0,28.2,25.0,66.6,78.9,74.6,52.3,141.8,28.8,23.5,2.62,1.271,7.839,0.8,7.8
srv-0038,2026-08-10,23.0,36.3,31.7,69.9,81.8,77.6,58.8,108.8,32.4,26.5,2.94,1.284,10.487,0.7,5.9
srv-0038,2026-08-11,22.6,37.9,32.6,69.4,77.4,74.6,80.8,166.0,44.4,36.4,4.04,1.346,13.151,1.1,13.2
srv-0038,2026-08-12,28.8,43.6,38.5,70.7,84.7,79.8,62.7,143.9,34.5,28.2,3.13,1.173,7.899,0.4,4.8
srv-0038,2026-08-13,26.5,44.5,38.2,70.8,84.5,79.7,64.1,175.4,35.3,28.8,3.21,2.453,12.464,0.9,12.6
srv-0038,2026-08-14,26.2,42.8,37.0,69.5,79.1,75.8,78.8,170.2,43.3,35.5,3.94,1.661,13.555,0.6,6.4
srv-0038,2026-08-15,13.5,17.8,16.3,65.8,72.9,70.4,49.9,113.9,27.4,22.4,2.49,0.917,9.204,0.5,6.1
srv-0038,2026-08-16,14.7,19.4,17.8,65.1,73.5,70.5,40.7,86.3,22.4,18.3,2.04,1.235,5.996,1.1,2.3
srv-0038,2026-08-17,22.4,33.5,29.6,68.7,79.2,75.6,57.9,111.0,31.8,26.0,2.89,1.103,6.59,0.6,6.7
srv-0038,2026-08-18,28.4,43.9,38.4,70.7,76.0,74.1,57.2,156.1,31.5,25.7,2.86,2.07,11.668,1.2,6.7
srv-0038,2026-08-19,23.2,32.8,29.4,69.1,75.2,73.1,62.8,124.6,34.6,28.3,3.14,2.103,8.575,1.1,8.4
srv-0038,2026-08-20,23.2,38.0,32.8,70.4,80.7,77.1,61.0,139.3,33.5,27.4,3.05,2.337,11.482,2.0,10.5
srv-0038,2026-08-21,23.5,37.0,32.3,70.2,77.8,75.1,62.4,122.2,34.3,28.1,3.12,1.55,14.888,1.2,13.8
srv-0038,2026-08-22,14.7,24.0,20.7,66.5,78.6,74.3,39.3,90.6,21.6,17.7,1.96,1.537,5.506,1.1,2.8
srv-0038,2026-08-23,17.5,28.1,24.4,66.1,70.0,68.6,42.6,81.3,23.4,19.2,2.13,1.126,4.758,0.9,2.7
srv-0038,2026-08-24,24.7,83.6,63.0,69.0,80.5,76.5,52.2,319.3,28.7,23.5,2.61,2.797,19.589,1.1,10.5
srv-0038,2026-08-25,22.9,36.3,31.6,70.0,77.5,74.9,74.3,137.2,40.8,33.4,3.71,2.224,11.462,2.0,5.1
srv-0038,2026-08-26,27.1,33.9,31.5,69.8,76.2,74.0,85.1,233.5,46.8,38.3,4.26,1.39,7.964,1.2,5.1
srv-0038,2026-08-27,25.6,34.7,31.6,71.0,83.4,79.0,87.1,217.8,47.9,39.2,4.35,2.296,11.477,1.6,9.9
srv-0038,2026-08-28,25.6,42.3,36.5,70.9,82.2,78.3,81.2,221.6,44.7,36.6,4.06,1.706,11.735,1.0,9.3
srv-0038,2026-08-29,16.3,25.0,21.9,66.6,78.7,74.5,54.9,116.5,30.2,24.7,2.74,0.867,8.071,0.6,8.2
srv-0038,2026-08-30,15.8,23.3,20.7,66.9,78.4,74.4,47.3,104.2,26.0,21.3,2.37,0.981,8.349,0.9,4.1
srv-0038,2026-08-31,25.4,99,73.2,69.3,81.5,77.2,56.0,328.8,30.8,25.2,2.8,2.909,32.377,2.6,14.6
srv-0038,2026-09-01,23.7,31.1,28.5,69.7,77.5,74.8,74.1,153.8,40.8,33.3,3.7,1.88,13.46,1.7,5.6
srv-0038,2026-09-02,25.1,42.4,36.3,70.8,74.5,73.2,78.6,142.8,43.3,35.4,3.93,1.883,16.072,1.3,15.8
srv-0038,2026-09-03,27.1,37.9,34.1,69.9,75.6,73.6,68.6,186.6,37.7,30.9,3.43,2.08,14.834,1.3,7.4
srv-0038,2026-09-04,25.3,41.2,35.7,69.9,74.8,73.1,57.1,106.2,31.4,25.7,2.85,1.337,10.79,1.2,7.3
srv-0038,2026-09-05,12.1,19.5,16.9,65.1,71.7,69.4,38.1,81.7,21.0,17.2,1.91,0.688,7.289,0.6,7.2
srv-0038,2026-09-06,12.4,17.1,15.4,65.4,74.1,71.0,37.2,75.9,20.5,16.8,1.86,0.793,5.403,0.5,5.4
srv-0040,2026-08-08,15.6,20.6,18.9,59.0,64.6,62.7,362.1,920.8,199.2,163.0,18.11,3.387,2.187,2.9,1.5
srv-0040,2026-08-09,14.8,21.8,19.3,58.5,62.1,60.8,445.5,1012.5,245.0,200.5,22.28,3.0,2.257,2.2,1.8
srv-0040,2026-08-10,23.3,34.9,30.8,62.3,70.2,67.4,587.5,1059.4,323.1,264.4,29.37,4.084,3.984,2.2,2.3
srv-0040,2026-08-11,21.8,33.8,29.6,61.3,72.6,68.6,524.0,1209.8,288.2,235.8,26.2,5.293,2.52,2.1,2.1
srv-0040,2026-08-12,25.7,42.1,36.4,63.9,72.8,69.7,688.9,1615.3,378.9,310.0,34.44,4.591,4.071,2.0,3.3
srv-0040,2026-08-13,23.7,30.0,27.8,63.4,75.4,71.2,827.9,1546.5,455.4,372.6,41.4,6.413,4.281,4.5,1.7
srv-0040,2026-08-14,27.1,44.5,38.4,63.8,73.1,69.8,659.4,1657.5,362.7,296.7,32.97,6.234,4.0,2.5,1.5
srv-0040,2026-08-15,13.6,19.6,17.5,59.3,68.5,65.3,369.6,818.9,203.3,166.3,18.48,2.728,1.694,2.1,1.1
srv-0040,2026-08-16,15.2,20.0,18.3,60.1,70.8,67.0,549.8,1078.2,302.4,247.4,27.49,3.537,3.59,1.8,2.1
srv-0040,2026-08-17,23.0,37.3,32.3,63.0,75.7,71.3,774.7,1702.3,426.1,348.6,38.74,4.356,3.275,3.2,3.0
srv-0040,2026-08-18,23.1,31.8,28.7,62.0,68.3,66.1,614.3,1308.8,337.9,276.5,30.72,3.857,5.183,2.6,4.9
srv-0040,2026-08-19,22.0,35.0,30.5,62.3,66.5,65.0,521.5,1129.2,286.8,234.7,26.07,5.65,3.268,2.1,2.6
srv-0040,2026-08-20,25.8,37.4,33.3,62.3,71.2,68.1,503.4,1351.4,276.8,226.5,25.17,3.638,4.923,1.6,4.4
srv-0040,2026-08-21,28.1,46.2,39.8,62.9,69.1,67.0,720.7,1549.9,396.4,324.3,36.03,6.155,4.091,5.2,3.6
srv-0040,2026-08-22,13.4,19.7,17.5,58.4,68.4,64.9,382.4,757.3,210.3,172.1,19.12,3.329,1.72,2.6,0.8
srv-0040,2026-08-23,14.4,18.5,17.1,58.6,65.1,62.8,286.4,542.6,157.5,128.9,14.32,3.57,2.749,2.4,2.5
srv-0040,2026-08-24,23.6,79.0,59.6,61.5,66.9,65.0,672.1,3343.1,369.7,302.4,33.61,10.436,7.834,5.9,7.9
srv-0040,2026-08-25,24.9,33.8,30.7,62.4,68.0,66.0,601.1,1507.2,330.6,270.5,30.06,3.623,4.271,2.6,3.5
srv-0040,2026-08-26,21.9,33.9,29.7,63.0,66.3,65.1,534.0,1404.2,293.7,240.3,26.7,4.401,3.171,2.5,1.3
srv-0040,2026-08-27,25.8,43.3,37.2,62.6,68.5,66.4,497.2,1265.5,273.5,223.7,24.86,5.809,3.097,2.7,2.0
srv-0040,2026-08-28,21.8,34.7,30.2,62.4,74.5,70.3,725.3,1748.9,398.9,326.4,36.26,6.889,3.921,5.9,3.6
srv-0040,2026-08-29,15.3,20.7,18.8,59.0,70.7,66.6,443.0,1073.8,243.7,199.4,22.15,4.176,2.858,2.4,2.3
srv-0040,2026-08-30,15.7,20.5,18.8,59.3,62.9,61.6,409.8,830.0,225.4,184.4,20.49,3.463,3.74,2.6,3.6
srv-0040,2026-08-31,26.2,36.8,33.1,62.8,74.7,70.5,814.5,1711.3,448.0,366.5,40.73,7.021,2.756,6.1,2.0
srv-0040,2026-09-01,21.7,30.0,27.1,61.7,73.1,69.2,599.2,1296.8,329.5,269.6,29.96,3.609,5.053,1.8,2.6
srv-0040,2026-09-02,20.3,29.5,26.3,62.0,67.4,65.5,519.1,1057.5,285.5,233.6,25.95,6.744,3.677,3.5,3.6
srv-0040,2026-09-03,26.3,34.0,31.3,62.5,70.1,67.4,723.9,1453.9,398.1,325.7,36.19,6.09,5.135,3.8,3.7
srv-0040,2026-09-04,18.9,48.0,37.8,61.2,72.1,68.2,460.5,2379.3,253.3,207.2,23.03,7.393,5.379,4.8,5.0
srv-0040,2026-09-05,16.9,26.4,23.1,59.9,67.6,64.9,579.5,1301.5,318.7,260.8,28.97,4.229,1.86,2.2,1.5
srv-0040,2026-09-06,15.4,24.2,21.1,58.6,63.6,61.8,289.3,707.7,159.1,130.2,14.46,3.896,2.366,1.8,1.0
srv-0041,2026-08-08,17.0,25.8,22.7,30.3,32.0,31.4,317.1,658.7,174.4,142.7,15.85,2.557,2.409,1.7,2.2
srv-0041,2026-08-09,15.8,25.0,21.8,30.0,31.7,31.1,259.8,623.3,142.9,116.9,12.99,3.009,1.065,2.3,0.5
srv-0041,2026-08-10,35.2,46.6,42.6,32.5,38.5,36.4,396.1,1055.5,217.8,178.2,19.8,4.991,2.864,4.4,1.9
srv-0041,2026-08-11,28.8,41.3,36.9,31.5,36.9,35.0,325.0,705.9,178.7,146.2,16.25,5.225,2.098,3.1,1.4
srv-0041,2026-08-12,25.5,35.0,31.7,31.4,37.3,35.2,293.9,534.6,161.7,132.3,14.7,4.211,1.637,3.9,0.9
srv-0041,2026-08-13,31.6,48.1,42.3,31.9,36.0,34.5,467.4,923.6,257.1,210.3,23.37,5.005,2.833,4.6,2.7
srv-0041,2026-08-14,33.9,44.0,40.5,32.5,37.0,35.5,341.2,638.4,187.7,153.5,17.06,6.701,2.952,3.6,2.2
srv-0041,2026-08-15,17.9,27.9,24.4,30.0,33.5,32.3,248.0,602.0,136.4,111.6,12.4,2.769,1.592,1.9,1.5
srv-0041,2026-08-16,16.9,27.9,24.0,30.0,33.5,32.3,187.6,473.8,103.2,84.4,9.38,2.828,1.814,1.2,1.5
srv-0041,2026-08-17,30.6,48.3,42.1,31.9,38.2,36.0,295.7,558.9,162.6,133.1,14.79,6.14,2.679,3.1,2.1
srv-0041,2026-08-18,25.8,34.5,31.4,31.3,33.3,32.6,403.8,735.9,222.1,181.7,20.19,3.932,2.149,2.8,1.1
srv-0041,2026-08-19,29.4,49.0,42.1,32.5,37.0,35.4,425.8,1040.6,234.2,191.6,21.29,4.636,2.216,3.4,1.2
srv-0041,2026-08-20,27.3,43.4,37.8,32.0,33.8,33.2,400.4,741.6,220.2,180.2,20.02,3.991,3.043,2.4,1.5
srv-0041,2026-08-21,29.8,49.3,42.5,32.0,37.4,35.5,445.5,1031.7,245.0,200.5,22.28,3.878,1.752,2.3,1.5
srv-0041,2026-08-22,20.3,29.2,26.1,30.7,35.9,34.1,311.6,736.6,171.4,140.2,15.58,2.788,1.533,1.9,0.8
srv-0041,2026-08-23,18.6,24.0,22.1,30.3,32.7,31.9,261.9,509.4,144.0,117.8,13.09,2.425,1.388,1.7,0.5
srv-0041,2026-08-24,28.8,36.4,33.7,31.4,35.5,34.0,294.0,795.2,161.7,132.3,14.7,3.625,2.191,3.0,1.3
srv-0041,2026-08-25,30.5,51.1,43.9,31.8,37.6,35.5,314.3,633.4,172.9,141.4,15.72,3.86,2.68,2.6,1.8
srv-0041,2026-08-26,32.5,47.0,41.9,32.6,38.0,36.1,365.2,686.1,200.9,164.4,18.26,6.652,3.042,5.8,2.8
srv-0041,2026-08-27,32.5,46.0,41.3,32.6,35.5,34.5,498.6,1056.3,274.2,224.4,24.93,4.955,2.945,4.5,2.8
srv-0041,2026-08-28,31.1,39.5,36.6,31.8,37.7,35.6,407.9,1050.7,224.3,183.6,20.4,4.334,2.545,1.6,1.7
srv-0041,2026-08-29,14.8,23.8,20.6,30.0,33.4,32.2,245.1,641.1,134.8,110.3,12.26,2.606,1.682,2.1,0.9
srv-0041,2026-08-30,19.6,31.9,27.6,30.1,32.7,31.8,188.1,356.0,103.5,84.6,9.4,3.281,1.813,1.5,1.2
srv-0041,2026-08-31,25.2,39.7,34.7,31.8,35.5,34.2,287.2,749.8,158.0,129.3,14.36,6.573,2.485,3.0,1.7
srv-0041,2026-09-01,32.3,40.7,37.7,32.0,36.6,35.0,329.7,913.1,181.4,148.4,16.49,4.974,2.811,4.1,1.6
srv-0041,2026-09-02,32.3,46.8,41.7,32.2,37.4,35.6,318.8,723.6,175.4,143.5,15.94,4.919,2.732,3.8,1.7
srv-0041,2026-09-03,25.2,33.9,30.9,31.8,38.2,36.0,395.0,953.8,217.2,177.7,19.75,3.623,3.183,2.8,2.6
srv-0041,2026-09-04,26.1,36.2,32.6,32.0,34.7,33.8,381.2,834.7,209.6,171.5,19.06,5.874,1.716,3.9,1.1
srv-0041,2026-09-05,18.9,30.2,26.3,30.1,35.0,33.3,251.8,638.7,138.5,113.3,12.59,3.362,1.811,2.3,1.8
srv-0041,2026-09-06,19.4,31.5,27.3,30.5,35.7,33.9,315.5,808.3,173.5,142.0,15.78,2.922,1.31,1.6,1.3
srv-0042,2026-08-08,3.6,4.7,4.3,58.2,64.2,62.1,387.2,1027.8,271.0,116.1,11.61,0.898,1.314,0.5,0.6
srv-0042,2026-08-09,4.4,6.4,5.7,59.9,65.5,63.5,689.2,1846.8,482.4,206.8,20.68,1.581,1.189,0.7,0.5
srv-0042,2026-08-10,4.9,6.6,6.0,61.8,68.3,66.0,686.7,1390.0,480.7,206.0,20.6,2.042,2.106,1.2,1.9
srv-0042,2026-08-11,5.6,8.9,7.8,61.7,65.1,63.9,630.0,1260.8,441.0,189.0,18.9,2.409,1.324,1.3,1.3
srv-0042,2026-08-12,6.2,15.5,12.2,63.0,71.9,68.8,799.5,3548.4,559.7,239.9,23.99,3.75,3.283,1.5,3.2
srv-0042,2026-08-13,5.4,6.7,6.3,61.5,73.7,69.4,811.0,2037.4,567.7,243.3,24.33,2.662,1.903,2.0,1.8
srv-0042,2026-08-14,6.1,9.2,8.1,62.1,72.8,69.1,800.9,1837.2,560.7,240.3,24.03,2.452,2.381,1.1,2.3
srv-0042,2026-08-15,3.7,5.8,5.1,59.5,66.5,64.1,464.1,1078.8,324.9,139.2,13.92,1.482,1.671,0.7,1.5
srv-0042,2026-08-16,3.6,5.0,4.5,58.5,61.8,60.7,362.1,1007.0,253.5,108.6,10.86,1.345,1.36,0.6,0.6
srv-0042,2026-08-17,4.8,6.4,5.9,61.1,67.2,65.1,701.0,1799.4,490.7,210.3,21.03,2.305,1.912,1.4,1.2
srv-0042,2026-08-18,5.6,9.4,8.1,63.4,69.1,67.1,750.6,1493.4,525.4,225.2,22.52,2.747,2.164,2.4,1.4
srv-0042,2026-08-19,5.2,8.0,7.0,62.6,73.0,69.3,817.4,1696.8,572.2,245.2,24.52,2.885,1.697,2.6,1.0
srv-0042,2026-08-20,5.9,9.1,7.9,62.9,68.6,66.6,879.3,2251.3,615.5,263.8,26.38,1.871,1.212,1.0,0.6
srv-0042,2026-08-21,4.9,8.0,6.9,61.4,68.4,66.0,729.6,1562.3,510.7,218.9,21.89,1.584,1.205,0.9,0.6
srv-0042,2026-08-22,3.7,4.7,4.4,58.5,69.4,65.6,375.6,1010.5,263.0,112.7,11.27,1.619,0.95,1.1,0.5
srv-0042,2026-08-23,3.9,5.7,5.1,59.6,65.9,63.7,489.2,1035.8,342.4,146.7,14.67,1.904,1.042,0.8,0.9
srv-0042,2026-08-24,5.5,7.3,6.6,61.1,70.1,67.0,823.7,1495.7,576.6,247.1,24.71,1.383,1.461,0.5,1.2
srv-0042,2026-08-25,5.5,7.9,7.1,60.9,73.5,69.1,557.8,1501.5,390.4,167.3,16.73,2.251,1.906,1.5,1.4
srv-0042,2026-08-26,5.7,7.4,6.8,61.3,74.2,69.7,764.8,2039.8,535.4,229.5,22.95,1.978,1.004,1.3,0.5
srv-0042,2026-08-27,6.0,9.4,8.2,62.6,66.1,64.9,760.1,1924.7,532.0,228.0,22.8,2.959,1.66,2.2,1.1
srv-0042,2026-08-28,5.2,8.1,7.1,61.5,67.9,65.7,681.2,1742.2,476.8,204.4,20.44,1.807,1.345,1.2,1.4
srv-0042,2026-08-29,3.9,5.4,4.8,59.3,62.7,61.5,572.5,1502.1,400.8,171.8,17.18,1.561,0.967,0.6,0.5
srv-0042,2026-08-30,3.7,6.1,5.2,59.3,66.5,64.0,549.1,1337.5,384.3,164.7,16.47,1.444,1.308,0.7,0.5
srv-0042,2026-08-31,5.7,7.8,7.1,62.7,74.1,70.1,784.1,1972.1,548.9,235.2,23.52,2.599,2.164,1.6,1.8
srv-0042,2026-09-01,6.4,8.3,7.6,63.2,69.6,67.4,1023.0,2125.8,716.1,306.9,30.69,2.232,2.695,1.5,2.2
srv-0042,2026-09-02,6.0,8.8,7.9,63.6,74.5,70.7,747.0,1911.3,522.9,224.1,22.41,3.021,2.253,2.7,1.8
srv-0042,2026-09-03,5.2,8.0,7.0,62.1,73.7,69.7,648.6,1686.5,454.1,194.6,19.46,2.285,1.422,1.1,0.7
srv-0042,2026-09-04,4.7,7.5,6.5,61.2,68.7,66.1,785.7,1775.1,550.0,235.7,23.57,2.08,1.489,0.8,0.9
srv-0042,2026-09-05,3.4,4.8,4.3,58.6,70.6,66.4,392.7,801.5,274.9,117.8,11.78,0.867,0.96,0.5,0.7
srv-0042,2026-09-06,3.4,4.9,4.4,58.5,68.4,65.0,483.1,1329.2,338.2,144.9,14.49,1.492,1.413,1.2,0.8
srv-0043,2026-08-08,9.2,13.3,11.8,79.8,84.4,82.8,3291.2,6010.2,2303.9,987.4,98.74,1.456,0.896,0.8,0.4
srv-0043,2026-08-09,10.3,16.8,14.6,80.6,88.0,85.4,3899.1,9917.3,2729.3,1169.7,116.97,3.067,1.403,1.2,1.1
srv-0043,2026-08-10,15.2,24.2,21.1,83.9,89.5,87.5,4154.8,11625.2,2908.3,1246.4,124.64,3.016,1.529,1.7,0.7
srv-0043,2026-08-11,14.7,25.0,21.4,84.6,94.1,90.8,5174.9,12975.6,3622.4,1552.5,155.25,2.434,1.389,1.6,1.3
srv-0043,2026-08-12,19.9,28.2,25.3,86.6,94.7,91.9,5381.2,13869.8,3766.8,1614.4,161.44,4.035,2.699,1.5,1.6
srv-0043,2026-08-13,17.0,23.1,21.0,86.2,99,94.5,5409.9,13833.7,3786.9,1623.0,162.3,4.424,2.38,2.6,2.1
srv-0043,2026-08-14,13.8,22.7,19.6,83.0,94.4,90.4,4250.3,9565.6,2975.2,1275.1,127.51,2.9,1.567,2.2,1.3
srv-0043,2026-08-15,10.0,12.6,11.7,81.3,88.4,85.9,4433.0,10462.4,3103.1,1329.9,132.99,2.86,1.359,1.9,1.0
srv-0043,2026-08-16,9.8,16.3,14.0,80.6,93.8,89.2,3387.1,7599.0,2371.0,1016.1,101.61,2.572,1.132,1.2,0.7
srv-0043,2026-08-17,15.3,24.3,21.1,85.4,92.9,90.3,6366.6,17636.5,4456.6,1910.0,191.0,3.175,2.236,1.6,1.0
srv-0043,2026-08-18,16.6,26.6,23.1,86.0,99,94.5,6505.3,11920.7,4553.7,1951.6,195.16,4.575,2.075,3.4,1.2
srv-0043,2026-08-19,15.5,20.4,18.7,86.0,98.7,94.2,6365.3,12537.0,4455.7,1909.6,190.96,3.472,1.936,1.6,1.8
srv-0043,2026-08-20,16.9,26.5,23.2,86.1,92.5,90.3,6266.8,17144.7,4386.8,1880.0,188.0,3.755,2.359,1.9,1.4
srv-0043,2026-08-21,14.5,24.1,20.7,84.4,98.7,93.7,3777.6,7057.1,2644.3,1133.3,113.33,3.263,1.315,2.3,0.8
srv-0043,2026-08-22,10.6,17.6,15.2,80.3,86.7,84.5,2908.0,7799.8,2035.6,872.4,87.24,2.841,1.528,1.9,0.6
srv-0043,2026-08-23,9.0,13.6,12.0,79.7,87.0,84.4,3115.7,6643.2,2181.0,934.7,93.47,2.113,1.282,1.6,1.1
srv-0043,2026-08-24,19.0,25.3,23.1,86.1,91.7,89.7,5903.1,14996.6,4132.2,1770.9,177.09,5.081,2.236,3.9,0.9
srv-0043,2026-08-25,17.6,23.8,21.7,85.1,99,94.1,6029.1,16707.7,4220.4,1808.7,180.87,4.545,2.632,3.0,2.3
srv-0043,2026-08-26,13.5,19.7,17.5,83.1,87.9,86.2,3501.5,8334.5,2451.1,1050.5,105.05,2.193,2.32,1.0,2.2
srv-0043,2026-08-27,15.6,20.1,18.5,83.6,87.9,86.4,4329.9,11763.3,3031.0,1299.0,129.9,3.321,1.704,1.7,0.8
srv-0043,2026-08-28,13.7,19.6,17.5,83.4,88.8,86.9,4896.1,11988.3,3427.3,1468.8,146.88,2.851,2.244,2.2,1.7
srv-0043,2026-08-29,9.6,12.2,11.3,80.7,85.0,83.5,3139.7,6609.8,2197.8,941.9,94.19,3.029,1.024,1.1,1.0
srv-0043,2026-08-30,8.3,13.7,11.8,80.0,97.1,91.1,2698.5,6042.3,1888.9,809.5,80.95,1.652,1.646,1.1,0.7
srv-0043,2026-08-31,14.4,19.1,17.4,83.5,99,93.6,4379.9,9641.7,3065.9,1314.0,131.4,2.886,1.997,1.7,1.2
srv-0043,2026-09-01,17.1,46.1,35.9,85.6,92.9,90.4,6512.2,30997.0,4558.5,1953.7,195.37,5.064,3.576,2.0,1.5
srv-0043,2026-09-02,13.2,21.6,18.7,83.2,98.1,92.9,4465.1,9936.3,3125.6,1339.5,133.95,2.012,1.566,0.9,1.4
srv-0043,2026-09-03,14.1,18.7,17.1,84.3,96.1,91.9,4695.2,11287.4,3286.6,1408.6,140.86,2.512,1.345,1.9,1.0
srv-0043,2026-09-04,15.7,22.0,19.8,83.7,99,93.7,4059.4,9904.3,2841.6,1217.8,121.78,4.353,1.226,3.3,1.0
srv-0043,2026-09-05,9.7,13.5,12.1,80.3,97.8,91.7,3394.6,6937.6,2376.2,1018.4,101.84,2.002,1.346,1.6,0.6
srv-0043,2026-09-06,10.6,14.9,13.4,80.5,90.7,87.2,3906.5,10929.8,2734.5,1171.9,117.19,3.056,0.814,1.8,0.7
srv-0044,2026-08-08,31.2,39.5,36.6,59.2,67.8,64.8,140.1,380.7,77.1,63.1,7.01,4.22,3.167,3.3,2.7
srv-0044,2026-08-09,26.2,38.1,33.9,58.8,66.3,63.7,192.6,360.4,105.9,86.7,9.63,4.041,2.27,2.8,1.3
srv-0044,2026-08-10,39.1,55.8,50.0,61.1,67.4,65.2,229.6,458.2,126.3,103.3,11.48,5.955,4.939,3.4,4.4
srv-0044,2026-08-11,36.3,52.2,46.6,61.0,69.2,66.3,215.1,578.3,118.3,96.8,10.76,5.794,2.948,3.9,1.4
srv-0044,2026-08-12,39.1,55.2,49.6,62.1,65.4,64.2,254.0,604.0,139.7,114.3,12.7,3.452,5.346,1.9,5.3
srv-0044,2026-08-13,45.9,61.6,56.1,62.4,68.4,66.3,215.0,482.3,118.2,96.7,10.75,7.034,4.069,3.2,2.6
srv-0044,2026-08-14,36.8,50.5,45.7,61.8,66.2,64.6,197.3,458.8,108.5,88.8,9.87,6.535,3.455,3.6,1.6
srv-0044,2026-08-15,26.0,85.3,64.6,57.8,66.4,63.4,138.6,587.9,76.2,62.4,6.93,3.837,3.357,2.1,3.1
srv-0044,2026-08-16,25.4,34.4,31.3,58.9,67.4,64.4,119.2,270.5,65.5,53.6,5.96,3.561,2.939,2.9,2.0
srv-0044,2026-08-17,48.0,62.4,57.4,62.6,71.8,68.6,212.4,518.2,116.8,95.6,10.62,6.207,3.882,3.1,2.9
srv-0044,2026-08-18,35.9,50.8,45.6,61.2,71.9,68.2,209.5,474.5,115.2,94.3,10.47,5.898,4.913,3.9,4.3
srv-0044,2026-08-19,48.0,99,81.1,62.5,72.1,68.7,193.6,994.9,106.5,87.1,9.68,10.152,8.506,5.3,5.5
srv-0044,2026-08-20,48.4,69.2,61.9,62.2,71.5,68.3,279.2,610.3,153.6,125.6,13.96,3.583,3.12,2.1,2.5
srv-0044,2026-08-21,47.3,59.7,55.4,62.6,73.9,69.9,211.7,386.0,116.4,95.3,10.59,4.943,2.787,2.3,2.1
srv-0044,2026-08-22,24.5,40.4,34.8,58.3,64.0,62.0,147.8,364.7,81.3,66.5,7.39,3.0,3.04,2.7,2.5
srv-0044,2026-08-23,31.7,52.3,45.1,58.8,69.6,65.8,189.6,431.1,104.3,85.3,9.48,3.677,2.366,1.7,0.9
srv-0044,2026-08-24,43.0,61.9,55.3,61.6,74.2,69.8,233.3,436.8,128.3,105.0,11.67,3.712,2.916,1.8,1.3
srv-0044,2026-08-25,35.7,44.9,41.7,61.0,68.3,65.7,247.2,677.5,136.0,111.2,12.36,5.969,4.607,5.1,4.3
srv-0044,2026-08-26,46.8,75.1,65.2,62.7,72.5,69.0,249.2,593.4,137.0,112.1,12.46,3.886,4.029,2.8,3.9
srv-0044,2026-08-27,41.5,66.7,57.9,61.3,69.0,66.3,248.5,548.5,136.7,111.8,12.43,4.43,3.976,2.9,1.9
srv-0044,2026-08-28,49.4,68.3,61.7,62.8,76.5,71.7,267.6,569.0,147.2,120.4,13.38,5.662,3.674,3.2,2.5
srv-0044,2026-08-29,29.3,44.9,39.4,58.7,63.8,62.0,186.1,519.0,102.3,83.7,9.3,3.079,2.041,1.1,1.1
srv-0044,2026-08-30,25.4,37.5,33.3,58.1,68.3,64.8,127.1,229.7,69.9,57.2,6.36,3.046,2.195,2.4,1.3
srv-0044,2026-08-31,43.7,55.4,51.3,61.4,74.0,69.6,250.6,482.4,137.9,112.8,12.53,4.055,2.551,2.9,1.8
srv-0044,2026-09-01,44.9,73.4,63.4,61.4,74.7,70.0,260.1,683.6,143.1,117.0,13.0,3.421,4.887,1.5,4.1
srv-0044,2026-09-02,40.8,52.9,48.6,61.9,67.1,65.3,225.4,450.0,123.9,101.4,11.27,5.375,4.933,2.2,3.3
srv-0044,2026-09-03,32.3,52.7,45.6,60.5,66.4,64.4,158.5,370.0,87.2,71.3,7.92,2.915,4.077,2.1,2.6
srv-0044,2026-09-04,40.0,68.0,58.2,61.8,70.1,67.2,215.6,421.4,118.6,97.0,10.78,5.641,4.708,2.5,3.2
srv-0044,2026-09-05,23.3,38.3,33.0,58.3,61.6,60.4,146.2,409.1,80.4,65.8,7.31,3.479,3.063,1.7,2.6
srv-0044,2026-09-06,30.1,45.0,39.8,58.6,68.4,64.9,169.1,419.8,93.0,76.1,8.45,4.173,3.227,1.9,2.9
srv-0047,2026-08-08,7.2,11.0,9.6,35.4,41.6,39.4,223.9,545.0,123.1,100.7,11.19,3.467,2.176,1.5,2.2
srv-0047,2026-08-09,7.4,10.5,9.4,34.6,41.6,39.2,234.9,576.4,129.2,105.7,11.74,3.655,2.02,3.1,1.6
srv-0047,2026-08-10,11.2,35.6,27.1,36.6,44.0,41.4,336.4,1617.0,185.0,151.4,16.82,12.811,7.157,9.9,5.8
srv-0047,2026-08-11,10.9,17.9,15.4,37.1,43.3,41.1,450.2,1149.2,247.6,202.6,22.51,5.96,3.141,4.8,1.7
srv-0047,2026-08-12,11.4,18.5,16.0,36.8,43.0,40.8,291.2,531.8,160.2,131.1,14.56,6.6,3.525,4.8,2.3
srv-0047,2026-08-13,11.4,16.1,14.4,37.5,44.4,42.0,453.2,1031.0,249.3,204.0,22.66,6.942,2.494,5.5,1.1
srv-0047,2026-08-14,9.6,13.8,12.3,36.1,39.7,38.5,276.1,654.6,151.9,124.2,13.8,3.287,3.47,1.3,2.7
srv-0047,2026-08-15,7.9,11.2,10.0,35.0,42.5,39.9,275.6,676.4,151.6,124.0,13.78,4.211,2.894,2.8,1.5
srv-0047,2026-08-16,8.7,11.9,10.8,35.2,39.6,38.0,285.0,754.8,156.7,128.2,14.25,4.03,1.657,3.7,1.5
srv-0047,2026-08-17,10.6,16.1,14.2,36.8,39.5,38.6,310.5,624.5,170.8,139.7,15.53,4.152,3.165,2.5,3.1
srv-0047,2026-08-18,8.6,14.4,12.3,36.2,40.2,38.8,271.0,601.2,149.1,122.0,13.55,4.735,3.593,1.8,2.6
srv-0047,2026-08-19,10.8,16.1,14.3,37.4,40.1,39.2,320.6,886.0,176.4,144.3,16.03,6.98,4.802,4.4,3.5
srv-0047,2026-08-20,9.9,16.5,14.2,36.8,40.8,39.4,290.5,532.8,159.8,130.7,14.52,5.018,3.976,2.9,3.5
srv-0047,2026-08-21,11.0,16.7,14.7,36.4,40.5,39.0,260.8,621.7,143.4,117.3,13.04,3.609,2.758,2.6,2.5
srv-0047,2026-08-22,7.1,10.7,9.4,34.7,36.8,36.1,234.3,574.9,128.9,105.5,11.72,2.594,1.589,2.1,1.4
srv-0047,2026-08-23,8.7,14.6,12.5,35.3,42.5,40.0,251.0,659.1,138.1,113.0,12.55,4.86,2.627,3.5,1.9
srv-0047,2026-08-24,9.9,14.1,12.6,36.6,40.3,39.0,309.4,680.9,170.2,139.2,15.47,4.62,4.087,4.1,3.4
srv-0047,2026-08-25,11.7,14.7,13.7,37.0,39.3,38.5,291.5,806.6,160.3,131.2,14.57,3.772,2.153,1.5,1.5
srv-0047,2026-08-26,14.0,22.0,19.2,37.6,40.4,39.4,372.6,922.9,204.9,167.7,18.63,4.73,3.319,1.8,2.2
srv-0047,2026-08-27,11.0,16.3,14.4,36.8,42.3,40.3,277.3,755.9,152.5,124.8,13.87,5.345,3.937,4.6,3.1
srv-0047,2026-08-28,11.4,17.6,15.4,37.3,42.1,40.4,340.1,776.5,187.0,153.0,17.0,7.701,3.373,5.9,1.8
srv-0047,2026-08-29,6.1,8.6,7.7,34.8,39.2,37.7,215.2,493.1,118.3,96.8,10.76,3.513,1.944,2.3,1.5
srv-0047,2026-08-30,9.0,13.4,11.9,35.4,38.0,37.1,221.6,471.3,121.9,99.7,11.08,2.559,3.006,2.0,1.6
srv-0047,2026-08-31,10.1,30.7,23.5,36.3,43.1,40.7,277.3,1064.7,152.5,124.8,13.86,6.014,5.259,2.8,4.6
srv-0047,2026-09-01,9.8,13.2,12.0,36.5,41.1,39.5,292.4,786.3,160.8,131.6,14.62,3.416,2.163,1.6,1.1
srv-0047,2026-09-02,10.0,14.7,13.0,36.1,43.4,40.8,260.9,708.2,143.5,117.4,13.05,5.972,2.792,2.8,1.6
srv-0047,2026-09-03,11.8,16.1,14.5,36.5,41.7,39.9,313.4,724.1,172.4,141.0,15.67,4.274,4.175,2.2,3.1
srv-0047,2026-09-04,9.4,12.3,11.3,36.0,40.4,38.8,235.9,504.9,129.7,106.1,11.79,5.157,2.947,2.0,3.0
srv-0047,2026-09-05,7.1,8.9,8.3,34.6,40.8,38.6,186.1,437.6,102.3,83.7,9.3,2.245,2.362,0.9,2.2
srv-0047,2026-09-06,7.2,21.7,16.6,34.5,40.1,38.2,178.1,772.9,97.9,80.1,8.9,7.582,3.165,6.8,1.2
srv-0049,2026-08-08,6.7,9.6,8.6,43.7,53.3,49.9,1272.0,2354.1,890.4,381.6,38.16,1.594,1.58,1.2,1.2
srv-0049,2026-08-09,8.8,13.5,11.8,44.1,48.1,46.7,1357.7,2881.9,950.4,407.3,40.73,1.024,1.374,0.9,0.6
srv-0049,2026-08-10,14.2,21.5,19.0,46.8,53.8,51.3,1794.5,4636.4,1256.1,538.3,53.83,3.087,3.034,2.4,2.0
srv-0049,2026-08-11,13.5,21.0,18.4,47.0,52.7,50.7,1503.7,3702.8,1052.6,451.1,45.11,2.057,2.778,1.4,2.3
srv-0049,2026-08-12,11.4,14.6,13.5,46.1,55.8,52.4,1910.3,3982.4,1337.2,573.1,57.31,2.964,1.365,2.3,0.5
srv-0049,2026-08-13,14.9,23.8,20.7,47.5,53.8,51.6,2483.9,6898.8,1738.8,745.2,74.52,2.464,2.545,1.2,1.7
srv-0049,2026-08-14,13.3,20.9,18.3,46.2,50.1,48.7,1635.8,3948.0,1145.1,490.7,49.07,2.171,2.029,1.7,1.8
srv-0049,2026-08-15,9.8,14.5,12.9,44.8,52.6,49.8,1301.0,2633.4,910.7,390.3,39.03,1.341,1.924,1.2,1.8
srv-0049,2026-08-16,9.5,14.5,12.8,44.1,53.1,50.0,1245.7,2599.3,872.0,373.7,37.37,1.842,1.106,1.5,0.7
srv-0049,2026-08-17,11.5,16.9,15.0,46.6,56.1,52.8,1544.7,3725.7,1081.3,463.4,46.34,2.928,2.322,1.2,1.2
srv-0049,2026-08-18,14.2,21.3,18.8,46.3,52.7,50.5,1384.0,3648.4,968.8,415.2,41.52,2.864,2.353,1.2,2.4
srv-0049,2026-08-19,12.5,17.0,15.4,46.9,52.3,50.4,1891.4,4454.1,1324.0,567.4,56.74,2.741,1.633,1.4,0.7
srv-0049,2026-08-20,13.4,20.1,17.8,46.7,55.3,52.3,1533.8,4150.8,1073.7,460.2,46.02,2.798,1.599,2.6,1.1
srv-0049,2026-08-21,12.8,21.2,18.2,46.8,49.2,48.3,1450.7,3599.5,1015.5,435.2,43.52,3.167,1.38,1.8,0.7
srv-0049,2026-08-22,9.8,16.6,14.2,44.5,52.4,49.6,1516.7,2788.1,1061.7,455.0,45.5,2.334,1.531,1.7,1.2
srv-0049,2026-08-23,8.0,10.5,9.6,43.5,47.5,46.1,821.6,2074.0,575.1,246.5,24.65,1.179,0.744,1.0,0.3
srv-0049,2026-08-24,12.2,20.3,17.5,46.6,56.3,52.9,1653.6,3302.8,1157.5,496.1,49.61,1.824,2.079,1.5,1.9
srv-0049,2026-08-25,10.5,16.6,14.4,45.5,55.4,51.9,1715.7,4215.1,1201.0,514.7,51.47,2.602,1.315,1.8,0.5
srv-0049,2026-08-26,12.3,15.5,14.3,46.5,50.0,48.8,1864.2,4189.1,1304.9,559.3,55.93,1.732,1.411,1.1,1.0
srv-0049,2026-08-27,12.4,15.7,14.6,46.9,53.2,51.0,1900.9,4331.4,1330.7,570.3,57.03,3.421,1.499,3.2,1.3
srv-0049,2026-08-28,14.9,22.9,20.1,46.9,56.6,53.2,2109.4,4062.8,1476.6,632.8,63.28,3.316,2.783,1.8,1.4
srv-0049,2026-08-29,10.4,14.1,12.8,44.6,52.4,49.6,1199.1,2409.3,839.4,359.7,35.97,1.356,1.484,0.8,1.5
srv-0049,2026-08-30,9.6,14.7,12.9,44.8,48.1,46.9,1052.4,2699.7,736.7,315.7,31.57,1.775,1.121,0.7,0.7
srv-0049,2026-08-31,11.7,15.0,13.9,45.8,55.1,51.8,1796.3,4725.4,1257.4,538.9,53.89,2.019,1.561,0.8,1.4
srv-0049,2026-09-01,16.1,27.4,23.4,47.2,51.8,50.2,2226.9,5575.3,1558.9,668.1,66.81,3.309,1.441,1.5,0.6
srv-0049,2026-09-02,11.5,16.8,15.0,46.3,52.8,50.5,2141.2,4740.7,1498.8,642.4,64.24,2.221,2.544,1.5,2.4
srv-0049,2026-09-03,12.8,21.2,18.3,46.7,55.4,52.3,1632.2,2996.9,1142.5,489.6,48.96,1.788,1.427,0.7,0.5
srv-0049,2026-09-04,15.4,22.2,19.8,47.3,56.9,53.5,1793.3,4973.8,1255.3,538.0,53.8,3.52,3.025,3.2,1.4
srv-0049,2026-09-05,10.0,15.0,13.3,44.6,52.9,50.0,1395.9,2792.2,977.1,418.8,41.88,2.369,1.117,1.8,0.8
srv-0049,2026-09-06,8.2,11.4,10.3,44.1,51.8,49.1,999.0,2406.0,699.3,299.7,29.97,1.042,1.864,0.4,1.7
srv-0050,2026-08-08,2.6,3.5,3.2,56.3,67.2,63.4,872.9,1722.5,611.0,261.9,26.19,2.579,1.227,1.1,0.5
srv-0050,2026-08-09,2.2,3.5,3.0,55.7,61.8,59.7,926.0,1831.8,648.2,277.8,27.78,2.282,1.208,1.6,0.6
srv-0050,2026-08-10,3.2,4.5,4.0,58.6,69.8,65.9,1323.1,3581.9,926.2,396.9,39.69,2.784,1.74,1.5,1.7
srv-0050,2026-08-11,3.7,5.8,5.0,60.1,65.2,63.4,1827.1,3366.9,1279.0,548.1,54.81,4.788,2.766,3.7,2.2
srv-0050,2026-08-12,3.4,4.5,4.1,59.3,64.5,62.7,1351.4,3718.3,946.0,405.4,40.54,3.096,2.77,2.2,2.1
srv-0050,2026-08-13,3.6,5.7,4.9,59.7,69.8,66.2,1361.7,2765.5,953.2,408.5,40.85,2.922,1.71,1.4,1.0
srv-0050,2026-08-14,3.1,7.1,5.7,57.6,64.9,62.3,1191.7,4588.0,834.2,357.5,35.75,4.837,4.461,3.7,3.3
srv-0050,2026-08-15,2.3,3.1,2.8,55.5,66.2,62.4,909.6,1735.8,636.7,272.9,27.29,2.63,1.624,1.4,0.8
srv-0050,2026-08-16,2.4,3.1,2.9,55.8,62.4,60.1,882.2,1985.2,617.5,264.7,26.47,2.595,1.167,2.3,1.0
srv-0050,2026-08-17,3.0,5.0,4.3,58.6,64.9,62.7,1739.0,4201.7,1217.3,521.7,52.17,3.623,2.531,2.7,1.1
srv-0050,2026-08-18,3.7,5.0,4.6,59.9,68.4,65.4,1308.8,2941.9,916.1,392.6,39.26,4.585,3.58,3.7,3.2
srv-0050,2026-08-19,2.9,4.5,3.9,58.1,63.0,61.3,1498.1,3170.0,1048.7,449.4,44.94,3.441,2.178,1.9,2.1
srv-0050,2026-08-20,2.9,4.5,3.9,58.1,67.8,64.4,1387.3,3154.9,971.1,416.2,41.62,2.216,2.957,1.0,2.8
srv-0050,2026-08-21,3.2,5.1,4.4,59.2,63.0,61.7,1500.5,3138.4,1050.3,450.1,45.01,4.348,2.013,2.3,1.1
srv-0050,2026-08-22,2.1,3.3,2.9,55.8,67.8,63.6,845.7,1845.1,592.0,253.7,25.37,1.986,2.157,1.5,1.7
srv-0050,2026-08-23,2.4,3.5,3.1,56.5,61.1,59.5,1053.8,2400.6,737.7,316.2,31.62,2.809,1.756,1.5,1.5
srv-0050,2026-08-24,3.5,5.5,4.8,58.6,62.2,60.9,1322.9,3319.4,926.0,396.9,39.69,2.234,2.655,0.9,1.8
srv-0050,2026-08-25,3.2,4.4,4.0,58.5,66.9,64.0,1152.4,2860.3,806.7,345.7,34.57,3.399,1.55,2.8,0.7
srv-0050,2026-08-26,3.3,5.3,4.6,58.6,68.6,65.1,1471.9,2680.2,1030.4,441.6,44.16,3.529,1.942,2.5,1.3
srv-0050,2026-08-27,3.7,6.1,5.2,59.2,67.9,64.9,1557.0,3022.3,1089.9,467.1,46.71,3.195,2.343,1.4,1.7
srv-0050,2026-08-28,3.4,4.7,4.2,58.4,69.7,65.7,1216.1,2723.6,851.3,364.8,36.48,1.989,2.123,1.4,1.7
srv-0050,2026-08-29,2.4,3.5,3.1,55.5,60.1,58.5,1111.9,2538.8,778.3,333.6,33.36,1.888,1.733,1.0,0.9
srv-0050,2026-08-30,2.1,3.4,2.9,55.8,63.0,60.5,1066.1,2785.6,746.3,319.8,31.98,1.522,2.186,0.9,1.8
srv-0050,2026-08-31,4.1,6.9,5.9,59.3,71.1,67.0,1693.2,3815.1,1185.2,508.0,50.8,2.281,3.511,1.8,2.6
srv-0050,2026-09-01,3.0,4.0,3.6,58.6,61.9,60.8,1456.8,3478.6,1019.8,437.1,43.71,4.112,1.746,2.4,0.9
srv-0050,2026-09-02,2.8,4.4,3.8,57.6,63.5,61.4,1242.5,2776.5,869.7,372.7,37.27,2.299,2.592,1.5,1.8
srv-0050,2026-09-03,2.9,3.9,3.6,57.6,61.2,59.9,1429.2,2909.1,1000.4,428.8,42.88,3.142,1.369,2.5,0.9
srv-0050,2026-09-04,3.8,5.0,4.6,59.5,71.2,67.1,1488.3,3216.9,1041.8,446.5,44.65,3.167,2.264,1.5,0.9
srv-0050,2026-09-05,2.1,2.7,2.5,55.1,64.1,61.0,708.2,1743.2,495.7,212.4,21.24,1.462,1.793,0.7,0.7
srv-0050,2026-09-06,2.4,3.1,2.9,55.7,59.9,58.4,1123.1,2237.0,786.2,336.9,33.69,2.578,1.316,1.5,0.5
srv-0051,2026-08-08,27.0,36.1,33.0,77.2,83.2,81.1,702.5,1535.5,491.7,210.7,21.07,1.665,1.107,1.2,0.6
srv-0051,2026-08-09,18.9,24.8,22.7,75.5,85.9,82.3,724.2,1997.2,506.9,217.2,21.72,1.813,0.776,1.4,0.7
srv-0051,2026-08-10,27.6,34.6,32.1,78.9,88.3,85.0,1093.8,2957.9,765.6,328.1,32.81,1.685,1.834,0.9,1.1
srv-0051,2026-08-11,34.3,54.5,47.4,79.1,83.4,81.9,717.7,1900.5,502.4,215.3,21.53,3.256,1.675,1.5,1.4
srv-0051,2026-08-12,44.8,60.9,55.3,82.2,97.7,92.3,1418.9,2705.6,993.2,425.7,42.57,4.207,1.381,3.2,1.3
srv-0051,2026-08-13,39.3,59.4,52.3,80.6,94.2,89.5,1182.0,3110.1,827.4,354.6,35.46,1.905,2.159,0.9,1.0
srv-0051,2026-08-14,29.5,43.7,38.7,79.7,91.1,87.1,1101.5,2396.4,771.0,330.4,33.04,3.511,1.598,3.2,0.9
srv-0051,2026-08-15,25.2,39.2,34.3,77.2,92.7,87.3,637.5,1174.8,446.2,191.2,19.12,2.299,1.202,1.9,0.5
srv-0051,2026-08-16,25.0,37.7,33.3,76.2,85.0,81.9,621.7,1268.6,435.2,186.5,18.65,1.85,1.463,1.0,1.1
srv-0051,2026-08-17,34.6,44.0,40.7,79.2,84.2,82.4,1023.8,2532.1,716.7,307.1,30.71,3.248,2.139,1.4,1.5
srv-0051,2026-08-18,34.4,47.5,42.9,81.5,91.8,88.2,1049.0,2584.1,734.3,314.7,31.47,2.609,2.435,1.2,1.6
srv-0051,2026-08-19,33.5,48.0,43.0,80.5,89.5,86.4,986.8,2471.3,690.8,296.1,29.61,3.376,1.833,2.0,1.5
srv-0051,2026-08-20,35.9,48.3,43.9,80.6,86.0,84.1,1212.6,2668.7,848.8,363.8,36.38,2.35,1.214,1.5,0.5
srv-0051,2026-08-21,37.1,56.4,49.7,81.5,93.6,89.4,1096.5,2083.9,767.5,328.9,32.89,3.271,1.248,2.1,0.7
srv-0051,2026-08-22,25.6,37.2,33.1,76.9,85.8,82.7,761.5,1545.9,533.1,228.5,22.85,1.979,1.445,1.6,1.4
srv-0051,2026-08-23,27.6,69.3,54.7,77.1,81.0,79.6,889.4,2911.4,622.5,266.8,26.68,3.963,2.979,1.9,2.8
srv-0051,2026-08-24,31.8,86.7,67.5,79.5,85.2,83.2,1105.5,3424.5,773.8,331.6,33.16,3.131,2.201,2.1,1.1
srv-0051,2026-08-25,35.2,47.5,43.2,81.3,91.0,87.6,839.6,2338.4,587.7,251.9,25.19,3.605,1.614,3.1,1.0
srv-0051,2026-08-26,35.8,51.1,45.7,82.1,97.8,92.3,1116.0,2180.9,781.2,334.8,33.48,3.682,2.636,1.7,1.9
srv-0051,2026-08-27,27.6,34.6,32.1,79.2,95.9,90.1,1109.1,2847.8,776.4,332.7,33.27,3.004,1.685,2.2,1.0
srv-0051,2026-08-28,41.4,53.0,48.9,81.9,93.7,89.6,1410.0,2865.2,987.0,423.0,42.3,3.488,1.991,2.5,1.8
srv-0051,2026-08-29,23.9,39.3,33.9,76.4,80.9,79.3,551.7,1324.7,386.2,165.5,16.55,1.39,1.162,0.9,0.5
srv-0051,2026-08-30,21.9,30.3,27.3,76.1,86.2,82.6,573.2,1316.1,401.3,172.0,17.2,2.231,1.509,2.0,1.3
srv-0051,2026-08-31,40.2,54.7,49.6,81.3,99.0,92.8,1271.8,3026.9,890.2,381.5,38.15,3.13,1.351,1.6,1.0
srv-0051,2026-09-01,35.3,48.6,43.9,79.3,87.5,84.6,1080.1,2838.6,756.0,324.0,32.4,3.323,1.768,2.3,1.6
srv-0051,2026-09-02,32.5,41.2,38.2,78.9,83.3,81.7,1044.7,2026.5,731.3,313.4,31.34,2.161,1.588,1.7,0.8
srv-0051,2026-09-03,32.2,47.8,42.4,80.9,93.2,88.9,1175.5,2730.1,822.9,352.7,35.27,3.76,2.299,1.6,1.3
srv-0051,2026-09-04,40.7,62.2,54.7,81.5,86.4,84.7,1396.1,2798.3,977.3,418.8,41.88,2.723,1.374,2.3,0.5
srv-0051,2026-09-05,24.2,32.8,29.8,75.8,90.7,85.5,631.6,1548.2,442.1,189.5,18.95,1.849,1.341,1.7,1.1
srv-0051,2026-09-06,20.6,33.7,29.1,75.6,82.2,79.9,694.4,1700.3,486.1,208.3,20.83,1.419,0.958,0.6,0.8
srv-0052,2026-08-08,12.8,21.1,18.2,46.0,48.4,47.6,61.7,157.3,33.9,27.7,3.08,1.78,1.784,1.0,1.0
srv-0052,2026-08-09,10.9,14.3,13.1,45.3,48.7,47.5,43.0,114.2,23.6,19.3,2.15,2.162,2.269,0.9,1.4
srv-0052,2026-08-10,19.1,57.0,43.7,48.5,53.3,51.6,72.1,289.7,39.7,32.4,3.61,10.797,7.756,8.4,2.9
srv-0052,2026-08-11,15.1,24.3,21.0,47.9,55.4,52.8,58.1,144.1,32.0,26.2,2.91,2.982,4.436,1.2,4.0
srv-0052,2026-08-12,15.0,19.6,18.0,47.8,55.8,53.0,78.8,215.5,43.3,35.5,3.94,2.902,2.808,1.4,1.9
srv-0052,2026-08-13,15.5,24.5,21.4,47.7,52.6,50.9,57.0,159.5,31.3,25.6,2.85,2.342,3.358,1.1,2.0
srv-0052,2026-08-14,17.1,27.0,23.5,48.4,55.0,52.7,68.1,154.0,37.5,30.7,3.41,3.238,4.01,2.3,2.0
srv-0052,2026-08-15,9.5,14.1,12.5,44.9,48.8,47.4,39.9,93.9,21.9,17.9,1.99,1.962,1.742,0.8,1.3
srv-0052,2026-08-16,8.7,14.1,12.2,45.1,53.5,50.6,38.9,108.5,21.4,17.5,1.94,2.235,2.284,1.5,0.9
srv-0052,2026-08-17,14.9,24.2,20.9,47.6,53.4,51.4,69.6,183.6,38.3,31.3,3.48,4.011,3.149,3.6,2.0
srv-0052,2026-08-18,19.6,31.8,27.5,49.1,58.1,54.9,90.6,244.5,49.9,40.8,4.53,5.248,2.436,3.6,1.1
srv-0052,2026-08-19,17.1,22.2,20.4,48.1,52.6,51.0,85.0,175.3,46.7,38.2,4.25,5.149,2.886,2.0,1.2
srv-0052,2026-08-20,19.4,25.6,23.4,48.7,58.6,55.2,84.5,197.5,46.5,38.0,4.23,5.601,2.54,2.5,2.6
srv-0052,2026-08-21,14.8,18.8,17.4,47.7,54.5,52.1,55.1,148.0,30.3,24.8,2.75,4.185,3.968,2.1,3.5
srv-0052,2026-08-22,13.5,22.1,19.1,46.0,50.2,48.7,43.8,87.6,24.1,19.7,2.19,3.002,2.967,2.6,2.0
srv-0052,2026-08-23,10.7,15.9,14.1,45.0,54.6,51.2,51.7,97.9,28.4,23.3,2.59,2.489,1.907,1.0,0.9
srv-0052,2026-08-24,15.1,21.3,19.1,47.4,57.6,54.0,52.5,133.1,28.9,23.6,2.63,4.417,2.197,3.0,0.9
srv-0052,2026-08-25,18.3,26.8,23.8,49.0,59.1,55.6,98.6,181.4,54.2,44.4,4.93,5.171,4.09,2.0,3.0
srv-0052,2026-08-26,15.9,25.4,22.1,48.7,55.3,53.0,75.6,198.6,41.6,34.0,3.78,3.364,4.573,2.9,2.1
srv-0052,2026-08-27,15.0,19.1,17.6,47.9,56.6,53.6,68.7,142.6,37.8,30.9,3.44,3.252,3.072,2.7,2.4
srv-0052,2026-08-28,16.8,25.1,22.2,48.3,57.9,54.5,83.5,155.7,45.9,37.6,4.18,4.497,4.469,2.1,3.7
srv-0052,2026-08-29,12.6,20.4,17.7,45.7,55.1,51.8,40.3,75.2,22.2,18.2,2.02,2.341,2.989,1.1,1.8
srv-0052,2026-08-30,11.6,31.5,24.5,45.7,54.5,51.4,59.1,311.0,32.5,26.6,2.95,4.246,3.46,2.5,3.3
srv-0052,2026-08-31,16.2,25.9,22.5,47.0,51.0,49.6,57.0,135.3,31.4,25.7,2.85,3.16,3.556,2.1,3.4
srv-0052,2026-09-01,18.0,30.3,26.0,47.8,54.2,51.9,81.5,190.7,44.8,36.7,4.07,3.942,2.211,2.8,0.9
srv-0052,2026-09-02,21.0,29.5,26.5,48.8,52.1,50.9,83.4,207.2,45.9,37.5,4.17,2.948,3.242,1.3,2.1
srv-0052,2026-09-03,15.7,50.4,38.3,47.4,52.8,50.9,82.4,304.8,45.3,37.1,4.12,4.578,4.734,3.2,4.2
srv-0052,2026-09-04,17.7,23.2,21.3,48.0,52.2,50.7,75.3,137.3,41.4,33.9,3.77,3.086,3.265,2.1,3.0
srv-0052,2026-09-05,10.3,17.3,14.8,45.3,51.0,49.0,34.3,77.8,18.9,15.4,1.71,1.924,1.285,1.1,1.2
srv-0052,2026-09-06,10.5,14.6,13.1,45.8,49.7,48.3,56.3,149.8,30.9,25.3,2.81,2.138,2.975,1.7,1.1
srv-0055,2026-08-08,11.0,16.7,14.7,41.9,47.0,45.2,597.4,1613.6,418.2,179.2,17.92,1.525,1.804,0.7,1.8
srv-0055,2026-08-09,9.0,12.9,11.5,42.0,50.0,47.2,586.3,1316.5,410.4,175.9,17.59,1.304,1.478,1.0,1.4
srv-0055,2026-08-10,14.7,22.6,19.9,44.0,51.3,48.7,1091.5,2471.0,764.0,327.4,32.74,2.898,2.827,1.4,1.9
srv-0055,2026-08-11,17.6,24.3,22.0,45.0,50.5,48.6,1121.4,2056.5,785.0,336.4,33.64,2.652,2.66,1.4,1.7
srv-0055,2026-08-12,20.1,25.2,23.4,45.0,50.8,48.8,891.2,2046.1,623.9,267.4,26.74,3.111,1.986,2.4,1.2
srv-0055,2026-08-13,15.0,21.8,19.4,44.1,53.8,50.4,977.7,2698.7,684.4,293.3,29.33,3.024,2.896,2.6,2.5
srv-0055,2026-08-14,17.6,24.3,22.0,44.3,51.9,49.2,981.6,2001.7,687.1,294.5,29.45,2.721,1.728,2.1,1.1
srv-0055,2026-08-15,13.5,19.8,17.6,42.8,49.6,47.2,774.4,2042.3,542.0,232.3,23.23,2.115,2.222,1.5,1.3
srv-0055,2026-08-16,11.2,15.9,14.3,42.9,47.5,45.9,805.4,1708.1,563.8,241.6,24.16,1.196,1.216,0.6,0.9
srv-0055,2026-08-17,16.6,25.8,22.5,44.5,53.2,50.1,1021.5,2335.8,715.0,306.4,30.64,2.982,2.728,2.5,1.5
srv-0055,2026-08-18,17.9,25.1,22.6,44.9,52.5,49.9,995.0,2405.7,696.5,298.5,29.85,2.053,3.261,0.8,2.8
srv-0055,2026-08-19,13.5,17.5,16.1,43.8,52.8,49.7,1043.9,2213.7,730.7,313.2,31.32,1.856,2.636,1.7,1.8
srv-0055,2026-08-20,19.5,24.7,22.9,45.4,47.7,46.9,1255.9,2422.9,879.1,376.8,37.68,2.149,2.349,1.2,0.9
srv-0055,2026-08-21,15.6,20.9,19.1,44.3,50.1,48.1,1025.7,2220.3,718.0,307.7,30.77,2.737,2.298,2.5,1.1
srv-0055,2026-08-22,13.4,18.6,16.8,42.9,47.1,45.6,711.6,1454.0,498.1,213.5,21.35,1.562,2.173,0.7,0.9
srv-0055,2026-08-23,10.4,14.9,13.3,41.8,45.8,44.4,446.1,1000.3,312.3,133.8,13.38,0.997,1.324,0.7,0.5
srv-0055,2026-08-24,16.3,25.5,22.3,44.7,47.3,46.4,805.2,1579.9,563.7,241.6,24.16,1.773,2.914,1.0,1.2
srv-0055,2026-08-25,16.2,23.2,20.7,43.9,50.2,48.0,994.1,2083.5,695.9,298.2,29.82,2.004,2.665,1.0,2.0
srv-0055,2026-08-26,17.8,24.5,22.1,44.5,53.7,50.5,885.2,2165.8,619.6,265.6,26.56,3.019,2.395,2.2,1.7
srv-0055,2026-08-27,19.2,25.0,23.0,45.2,54.3,51.1,932.6,1745.8,652.8,279.8,27.98,1.929,3.349,1.2,2.0
srv-0055,2026-08-28,17.6,28.0,24.3,44.5,52.9,50.0,1145.8,2376.1,802.1,343.8,34.38,2.831,2.52,2.5,1.4
srv-0055,2026-08-29,9.5,13.7,12.2,42.0,50.0,47.2,502.5,949.5,351.7,150.7,15.07,1.298,1.853,1.2,1.4
srv-0055,2026-08-30,12.0,20.1,17.3,42.8,47.0,45.5,724.0,1373.2,506.8,217.2,21.72,1.46,1.63,0.9,0.8
srv-0055,2026-08-31,17.5,29.1,25.0,45.2,53.1,50.3,893.3,2286.0,625.3,268.0,26.8,3.075,1.638,2.0,0.9
srv-0055,2026-09-01,18.5,31.4,26.9,45.5,50.2,48.5,1209.1,2297.2,846.4,362.7,36.27,2.118,3.134,1.6,2.2
srv-0055,2026-09-02,16.4,26.5,22.9,43.8,47.7,46.3,1036.6,2403.0,725.6,311.0,31.1,2.486,1.959,1.9,1.3
srv-0055,2026-09-03,18.7,31.0,26.7,44.7,51.1,48.9,907.3,1721.6,635.1,272.2,27.22,2.72,1.757,1.8,1.7
srv-0055,2026-09-04,16.4,47.2,36.4,44.4,49.7,47.8,790.2,2602.6,553.2,237.1,23.71,3.025,2.596,1.4,1.1
srv-0055,2026-09-05,8.5,14.0,12.1,41.8,44.3,43.4,439.7,887.7,307.8,131.9,13.19,1.523,1.617,0.6,0.7
srv-0055,2026-09-06,10.5,14.8,13.3,42.8,45.2,44.4,852.1,1950.7,596.4,255.6,25.56,2.222,2.011,1.8,1.8
srv-0056,2026-08-08,15.6,23.8,20.9,31.5,37.3,35.2,498.6,1319.4,349.0,149.6,14.96,1.493,1.107,1.3,0.9
srv-0056,2026-08-09,18.1,24.3,22.1,31.9,36.1,34.7,514.5,1023.7,360.2,154.4,15.44,2.259,1.579,1.4,1.3
srv-0056,2026-08-10,20.4,27.9,25.3,33.0,37.2,35.7,663.4,1388.8,464.3,199.0,19.9,1.83,1.86,1.6,1.3
srv-0056,2026-08-11,20.9,31.0,27.5,33.3,39.7,37.4,866.5,2293.0,606.6,260.0,26.0,3.081,2.005,1.6,1.2
srv-0056,2026-08-12,21.7,31.3,27.9,32.8,37.7,36.0,639.7,1534.1,447.8,191.9,19.19,1.87,2.049,1.7,1.0
srv-0056,2026-08-13,21.4,28.2,25.8,33.1,35.8,34.8,1021.9,1972.5,715.4,306.6,30.66,3.298,1.483,2.2,0.9
srv-0056,2026-08-14,28.5,37.5,34.4,33.6,35.4,34.8,826.8,2217.5,578.8,248.0,24.8,3.476,1.689,2.4,1.3
srv-0056,2026-08-15,17.9,29.4,25.4,31.9,34.9,33.8,545.4,1443.2,381.8,163.6,16.36,2.009,1.072,1.6,0.5
srv-0056,2026-08-16,16.9,27.2,23.6,32.0,37.2,35.4,829.4,1881.0,580.6,248.8,24.88,2.834,1.374,1.6,1.2
srv-0056,2026-08-17,21.7,28.3,26.0,33.0,36.8,35.5,681.0,1633.6,476.7,204.3,20.43,2.591,1.709,1.1,1.5
srv-0056,2026-08-18,23.3,32.5,29.3,32.9,36.2,35.0,716.1,1536.5,501.2,214.8,21.48,3.678,1.044,2.1,0.6
srv-0056,2026-08-19,20.3,30.9,27.2,33.1,36.0,34.9,818.0,1995.6,572.6,245.4,24.54,2.137,1.77,1.4,1.5
srv-0056,2026-08-20,23.8,40.2,34.5,33.0,36.0,35.0,692.7,1720.1,484.9,207.8,20.78,3.223,1.766,2.7,1.1
srv-0056,2026-08-21,24.2,35.9,31.8,33.9,40.2,38.0,791.3,1999.1,553.9,237.4,23.74,4.023,2.358,2.7,1.0
srv-0056,2026-08-22,14.1,21.7,19.0,31.3,36.1,34.4,529.9,1331.5,370.9,159.0,15.9,2.271,0.637,1.1,0.6
srv-0056,2026-08-23,16.0,21.6,19.6,31.9,37.7,35.6,583.7,1252.7,408.6,175.1,17.51,2.479,1.152,2.2,0.9
srv-0056,2026-08-24,27.4,41.0,36.2,33.5,38.2,36.5,1176.0,3069.1,823.2,352.8,35.28,4.216,1.139,3.1,1.1
srv-0056,2026-08-25,21.1,32.8,28.7,33.3,39.2,37.2,914.6,2120.8,640.2,274.4,27.44,2.847,1.739,1.4,1.1
srv-0056,2026-08-26,20.2,34.1,29.3,33.1,36.1,35.0,912.5,1847.7,638.8,273.8,27.38,2.154,1.747,1.8,1.1
srv-0056,2026-08-27,28.4,38.6,35.0,34.0,36.3,35.5,858.1,1881.9,600.7,257.4,25.74,3.335,1.818,2.6,0.9
srv-0056,2026-08-28,26.1,33.9,31.2,34.2,39.6,37.7,1039.4,2409.8,727.6,311.8,31.18,2.307,2.465,1.5,2.1
srv-0056,2026-08-29,18.4,26.6,23.7,32.1,37.2,35.4,613.4,1248.7,429.4,184.0,18.4,2.851,0.823,2.4,0.5
srv-0056,2026-08-30,15.1,22.6,19.9,31.5,35.8,34.3,571.9,1228.4,400.4,171.6,17.16,1.788,0.98,0.7,0.8
srv-0056,2026-08-31,23.5,37.4,32.6,33.5,39.7,37.6,824.8,2185.6,577.3,247.4,24.74,3.963,1.387,3.5,1.2
srv-0056,2026-09-01,26.5,38.0,33.9,33.8,35.8,35.1,1098.3,2162.0,768.8,329.5,32.95,3.581,2.347,1.6,2.0
srv-0056,2026-09-02,18.9,29.2,25.6,32.8,37.7,36.0,915.2,2264.0,640.6,274.5,27.45,2.479,1.457,1.3,1.1
srv-0056,2026-09-03,28.4,36.8,33.8,33.8,38.8,37.1,1238.9,3269.1,867.2,371.7,37.17,4.315,1.314,3.7,0.7
srv-0056,2026-09-04,22.0,31.0,27.9,33.0,40.2,37.7,803.4,2183.6,562.4,241.0,24.1,2.357,1.614,1.6,1.0
srv-0056,2026-09-05,18.5,27.7,24.5,32.2,37.3,35.5,620.6,1684.5,434.4,186.2,18.62,1.622,0.95,0.7,0.7
srv-0056,2026-09-06,18.8,27.2,24.3,31.9,33.9,33.2,632.6,1710.6,442.8,189.8,18.98,1.788,0.843,1.2,0.8
srv-0057,2026-08-08,4.6,6.2,5.6,55.5,60.1,58.5,52.2,137.4,28.7,23.5,2.61,1.767,1.717,0.9,1.5
srv-0057,2026-08-09,4.8,7.2,6.4,55.5,66.9,62.9,67.4,184.3,37.1,30.3,3.37,2.952,2.582,2.6,1.4
srv-0057,2026-08-10,8.0,13.0,11.3,58.1,66.8,63.8,82.2,155.7,45.2,37.0,4.11,3.961,2.931,3.6,1.9
srv-0057,2026-08-11,9.1,12.2,11.1,59.8,67.5,64.8,125.9,246.2,69.3,56.7,6.3,4.106,4.684,3.5,2.0
srv-0057,2026-08-12,8.0,13.0,11.2,57.9,64.9,62.4,95.3,188.2,52.4,42.9,4.76,3.122,2.888,1.5,1.6
srv-0057,2026-08-13,8.1,13.2,11.4,58.2,69.4,65.5,75.7,146.0,41.6,34.1,3.78,3.842,4.344,2.4,2.5
srv-0057,2026-08-14,6.2,8.0,7.3,57.7,66.9,63.7,69.3,137.1,38.1,31.2,3.47,3.673,3.075,2.7,1.4
srv-0057,2026-08-15,5.3,8.9,7.6,56.1,64.6,61.6,50.9,124.3,28.0,22.9,2.55,3.668,3.515,2.9,3.3
srv-0057,2026-08-16,6.1,8.1,7.4,56.5,62.0,60.1,76.1,189.1,41.8,34.2,3.8,2.649,2.736,2.2,1.9
srv-0057,2026-08-17,8.0,12.4,10.9,58.1,61.3,60.2,98.7,260.8,54.3,44.4,4.93,3.41,2.592,1.3,1.9
srv-0057,2026-08-18,7.0,19.4,15.1,58.4,69.8,65.8,84.0,446.6,46.2,37.8,4.2,9.085,6.539,4.4,3.7
srv-0057,2026-08-19,8.1,11.1,10.1,58.6,70.0,66.0,108.0,299.8,59.4,48.6,5.4,5.039,3.06,4.6,2.6
srv-0057,2026-08-20,8.9,14.1,12.3,59.3,71.6,67.3,76.4,162.4,42.0,34.4,3.82,3.348,2.916,2.9,1.9
srv-0057,2026-08-21,8.8,11.2,10.4,58.5,64.3,62.3,89.8,231.5,49.4,40.4,4.49,3.762,4.274,2.0,4.2
srv-0057,2026-08-22,5.5,7.0,6.5,56.5,59.8,58.6,74.8,169.4,41.1,33.6,3.74,4.235,3.269,3.0,1.8
srv-0057,2026-08-23,5.2,8.8,7.6,55.3,60.6,58.7,64.6,133.8,35.5,29.1,3.23,2.471,3.248,1.9,2.7
srv-0057,2026-08-24,8.4,10.9,10.0,59.2,65.8,63.5,109.6,220.6,60.3,49.3,5.48,4.105,3.055,2.7,1.3
srv-0057,2026-08-25,7.2,9.9,8.9,58.7,71.3,66.9,114.9,211.6,63.2,51.7,5.74,3.658,2.838,2.8,2.7
srv-0057,2026-08-26,8.3,11.2,10.2,58.4,63.0,61.4,103.1,196.1,56.7,46.4,5.15,5.11,3.102,3.3,1.8
srv-0057,2026-08-27,8.4,11.3,10.3,58.6,66.4,63.7,89.5,164.4,49.2,40.3,4.47,5.576,3.945,4.3,2.3
srv-0057,2026-08-28,9.6,13.6,12.2,59.5,63.2,61.9,93.3,208.6,51.3,42.0,4.67,3.092,3.663,1.9,2.5
srv-0057,2026-08-29,4.6,6.1,5.6,55.4,64.5,61.3,67.4,172.8,37.1,30.3,3.37,2.249,1.864,1.2,1.6
srv-0057,2026-08-30,6.3,9.6,8.4,56.1,59.5,58.3,56.0,149.4,30.8,25.2,2.8,2.533,3.423,2.2,3.0
srv-0057,2026-08-31,8.8,11.4,10.5,59.0,70.1,66.2,116.0,219.6,63.8,52.2,5.8,4.315,3.534,3.2,2.5
srv-0057,2026-09-01,8.5,14.1,12.2,59.3,72.1,67.6,102.9,280.3,56.6,46.3,5.15,3.97,4.669,3.2,2.9
srv-0057,2026-09-02,7.1,11.2,9.8,58.3,66.1,63.4,97.5,208.7,53.6,43.9,4.88,4.019,3.818,2.7,3.7
srv-0057,2026-09-03,9.4,14.9,13.0,59.8,68.7,65.5,116.1,225.7,63.9,52.2,5.8,5.38,5.831,3.3,3.9
srv-0057,2026-09-04,8.0,12.1,10.7,58.4,70.9,66.5,71.7,169.5,39.5,32.3,3.59,4.077,4.87,3.3,3.9
srv-0057,2026-09-05,4.3,6.0,5.4,55.1,58.1,57.1,60.9,153.9,33.5,27.4,3.04,2.299,1.653,1.9,1.6
srv-0057,2026-09-06,4.9,6.9,6.2,56.2,67.8,63.8,54.3,125.6,29.9,24.4,2.71,3.337,3.126,1.4,2.4
srv-0058,2026-08-08,5.1,8.4,7.3,55.2,58.0,57.1,49.5,96.8,27.2,22.3,2.47,1.543,2.618,0.7,2.1
srv-0058,2026-08-09,4.3,5.8,5.3,55.0,59.2,57.7,42.5,109.5,23.4,19.1,2.12,1.267,1.675,0.8,1.0
srv-0058,2026-08-10,7.8,11.2,10.0,58.2,66.9,63.9,95.3,249.6,52.4,42.9,4.77,1.729,3.208,1.4,1.7
srv-0058,2026-08-11,7.1,9.1,8.4,57.7,69.3,65.2,84.4,214.1,46.4,38.0,4.22,2.859,4.059,2.6,2.6
srv-0058,2026-08-12,7.1,10.1,9.1,58.6,69.4,65.6,62.1,124.4,34.2,27.9,3.1,3.17,3.416,2.2,1.3
srv-0058,2026-08-13,9.4,15.7,13.5,59.7,63.7,62.3,106.3,257.7,58.5,47.8,5.32,2.951,4.754,2.4,4.3
srv-0058,2026-08-14,7.8,11.9,10.4,59.9,63.0,61.9,88.8,190.0,48.8,40.0,4.44,4.022,5.059,2.0,2.4
srv-0058,2026-08-15,5.4,8.6,7.5,56.3,68.2,64.0,56.5,126.0,31.1,25.4,2.83,2.054,3.24,1.3,3.1
srv-0058,2026-08-16,6.0,8.3,7.5,56.4,61.5,59.7,66.0,169.8,36.3,29.7,3.3,1.612,2.305,0.9,1.2
srv-0058,2026-08-17,8.1,11.4,10.2,59.4,64.0,62.4,84.9,232.2,46.7,38.2,4.24,2.44,4.394,1.7,1.7
srv-0058,2026-08-18,8.4,13.3,11.6,59.4,71.9,67.5,66.9,127.6,36.8,30.1,3.34,2.151,4.332,1.5,3.5
srv-0058,2026-08-19,9.6,15.7,13.6,59.8,64.0,62.5,110.9,241.3,61.0,49.9,5.55,2.553,3.476,1.9,3.5
srv-0058,2026-08-20,6.8,9.8,8.8,58.8,71.3,66.9,73.0,201.4,40.2,32.9,3.65,3.766,3.308,3.2,3.2
srv-0058,2026-08-21,9.4,12.2,11.2,59.8,64.1,62.6,77.3,208.7,42.5,34.8,3.86,3.915,2.438,1.9,2.0
srv-0058,2026-08-22,5.6,9.3,8.0,55.9,59.2,58.0,54.5,115.3,30.0,24.5,2.72,1.712,2.821,1.4,1.3
srv-0058,2026-08-23,4.3,7.3,6.3,55.8,61.6,59.6,40.7,90.1,22.4,18.3,2.04,2.074,1.589,1.6,1.1
srv-0058,2026-08-24,7.1,9.6,8.7,58.4,66.3,63.5,58.4,156.0,32.1,26.3,2.92,2.897,2.354,1.8,1.7
srv-0058,2026-08-25,7.1,9.4,8.6,57.9,68.0,64.5,86.4,206.4,47.5,38.9,4.32,1.995,3.173,0.8,2.0
srv-0058,2026-08-26,7.9,12.5,10.9,58.8,65.9,63.4,63.2,116.7,34.7,28.4,3.16,2.154,3.792,1.7,3.8
srv-0058,2026-08-27,7.1,10.0,9.0,59.4,71.9,67.5,90.6,238.3,49.8,40.8,4.53,2.708,2.62,2.2,1.1
srv-0058,2026-08-28,8.2,11.0,10.0,59.1,71.4,67.1,94.7,176.0,52.1,42.6,4.74,3.647,3.443,2.8,3.0
srv-0058,2026-08-29,5.0,7.4,6.6,55.6,65.7,62.2,62.2,136.6,34.2,28.0,3.11,2.401,2.152,2.2,1.9
srv-0058,2026-08-30,4.2,5.3,4.9,55.5,61.6,59.5,45.9,89.9,25.2,20.6,2.29,2.048,2.708,1.4,2.1
srv-0058,2026-08-31,8.3,13.1,11.4,58.5,64.2,62.2,72.5,190.6,39.9,32.6,3.63,2.814,2.8,2.4,2.2
srv-0058,2026-09-01,7.9,11.2,10.0,60.2,73.0,68.5,90.4,217.2,49.7,40.7,4.52,3.987,5.471,3.5,4.4
srv-0058,2026-09-02,7.9,12.0,10.6,59.2,64.9,62.9,71.0,133.4,39.1,32.0,3.55,1.956,3.108,1.7,1.6
srv-0058,2026-09-03,7.1,11.2,9.7,57.8,62.2,60.6,58.2,146.0,32.0,26.2,2.91,2.26,3.603,1.7,1.8
srv-0058,2026-09-04,7.2,9.7,8.8,58.0,64.8,62.4,81.9,189.0,45.0,36.9,4.09,1.712,3.063,1.5,3.0
srv-0058,2026-09-05,4.9,7.8,6.8,55.7,64.6,61.5,42.4,93.4,23.3,19.1,2.12,2.131,2.705,1.7,1.6
srv-0058,2026-09-06,4.6,15.3,11.5,55.5,59.8,58.3,58.3,298.6,32.1,26.2,2.92,4.749,4.038,3.1,1.8
srv-0059,2026-08-08,18.1,26.6,23.6,39.6,44.0,42.5,40.1,88.1,22.0,18.0,2.0,2.4,3.784,1.8,3.6
srv-0059,2026-08-09,22.9,35.8,31.2,40.0,47.5,44.9,55.3,111.8,30.4,24.9,2.76,1.633,4.195,1.2,2.5
srv-0059,2026-08-10,26.8,36.6,33.2,41.5,44.6,43.5,58.5,129.0,32.2,26.3,2.93,3.37,3.453,2.7,3.1
srv-0059,2026-08-11,23.7,29.8,27.6,40.8,44.2,43.0,64.4,156.7,35.4,29.0,3.22,2.429,3.678,1.8,2.1
srv-0059,2026-08-12,27.3,40.8,36.1,41.8,46.6,44.9,50.6,113.4,27.8,22.8,2.53,1.99,5.514,1.8,4.5
srv-0059,2026-08-13,28.2,40.6,36.3,41.6,46.1,44.5,58.9,137.6,32.4,26.5,2.95,3.522,5.851,2.9,5.1
srv-0059,2026-08-14,26.7,42.1,36.7,41.9,47.4,45.5,55.6,124.7,30.6,25.0,2.78,3.386,4.898,2.4,4.4
srv-0059,2026-08-15,15.1,23.1,20.3,38.9,46.4,43.8,27.0,73.3,14.8,12.1,1.35,1.288,2.298,1.0,1.8
srv-0059,2026-08-16,20.3,27.8,25.2,39.6,45.2,43.2,47.3,122.2,26.0,21.3,2.36,1.684,2.323,1.0,1.1
srv-0059,2026-08-17,30.6,42.5,38.4,42.5,50.3,47.6,61.4,149.6,33.8,27.6,3.07,3.293,5.759,2.7,2.2
srv-0059,2026-08-18,28.9,44.5,39.1,41.2,50.3,47.1,68.4,133.9,37.6,30.8,3.42,3.538,2.604,2.5,2.6
srv-0059,2026-08-19,26.6,43.8,37.8,42.1,44.4,43.6,58.3,151.4,32.1,26.2,2.92,3.675,3.414,1.5,3.2
srv-0059,2026-08-20,25.8,38.6,34.1,41.7,50.6,47.5,65.8,172.3,36.2,29.6,3.29,2.071,4.976,1.1,2.4
srv-0059,2026-08-21,23.8,35.7,31.5,41.0,44.6,43.3,59.0,136.9,32.5,26.6,2.95,2.575,2.748,1.9,2.0
srv-0059,2026-08-22,16.5,26.1,22.7,39.2,45.1,43.0,32.6,82.4,18.0,14.7,1.63,1.507,3.655,0.7,2.9
srv-0059,2026-08-23,14.1,17.8,16.5,38.9,44.9,42.8,36.1,89.1,19.9,16.3,1.81,1.245,2.435,0.9,1.7
srv-0059,2026-08-24,29.2,45.9,40.0,41.2,45.2,43.8,60.0,111.6,33.0,27.0,3.0,1.96,4.774,0.8,3.4
srv-0059,2026-08-25,26.2,33.6,31.0,42.0,47.1,45.3,80.2,171.6,44.1,36.1,4.01,3.855,6.274,3.0,4.4
srv-0059,2026-08-26,27.2,41.8,36.7,41.0,45.5,43.9,61.7,133.9,33.9,27.8,3.09,2.05,3.125,0.9,1.8
srv-0059,2026-08-27,29.5,49.2,42.3,41.9,48.8,46.4,60.3,162.2,33.1,27.1,3.01,2.619,3.634,1.1,1.8
srv-0059,2026-08-28,35.2,55.6,48.5,42.5,46.1,44.8,72.7,141.7,40.0,32.7,3.64,3.274,5.952,2.0,3.0
srv-0059,2026-08-29,16.6,28.2,24.2,39.3,43.1,41.8,39.1,101.0,21.5,17.6,1.96,1.232,2.889,0.8,2.8
srv-0059,2026-08-30,19.0,25.4,23.1,39.1,46.2,43.7,36.0,73.4,19.8,16.2,1.8,1.147,3.204,0.5,2.2
srv-0059,2026-08-31,22.5,37.8,32.5,40.9,48.5,45.9,51.0,118.5,28.1,23.0,2.55,3.087,4.744,1.5,2.9
srv-0059,2026-09-01,22.4,30.0,27.4,41.1,43.9,42.9,47.6,132.5,26.2,21.4,2.38,2.373,4.634,2.0,3.1
srv-0059,2026-09-02,34.0,46.3,42.0,42.3,49.6,47.0,80.0,193.0,44.0,36.0,4.0,4.019,4.935,2.8,3.9
srv-0059,2026-09-03,31.7,46.2,41.1,42.2,47.3,45.5,66.3,125.4,36.5,29.8,3.32,2.174,3.804,1.7,2.6
srv-0059,2026-09-04,34.8,99,76.5,42.4,49.8,47.2,69.6,371.8,38.3,31.3,3.48,7.831,6.145,3.9,2.6
srv-0059,2026-09-05,18.9,27.2,24.3,39.1,43.6,42.0,40.3,80.4,22.2,18.2,2.02,2.186,1.965,1.2,1.0
srv-0059,2026-09-06,22.0,30.1,27.3,39.8,44.4,42.8,45.9,98.4,25.2,20.6,2.29,2.425,3.712,2.1,1.4
srv-0060,2026-08-08,5.1,6.9,6.3,64.9,70.8,68.7,72.3,176.5,39.8,32.5,3.61,2.748,1.686,1.4,1.0
srv-0060,2026-08-09,4.2,6.6,5.8,64.0,72.7,69.7,67.2,131.3,37.0,30.3,3.36,2.767,2.41,2.2,1.1
srv-0060,2026-08-10,6.9,11.4,9.8,68.5,76.0,73.4,132.6,365.9,72.9,59.6,6.63,4.162,2.365,2.3,1.8
srv-0060,2026-08-11,7.0,11.3,9.8,68.7,73.9,72.1,124.2,327.5,68.3,55.9,6.21,4.958,2.584,3.2,1.8
srv-0060,2026-08-12,5.6,9.1,7.9,66.5,73.2,70.9,83.5,209.5,45.9,37.6,4.18,4.058,3.596,1.5,1.9
srv-0060,2026-08-13,7.1,10.0,9.0,67.5,74.3,71.9,89.5,173.2,49.2,40.3,4.47,2.399,4.333,1.7,2.8
srv-0060,2026-08-14,7.1,9.5,8.7,66.4,75.5,72.4,94.5,216.4,52.0,42.5,4.72,4.086,2.406,2.0,1.6
srv-0060,2026-08-15,4.4,6.6,5.8,64.4,74.3,70.8,74.8,182.1,41.1,33.6,3.74,2.452,2.162,2.0,2.1
srv-0060,2026-08-16,4.6,5.9,5.4,63.2,77.0,72.2,64.2,176.6,35.3,28.9,3.21,1.859,2.371,1.4,1.6
srv-0060,2026-08-17,7.1,11.5,9.9,66.4,73.3,70.9,119.3,226.8,65.6,53.7,5.97,2.63,3.06,1.6,1.3
srv-0060,2026-08-18,5.6,7.9,7.1,66.5,77.0,73.4,90.9,187.5,50.0,40.9,4.55,2.657,3.276,1.0,2.9
srv-0060,2026-08-19,6.4,9.0,8.1,67.4,78.0,74.3,139.4,365.3,76.7,62.7,6.97,3.478,3.458,2.9,2.5
srv-0060,2026-08-20,6.7,11.2,9.6,67.8,78.9,75.0,118.4,237.0,65.1,53.3,5.92,4.264,3.108,2.2,3.0
srv-0060,2026-08-21,7.2,19.7,15.3,68.4,72.6,71.2,100.2,419.6,55.1,45.1,5.01,9.67,8.24,4.3,3.5
srv-0060,2026-08-22,5.1,8.0,7.0,64.5,73.5,70.3,90.1,218.7,49.6,40.5,4.51,3.076,1.726,1.4,1.0
srv-0060,2026-08-23,4.5,6.0,5.4,64.2,68.6,67.0,72.8,180.6,40.0,32.8,3.64,2.106,2.14,1.8,1.6
srv-0060,2026-08-24,5.6,8.3,7.4,66.6,72.0,70.1,93.0,258.2,51.2,41.9,4.65,2.36,3.461,1.1,3.2
srv-0060,2026-08-25,6.2,8.3,7.6,67.0,70.9,69.5,120.0,293.2,66.0,54.0,6.0,2.894,2.325,1.4,1.3
srv-0060,2026-08-26,6.1,8.1,7.4,67.0,74.6,71.9,88.9,228.9,48.9,40.0,4.44,2.902,2.76,2.0,2.4
srv-0060,2026-08-27,6.3,10.6,9.1,67.3,81.7,76.6,104.1,231.0,57.3,46.9,5.21,2.386,4.441,1.0,4.5
srv-0060,2026-08-28,6.7,9.0,8.2,67.2,76.0,72.9,99.6,199.5,54.8,44.8,4.98,2.352,2.676,2.0,2.4
srv-0060,2026-08-29,4.0,5.2,4.8,63.9,74.8,71.0,73.1,196.8,40.2,32.9,3.66,2.37,1.474,1.2,0.8
srv-0060,2026-08-30,4.6,6.7,6.0,64.7,68.7,67.3,70.8,164.7,39.0,31.9,3.54,1.843,2.126,0.7,2.2
srv-0060,2026-08-31,6.5,10.5,9.1,66.2,77.1,73.3,113.1,233.2,62.2,50.9,5.65,3.735,2.621,2.0,2.0
srv-0060,2026-09-01,7.6,11.7,10.3,67.0,79.2,74.9,93.2,260.2,51.3,42.0,4.66,2.687,3.723,1.8,3.7
srv-0060,2026-09-02,6.4,8.6,7.8,66.5,74.4,71.6,85.7,211.8,47.1,38.6,4.29,2.273,3.972,1.2,3.4
srv-0060,2026-09-03,5.8,9.4,8.1,67.0,80.1,75.5,126.5,236.9,69.6,56.9,6.33,2.382,4.268,2.0,4.3
srv-0060,2026-09-04,5.7,8.1,7.3,66.2,71.7,69.8,115.1,314.5,63.3,51.8,5.75,2.004,3.566,1.1,1.5
srv-0060,2026-09-05,4.7,6.1,5.6,64.7,69.2,67.6,98.4,249.9,54.1,44.3,4.92,2.847,2.943,1.6,3.0
srv-0060,2026-09-06,3.7,5.9,5.2,63.4,71.2,68.5,68.2,124.2,37.5,30.7,3.41,1.423,1.631,0.8,0.9
srv-0061,2026-08-08,2.3,3.8,3.3,42.6,48.6,46.5,560.0,1234.5,392.0,168.0,16.8,1.985,1.251,1.2,1.2
srv-0061,2026-08-09,2.8,4.6,4.0,42.7,46.3,45.0,414.1,860.9,289.9,124.2,12.42,1.907,0.963,1.3,0.9
srv-0061,2026-08-10,4.2,6.3,5.6,44.5,47.2,46.3,820.2,1754.9,574.1,246.1,24.61,1.721,1.488,0.9,1.2
srv-0061,2026-08-11,4.4,5.8,5.3,45.2,49.6,48.1,675.5,1422.6,472.8,202.6,20.26,1.561,1.311,0.8,1.2
srv-0061,2026-08-12,4.6,7.3,6.3,45.6,54.7,51.5,686.3,1680.1,480.4,205.9,20.59,2.687,1.305,1.8,1.2
srv-0061,2026-08-13,4.3,6.8,5.9,45.0,49.1,47.7,759.7,1415.3,531.8,227.9,22.79,3.082,1.767,1.4,1.2
srv-0061,2026-08-14,5.3,8.0,7.0,45.9,49.7,48.4,972.8,2243.7,681.0,291.9,29.19,1.938,2.399,0.7,1.8
srv-0061,2026-08-15,3.2,4.5,4.1,43.3,51.7,48.7,545.5,1185.9,381.8,163.6,16.36,1.273,0.77,0.8,0.8
srv-0061,2026-08-16,2.5,3.9,3.4,42.9,50.3,47.7,377.4,858.8,264.2,113.2,11.32,1.259,0.775,0.8,0.5
srv-0061,2026-08-17,4.6,6.9,6.1,45.3,50.2,48.5,598.6,1197.1,419.0,179.6,17.96,1.877,2.011,1.2,1.8
srv-0061,2026-08-18,4.1,6.8,5.9,45.9,52.3,50.1,892.6,2450.4,624.9,267.8,26.78,2.636,1.694,1.4,1.0
srv-0061,2026-08-19,5.1,8.1,7.0,45.6,53.7,50.9,864.7,2074.4,605.3,259.4,25.94,2.153,1.28,1.0,0.8
srv-0061,2026-08-20,3.5,4.6,4.2,44.6,50.1,48.2,546.8,1011.2,382.7,164.0,16.4,1.519,1.227,0.7,0.7
srv-0061,2026-08-21,5.1,11.5,9.2,46.4,52.5,50.3,1095.3,3478.4,766.7,328.6,32.86,5.666,2.529,4.3,2.4
srv-0061,2026-08-22,3.1,5.0,4.4,43.0,52.4,49.1,426.9,1142.9,298.8,128.1,12.81,1.795,0.77,0.9,0.5
srv-0061,2026-08-23,2.3,3.1,2.9,42.4,51.3,48.2,553.4,1530.2,387.4,166.0,16.6,1.229,0.821,0.7,0.5
srv-0061,2026-08-24,4.9,7.6,6.6,46.2,51.7,49.8,1020.8,2093.6,714.5,306.2,30.62,2.584,1.419,1.2,1.0
srv-0061,2026-08-25,4.0,6.0,5.3,44.6,48.4,47.1,609.1,1107.5,426.4,182.7,18.27,2.24,1.554,1.9,0.7
srv-0061,2026-08-26,4.6,5.9,5.5,45.8,54.0,51.1,841.8,1746.7,589.3,252.5,25.25,3.334,1.508,1.9,0.8
srv-0061,2026-08-27,4.5,6.4,5.8,45.0,51.2,49.0,570.3,1076.0,399.2,171.1,17.11,2.287,1.942,1.6,1.4
srv-0061,2026-08-28,4.4,7.1,6.1,45.5,50.6,48.8,612.0,1688.2,428.4,183.6,18.36,1.942,1.854,0.8,0.8
srv-0061,2026-08-29,2.7,3.9,3.4,43.2,46.5,45.4,515.0,1046.4,360.5,154.5,15.45,1.519,1.012,0.8,0.5
srv-0061,2026-08-30,2.4,6.3,5.0,42.4,44.9,44.0,527.7,2264.3,369.4,158.3,15.83,3.094,1.902,2.7,1.6
srv-0061,2026-08-31,5.3,7.0,6.4,46.1,55.7,52.3,865.9,1816.9,606.1,259.8,25.98,3.279,1.36,2.4,1.1
srv-0061,2026-09-01,4.5,5.7,5.3,45.0,50.7,48.7,747.6,1923.6,523.3,224.3,22.43,2.698,1.44,1.1,1.2
srv-0061,2026-09-02,5.1,7.2,6.5,46.0,50.5,49.0,976.4,1826.3,683.5,292.9,29.29,1.939,2.404,1.7,1.0
srv-0061,2026-09-03,5.0,7.0,6.3,46.3,54.8,51.8,1054.5,2449.2,738.1,316.3,31.63,2.221,1.596,1.8,0.7
srv-0061,2026-09-04,4.0,6.7,5.8,44.6,51.5,49.1,854.8,2374.8,598.4,256.4,25.64,2.891,1.666,2.6,0.9
srv-0061,2026-09-05,2.5,3.1,2.9,42.9,48.7,46.7,448.6,1145.1,314.0,134.6,13.46,1.916,0.944,1.0,0.8
srv-0061,2026-09-06,2.7,3.9,3.5,42.6,50.7,47.8,577.6,1358.1,404.3,173.3,17.33,1.513,1.265,1.1,0.6
srv-0062,2026-08-08,22.6,32.9,29.3,35.7,38.9,37.8,791.4,1901.2,554.0,237.4,23.74,2.184,1.525,1.0,0.6
srv-0062,2026-08-09,25.4,36.3,32.5,35.7,40.0,38.5,996.9,2127.7,697.8,299.1,29.91,1.494,0.927,1.3,0.4
srv-0062,2026-08-10,34.4,52.5,46.2,37.2,43.0,40.9,866.6,2217.1,606.6,260.0,26.0,1.518,1.914,1.3,1.1
srv-0062,2026-08-11,36.9,58.6,51.0,38.6,41.7,40.6,1612.7,3971.7,1128.9,483.8,48.38,2.142,1.437,1.8,1.4
srv-0062,2026-08-12,40.6,57.4,51.5,37.9,41.7,40.3,1427.4,3624.8,999.2,428.2,42.82,2.264,1.647,1.5,1.0
srv-0062,2026-08-13,30.2,49.0,42.4,37.2,43.9,41.5,971.9,1911.0,680.3,291.6,29.16,3.166,1.811,1.5,1.2
srv-0062,2026-08-14,36.1,49.4,44.7,37.8,42.5,40.9,1325.3,3660.6,927.7,397.6,39.76,3.639,1.247,1.7,1.0
srv-0062,2026-08-15,26.8,44.2,38.1,36.4,43.5,41.0,1178.0,2283.1,824.6,353.4,35.34,2.599,1.306,1.6,1.2
srv-0062,2026-08-16,21.8,34.3,30.0,35.8,42.1,39.9,813.0,2108.5,569.1,243.9,24.39,2.176,1.6,0.9,0.9
srv-0062,2026-08-17,37.7,57.8,50.8,37.5,43.5,41.4,977.9,2231.7,684.5,293.4,29.34,2.478,1.707,2.3,0.9
srv-0062,2026-08-18,34.4,55.9,48.3,37.3,40.1,39.2,1184.6,3199.2,829.2,355.4,35.54,1.915,2.231,0.7,2.0
srv-0062,2026-08-19,33.3,45.2,41.1,37.7,40.2,39.3,1128.0,2098.5,789.6,338.4,33.84,3.533,1.83,1.9,1.8
srv-0062,2026-08-20,34.9,45.3,41.7,38.0,46.1,43.3,1562.0,3500.4,1093.4,468.6,46.86,2.528,2.522,1.1,1.8
srv-0062,2026-08-21,35.1,51.7,45.9,37.0,40.8,39.4,1050.5,2723.4,735.4,315.2,31.52,2.433,1.442,0.9,0.7
srv-0062,2026-08-22,21.5,60.1,46.6,36.0,38.0,37.3,910.7,3651.0,637.5,273.2,27.32,3.551,2.526,3.1,1.9
srv-0062,2026-08-23,21.4,27.0,25.0,35.6,41.8,39.6,953.4,2462.3,667.4,286.0,28.6,1.953,0.953,1.3,0.4
srv-0062,2026-08-24,37.4,56.1,49.5,37.6,42.0,40.5,1393.5,3680.6,975.5,418.1,41.81,3.177,1.289,2.0,1.0
srv-0062,2026-08-25,37.5,60.7,52.6,38.3,45.9,43.2,1430.9,3947.8,1001.6,429.3,42.93,2.587,2.42,2.3,1.1
srv-0062,2026-08-26,41.4,65.4,57.0,38.5,42.7,41.2,1651.5,3048.1,1156.0,495.4,49.54,2.003,2.147,1.3,1.4
srv-0062,2026-08-27,44.3,68.7,60.2,38.4,41.0,40.1,1163.4,2102.6,814.4,349.0,34.9,3.588,2.55,1.7,2.4
srv-0062,2026-08-28,32.5,49.7,43.7,37.5,45.5,42.7,1348.5,3187.4,944.0,404.6,40.46,2.404,1.394,1.9,1.0
srv-0062,2026-08-29,21.4,57.8,45.1,35.6,39.2,37.9,797.8,3084.4,558.4,239.3,23.93,3.608,1.607,2.1,0.7
srv-0062,2026-08-30,25.3,35.8,32.2,36.0,39.8,38.5,895.7,2204.2,627.0,268.7,26.87,1.569,1.377,0.8,1.0
srv-0062,2026-08-31,31.2,39.4,36.5,37.3,41.6,40.1,1032.8,2673.4,722.9,309.8,30.98,2.633,1.633,1.1,1.2
srv-0062,2026-09-01,43.2,64.8,57.3,38.1,41.5,40.3,1379.6,3810.9,965.7,413.9,41.39,3.754,1.212,1.8,0.8
srv-0062,2026-09-02,35.1,57.5,49.6,37.8,41.5,40.2,1074.2,2519.5,751.9,322.2,32.22,2.373,1.348,1.7,0.9
srv-0062,2026-09-03,30.5,51.5,44.2,37.1,39.5,38.7,1288.1,2879.1,901.6,386.4,38.64,2.454,1.642,1.3,0.8
srv-0062,2026-09-04,37.5,96.6,75.9,37.3,40.8,39.6,920.1,2994.4,644.1,276.0,27.6,5.401,2.545,2.6,2.4
srv-0062,2026-09-05,20.5,29.2,26.2,35.8,40.9,39.1,623.8,1647.2,436.6,187.1,18.71,2.075,0.932,1.1,0.4
srv-0062,2026-09-06,28.5,44.2,38.7,36.2,41.6,39.7,694.7,1414.5,486.3,208.4,20.84,1.744,1.352,1.0,1.3
srv-0063,2026-08-08,16.5,20.7,19.2,70.4,76.0,74.0,193.4,471.6,106.4,87.0,9.67,2.35,11.383,2.0,11.0
srv-0063,2026-08-09,17.2,26.1,23.0,71.5,79.1,76.4,201.1,527.0,110.6,90.5,10.05,1.835,11.173,1.4,5.9
srv-0063,2026-08-10,26.9,37.5,33.8,73.9,78.2,76.7,199.5,473.4,109.7,89.8,9.98,3.64,10.186,2.8,4.8
srv-0063,2026-08-11,29.6,37.2,34.6,74.2,86.1,81.9,270.3,740.6,148.7,121.7,13.52,2.655,13.98,2.3,10.6
srv-0063,2026-08-12,27.7,99,74.0,73.7,83.4,80.0,221.0,1052.5,121.6,99.5,11.05,5.27,27.688,3.2,18.0
srv-0063,2026-08-13,30.7,40.4,37.0,76.0,84.2,81.3,334.8,703.9,184.2,150.7,16.74,3.133,11.577,2.0,11.7
srv-0063,2026-08-14,32.8,48.8,43.2,75.2,85.3,81.8,252.3,479.4,138.8,113.5,12.62,2.411,16.076,1.7,8.6
srv-0063,2026-08-15,16.8,24.9,22.1,70.8,84.0,79.4,216.1,424.4,118.8,97.2,10.8,1.243,6.793,0.9,5.4
srv-0063,2026-08-16,18.3,29.1,25.3,70.1,75.3,73.5,158.3,300.1,87.1,71.2,7.92,2.19,8.262,1.3,4.2
srv-0063,2026-08-17,27.4,38.5,34.6,74.1,80.3,78.1,259.8,600.6,142.9,116.9,12.99,3.755,10.915,1.8,8.5
srv-0063,2026-08-18,25.5,36.7,32.8,73.3,87.7,82.7,194.6,368.4,107.0,87.6,9.73,3.105,18.223,2.7,9.3
srv-0063,2026-08-19,24.1,31.1,28.6,73.5,78.9,77.0,252.0,626.8,138.6,113.4,12.6,1.771,9.216,1.4,3.5
srv-0063,2026-08-20,31.1,40.8,37.4,75.6,89.5,84.6,285.1,699.7,156.8,128.3,14.25,2.921,17.611,1.3,9.0
srv-0063,2026-08-21,25.3,33.6,30.7,74.2,86.8,82.4,204.9,566.3,112.7,92.2,10.24,1.811,16.1,1.4,15.8
srv-0063,2026-08-22,16.8,21.5,19.9,69.9,80.5,76.8,121.1,319.8,66.6,54.5,6.05,1.402,9.703,0.9,5.0
srv-0063,2026-08-23,16.4,24.4,21.6,69.9,84.4,79.4,144.1,274.3,79.3,64.9,7.21,2.225,11.671,1.2,10.5
srv-0063,2026-08-24,25.5,41.9,36.2,74.6,78.8,77.3,248.1,459.0,136.4,111.6,12.4,3.217,12.071,1.9,6.0
srv-0063,2026-08-25,26.7,36.1,32.8,75.4,90.5,85.3,313.1,874.9,172.2,140.9,15.65,3.53,22.167,2.4,10.3
srv-0063,2026-08-26,27.4,42.9,37.5,75.0,82.3,79.7,285.5,663.4,157.0,128.5,14.28,2.382,20.859,1.8,17.0
srv-0063,2026-08-27,25.7,39.7,34.8,75.1,83.9,80.8,215.8,517.9,118.7,97.1,10.79,4.099,17.087,3.2,17.3
srv-0063,2026-08-28,25.3,81.9,62.1,74.1,89.4,84.0,264.2,1318.0,145.3,118.9,13.21,6.983,34.666,2.8,13.2
srv-0063,2026-08-29,17.3,27.6,24.0,71.1,78.5,75.9,223.1,502.6,122.7,100.4,11.16,2.33,12.691,1.5,10.2
srv-0063,2026-08-30,16.7,23.8,21.3,70.8,79.4,76.4,215.7,417.7,118.7,97.1,10.79,1.226,10.956,0.8,8.9
srv-0063,2026-08-31,31.8,51.7,44.8,75.5,90.1,85.0,274.3,751.5,150.9,123.5,13.72,3.798,13.862,1.5,7.6
srv-0063,2026-09-01,31.2,46.7,41.3,74.6,87.5,83.0,212.1,382.4,116.7,95.4,10.61,2.016,20.54,1.0,10.9
srv-0063,2026-09-02,33.6,54.7,47.3,76.0,83.3,80.8,267.0,652.5,146.8,120.1,13.35,2.339,14.999,1.7,7.3
srv-0063,2026-09-03,26.5,33.9,31.3,73.3,85.5,81.3,284.0,727.6,156.2,127.8,14.2,2.376,15.017,1.9,9.4
srv-0063,2026-09-04,27.0,38.1,34.2,73.5,80.9,78.3,303.7,590.4,167.1,136.7,15.19,2.66,13.581,1.3,5.3
srv-0063,2026-09-05,14.9,23.8,20.7,69.9,76.9,74.5,122.5,318.0,67.4,55.1,6.13,2.1,7.277,1.0,4.9
srv-0063,2026-09-06,19.8,26.4,24.1,70.8,81.3,77.6,181.5,458.2,99.8,81.7,9.07,2.121,11.146,1.7,5.1
srv-0064,2026-08-08,7.6,9.7,9.0,53.3,60.9,58.2,241.9,633.7,133.1,108.9,12.1,2.735,15.97,2.3,10.6
srv-0064,2026-08-09,7.4,11.7,10.2,53.0,62.4,59.1,304.9,705.6,167.7,137.2,15.25,2.546,11.929,1.2,10.3
srv-0064,2026-08-10,10.3,13.4,12.3,56.6,60.8,59.3,443.7,998.8,244.0,199.7,22.19,2.466,18.954,2.0,16.3
srv-0064,2026-08-11,11.4,16.6,14.8,55.6,67.8,63.5,482.6,1018.3,265.4,217.2,24.13,3.621,17.459,3.0,17.1
srv-0064,2026-08-12,10.3,13.9,12.6,56.6,66.2,62.8,563.7,1427.0,310.0,253.7,28.18,3.33,13.913,1.8,6.9
srv-0064,2026-08-13,12.1,20.4,17.5,56.5,67.1,63.4,516.8,1338.5,284.3,232.6,25.84,4.105,18.482,2.5,10.6
srv-0064,2026-08-14,10.5,15.7,13.9,55.9,67.7,63.5,435.5,1217.7,239.5,196.0,21.77,2.75,20.373,1.4,20.5
srv-0064,2026-08-15,6.7,8.9,8.2,53.2,57.9,56.2,269.2,662.2,148.1,121.1,13.46,1.945,12.179,1.2,8.8
srv-0064,2026-08-16,7.0,10.2,9.1,53.5,62.2,59.2,286.4,614.4,157.5,128.9,14.32,2.225,15.251,0.9,14.1
srv-0064,2026-08-17,10.3,17.0,14.7,56.8,68.3,64.2,503.3,1178.1,276.8,226.5,25.16,2.515,15.4,1.7,7.2
srv-0064,2026-08-18,10.6,14.5,13.1,55.2,66.0,62.2,318.5,730.8,175.2,143.3,15.92,2.628,19.678,1.7,12.6
srv-0064,2026-08-19,12.3,17.4,15.6,56.4,67.3,63.5,458.7,1127.9,252.3,206.4,22.94,4.135,14.004,3.0,5.9
srv-0064,2026-08-20,9.7,16.4,14.0,55.2,64.9,61.5,428.3,987.9,235.5,192.7,21.41,2.103,19.867,1.6,19.3
srv-0064,2026-08-21,10.9,14.9,13.5,55.7,59.2,58.0,500.0,1119.8,275.0,225.0,25.0,3.046,15.192,1.4,6.0
srv-0064,2026-08-22,5.2,6.6,6.1,52.0,59.4,56.8,235.4,624.6,129.5,105.9,11.77,1.813,7.554,1.0,3.3
srv-0064,2026-08-23,7.4,11.0,9.7,53.2,56.9,55.6,343.2,695.1,188.8,154.5,17.16,1.559,9.939,1.4,4.7
srv-0064,2026-08-24,9.6,33.1,24.9,55.6,63.6,60.8,395.9,1765.9,217.7,178.2,19.79,7.108,48.676,4.7,30.6
srv-0064,2026-08-25,9.1,14.6,12.7,54.7,64.3,60.9,390.6,1036.1,214.8,175.8,19.53,3.17,11.949,2.1,11.3
srv-0064,2026-08-26,11.2,15.1,13.8,55.3,65.4,61.9,412.6,780.7,226.9,185.7,20.63,3.401,21.455,3.1,20.0
srv-0064,2026-08-27,9.7,12.8,11.7,55.4,66.5,62.6,306.2,680.2,168.4,137.8,15.31,2.662,18.503,1.9,14.5
srv-0064,2026-08-28,8.8,12.8,11.4,54.4,63.0,60.0,373.8,830.4,205.6,168.2,18.69,2.303,18.634,1.7,12.5
srv-0064,2026-08-29,6.4,8.5,7.8,52.3,55.1,54.1,249.8,451.1,137.4,112.4,12.49,1.83,8.166,0.7,5.6
srv-0064,2026-08-30,7.8,9.8,9.1,53.3,63.2,59.8,260.0,623.0,143.0,117.0,13.0,1.925,15.358,1.0,11.4
srv-0064,2026-08-31,9.7,16.0,13.8,56.0,67.9,63.7,398.6,848.2,219.2,179.4,19.93,3.269,21.522,2.7,18.7
srv-0064,2026-09-01,11.1,14.2,13.1,56.4,63.3,60.9,431.3,1073.6,237.2,194.1,21.57,2.679,21.745,1.9,18.6
srv-0064,2026-09-02,8.4,13.2,11.5,55.2,59.6,58.1,341.6,730.0,187.9,153.7,17.08,1.93,16.5,1.6,7.7
srv-0064,2026-09-03,11.3,17.1,15.1,56.6,64.2,61.5,480.5,1264.7,264.3,216.2,24.03,4.293,16.089,3.2,15.2
srv-0064,2026-09-04,9.0,11.9,10.9,55.1,58.9,57.6,307.7,844.2,169.3,138.5,15.39,3.069,15.746,1.8,10.8
srv-0064,2026-09-05,7.0,10.9,9.6,53.5,58.7,56.9,370.2,688.6,203.6,166.6,18.51,2.381,15.469,1.9,11.7
srv-0064,2026-09-06,6.1,8.7,7.8,52.4,63.0,59.3,301.4,698.1,165.8,135.6,15.07,1.912,12.089,1.0,5.5
srv-0065,2026-08-08,22.8,38.6,33.1,67.9,75.7,73.0,96.1,184.2,52.9,43.3,4.81,1.511,3.291,1.4,2.5
srv-0065,2026-08-09,27.6,34.8,32.3,68.5,77.4,74.3,78.3,144.9,43.1,35.2,3.91,1.893,4.601,1.7,2.4
srv-0065,2026-08-10,34.4,47.9,43.2,70.5,81.3,77.5,143.7,363.1,79.1,64.7,7.19,2.318,4.621,2.1,4.4
srv-0065,2026-08-11,40.8,56.8,51.2,72.0,85.8,81.0,160.4,399.4,88.2,72.2,8.02,2.459,3.993,1.2,2.8
srv-0065,2026-08-12,42.8,99,79.3,71.8,86.6,81.5,159.6,789.9,87.8,71.8,7.98,8.187,9.435,6.1,4.1
srv-0065,2026-08-13,40.3,68.0,58.3,72.2,80.7,77.7,146.0,266.0,80.3,65.7,7.3,4.008,6.055,2.9,4.1
srv-0065,2026-08-14,35.7,56.4,49.2,72.0,81.3,78.0,138.6,250.4,76.3,62.4,6.93,3.632,6.942,2.2,3.2
srv-0065,2026-08-15,32.1,47.3,42.0,69.1,74.3,72.5,123.0,336.7,67.7,55.4,6.15,2.866,3.432,1.4,2.4
srv-0065,2026-08-16,20.8,26.3,24.4,67.5,78.0,74.3,74.7,162.5,41.1,33.6,3.73,1.183,3.741,0.8,3.7
srv-0065,2026-08-17,38.5,48.3,44.9,71.5,86.6,81.3,105.7,267.7,58.1,47.6,5.28,1.965,3.479,0.8,2.1
srv-0065,2026-08-18,32.5,45.6,41.0,70.9,79.4,76.4,130.0,326.0,71.5,58.5,6.5,3.081,5.017,1.9,3.1
srv-0065,2026-08-19,36.9,46.8,43.4,72.4,87.9,82.4,161.9,302.8,89.1,72.9,8.1,3.156,4.316,1.6,3.4
srv-0065,2026-08-20,35.3,49.6,44.6,70.4,75.9,74.0,145.2,343.6,79.9,65.4,7.26,2.113,3.875,0.9,2.9
srv-0065,2026-08-21,38.8,51.6,47.1,71.8,82.6,78.8,116.7,291.5,64.2,52.5,5.84,3.544,4.103,3.1,1.8
srv-0065,2026-08-22,29.6,50.2,43.0,68.8,79.9,76.0,75.2,195.0,41.4,33.8,3.76,2.915,2.83,1.4,2.0
srv-0065,2026-08-23,29.0,94.3,71.5,68.6,83.4,78.2,99.0,449.9,54.5,44.6,4.95,3.949,7.178,1.6,5.7
srv-0065,2026-08-24,34.2,50.0,44.5,71.1,76.3,74.5,125.1,345.1,68.8,56.3,6.26,3.739,4.362,3.0,4.0
srv-0065,2026-08-25,37.3,58.9,51.3,71.5,80.0,77.0,115.4,218.7,63.5,51.9,5.77,3.128,3.302,1.4,2.3
srv-0065,2026-08-26,45.2,70.1,61.3,72.7,85.7,81.2,167.0,370.1,91.8,75.1,8.35,4.404,7.94,2.2,6.8
srv-0065,2026-08-27,31.5,49.9,43.4,71.1,74.9,73.6,102.4,256.5,56.3,46.1,5.12,1.996,6.912,0.9,5.1
srv-0065,2026-08-28,46.2,66.9,59.7,73.0,84.8,80.6,125.0,325.1,68.7,56.2,6.25,4.561,7.657,3.3,7.4
srv-0065,2026-08-29,25.9,38.9,34.3,68.1,79.9,75.8,79.9,220.8,44.0,36.0,4.0,2.039,2.818,1.6,1.3
srv-0065,2026-08-30,27.3,37.0,33.6,68.1,82.5,77.5,82.6,201.8,45.4,37.1,4.13,1.276,2.8,0.7,1.3
srv-0065,2026-08-31,30.7,48.1,42.0,70.8,81.5,77.7,147.3,351.0,81.0,66.3,7.37,3.545,6.151,2.1,5.9
srv-0065,2026-09-01,36.4,50.1,45.3,72.8,78.5,76.5,177.4,401.5,97.5,79.8,8.87,3.56,6.169,1.6,3.4
srv-0065,2026-09-02,41.4,58.3,52.4,71.5,77.7,75.5,160.4,299.0,88.2,72.2,8.02,3.069,5.577,1.2,5.2
srv-0065,2026-09-03,39.3,59.2,52.2,72.4,83.6,79.7,135.9,288.5,74.8,61.2,6.8,3.828,4.97,1.5,2.6
srv-0065,2026-09-04,38.2,64.1,55.0,73.5,86.5,81.9,137.4,334.5,75.6,61.8,6.87,4.652,8.527,4.1,6.6
srv-0065,2026-09-05,26.5,39.1,34.7,68.3,75.9,73.3,86.6,177.4,47.6,39.0,4.33,2.188,4.529,2.0,4.2
srv-0065,2026-09-06,23.5,36.8,32.1,68.2,76.4,73.5,71.9,167.7,39.5,32.4,3.6,1.344,2.929,1.2,2.0
srv-0066,2026-08-08,14.1,18.6,17.1,86.2,96.8,93.1,54.2,126.0,29.8,24.4,2.71,5.042,4.039,3.6,1.8
srv-0066,2026-08-09,12.6,18.6,16.5,85.8,97.1,93.1,50.8,131.5,27.9,22.8,2.54,4.667,3.118,1.9,1.8
srv-0066,2026-08-10,16.3,21.5,19.7,89.3,99,95.6,72.2,182.0,39.7,32.5,3.61,5.885,3.266,5.0,1.6
srv-0066,2026-08-11,18.2,27.5,24.3,91.5,99,96.4,113.9,212.2,62.6,51.3,5.7,6.587,4.534,5.2,4.5
srv-0066,2026-08-12,18.4,30.4,26.2,92.0,97.8,95.8,115.8,313.1,63.7,52.1,5.79,5.202,5.571,3.6,5.1
srv-0066,2026-08-13,23.3,37.3,32.4,91.6,99,96.4,105.9,258.5,58.3,47.7,5.3,5.006,5.439,2.8,2.4
srv-0066,2026-08-14,18.4,31.2,26.7,92.0,99,96.5,143.4,273.3,78.8,64.5,7.17,7.31,4.352,6.1,2.9
srv-0066,2026-08-15,13.3,18.0,16.4,86.1,99,94.5,57.5,105.9,31.6,25.9,2.87,3.398,3.97,3.0,2.3
srv-0066,2026-08-16,13.2,17.7,16.1,86.0,98.4,94.0,71.7,167.1,39.4,32.2,3.58,4.034,4.606,2.0,3.7
srv-0066,2026-08-17,22.1,34.4,30.1,92.1,97.4,95.5,87.4,218.1,48.1,39.3,4.37,4.549,4.579,4.1,4.1
srv-0066,2026-08-18,20.1,31.7,27.7,90.2,99,95.9,124.7,336.6,68.6,56.1,6.23,7.031,4.893,3.6,2.1
srv-0066,2026-08-19,20.9,32.5,28.4,90.4,99,96.0,83.0,160.9,45.6,37.3,4.15,5.962,5.534,2.5,4.4
srv-0066,2026-08-20,18.6,62.3,47.0,92.3,99,96.6,128.6,563.3,70.8,57.9,6.43,11.59,14.963,9.6,9.0
srv-0066,2026-08-21,21.9,31.6,28.2,90.9,99,96.2,117.4,285.8,64.6,52.8,5.87,7.14,5.182,3.3,4.3
srv-0066,2026-08-22,11.7,33.1,25.6,85.2,89.9,88.2,60.6,276.1,33.3,27.2,3.03,4.878,8.662,3.8,5.9
srv-0066,2026-08-23,15.5,50.8,38.5,87.5,92.2,90.6,65.4,357.2,36.0,29.4,3.27,8.111,6.461,3.8,3.9
srv-0066,2026-08-24,19.4,33.0,28.2,92.3,98.2,96.1,107.1,245.4,58.9,48.2,5.35,5.053,6.582,2.9,3.0
srv-0066,2026-08-25,19.0,25.8,23.4,90.0,99,95.9,89.2,240.8,49.1,40.1,4.46,6.836,7.543,2.7,7.0
srv-0066,2026-08-26,18.1,23.0,21.3,91.4,99,96.3,132.8,285.8,73.0,59.7,6.64,3.968,4.13,2.0,3.0
srv-0066,2026-08-27,20.9,30.7,27.3,90.2,95.8,93.9,101.8,265.2,56.0,45.8,5.09,4.59,4.098,3.6,3.4
srv-0066,2026-08-28,18.1,27.0,23.9,89.5,98.6,95.4,91.0,252.6,50.1,41.0,4.55,5.605,4.996,3.3,2.7
srv-0066,2026-08-29,10.8,14.4,13.1,85.2,96.0,92.2,70.7,187.8,38.9,31.8,3.54,2.944,2.883,1.5,2.2
srv-0066,2026-08-30,12.8,18.8,16.7,86.4,99,94.6,81.5,159.4,44.8,36.7,4.07,2.944,4.554,1.2,4.0
srv-0066,2026-08-31,19.1,26.2,23.7,89.5,94.2,92.5,98.8,267.6,54.3,44.4,4.94,5.135,5.211,3.1,4.6
srv-0066,2026-09-01,21.0,33.7,29.2,92.4,99,96.7,108.0,212.8,59.4,48.6,5.4,5.728,6.463,3.9,5.0
srv-0066,2026-09-02,17.6,28.8,24.9,90.4,99,96.0,89.2,213.4,49.0,40.1,4.46,5.185,6.084,2.8,4.3
srv-0066,2026-09-03,20.0,27.1,24.6,89.6,99,95.7,104.2,253.5,57.3,46.9,5.21,3.916,6.979,3.2,5.5
srv-0066,2026-09-04,19.5,25.3,23.3,89.4,99,95.7,72.9,188.7,40.1,32.8,3.65,5.969,6.614,4.6,6.2
srv-0066,2026-09-05,15.4,23.5,20.7,87.1,99,94.8,83.2,163.8,45.8,37.5,4.16,3.947,3.261,1.8,1.3
srv-0066,2026-09-06,12.3,15.6,14.4,85.8,98.3,93.9,52.9,147.9,29.1,23.8,2.64,3.354,2.401,2.8,1.0
srv-0068,2026-08-08,9.7,13.2,12.0,51.0,53.8,52.8,1193.4,2895.0,656.4,537.0,59.67,2.751,3.818,2.3,1.5
srv-0068,2026-08-09,11.0,17.1,15.0,50.5,59.4,56.3,1240.1,2334.8,682.1,558.0,62.01,1.819,2.984,1.4,1.2
srv-0068,2026-08-10,12.6,16.5,15.1,52.3,57.1,55.4,1658.4,4349.8,912.1,746.3,82.92,3.305,3.29,2.3,2.7
srv-0068,2026-08-11,16.8,23.1,20.9,53.4,56.3,55.3,1536.4,3395.2,845.0,691.4,76.82,2.346,4.222,2.1,2.3
srv-0068,2026-08-12,17.4,25.2,22.5,53.4,63.3,59.9,1632.2,3545.5,897.7,734.5,81.61,2.051,2.71,1.7,2.1
srv-0068,2026-08-13,19.0,25.1,22.9,54.0,62.1,59.2,1590.0,4281.4,874.5,715.5,79.5,2.544,2.684,1.3,1.9
srv-0068,2026-08-14,17.2,26.1,23.0,53.4,58.5,56.7,1544.4,4250.0,849.4,695.0,77.22,3.265,4.973,1.7,4.3
srv-0068,2026-08-15,10.7,13.9,12.8,51.0,59.0,56.2,1228.4,2406.9,675.6,552.8,61.42,1.823,1.963,1.1,1.5
srv-0068,2026-08-16,8.3,12.3,10.9,50.3,60.7,57.0,993.8,2445.1,546.6,447.2,49.69,1.544,2.62,1.3,2.6
srv-0068,2026-08-17,16.2,27.4,23.5,53.8,63.5,60.1,2048.2,5682.0,1126.5,921.7,102.41,2.445,4.095,1.3,2.9
srv-0068,2026-08-18,17.2,24.8,22.1,54.1,59.3,57.5,2043.7,4068.5,1124.0,919.7,102.19,4.623,3.933,3.3,3.1
srv-0068,2026-08-19,15.7,22.1,19.9,54.1,65.6,61.6,1558.6,3652.2,857.2,701.4,77.93,2.53,3.233,1.8,1.3
srv-0068,2026-08-20,13.9,20.6,18.3,52.7,62.5,59.1,1291.5,3089.1,710.3,581.2,64.57,2.296,3.459,1.1,1.7
srv-0068,2026-08-21,18.0,27.8,24.4,53.8,58.1,56.6,1738.4,4225.4,956.1,782.3,86.92,3.126,4.579,2.4,3.7
srv-0068,2026-08-22,9.5,15.0,13.1,50.1,57.6,55.0,931.7,2273.5,512.5,419.3,46.59,1.313,3.097,0.6,1.7
srv-0068,2026-08-23,10.3,13.3,12.2,50.6,61.6,57.7,1191.5,2336.5,655.3,536.2,59.57,2.297,2.157,1.6,2.0
srv-0068,2026-08-24,15.1,45.4,34.8,53.1,59.0,56.9,1260.0,5190.1,693.0,567.0,63.0,5.216,7.446,2.5,7.3
srv-0068,2026-08-25,13.8,20.1,17.9,52.9,63.5,59.8,1207.2,2675.6,663.9,543.2,60.36,3.618,4.681,1.7,3.6
srv-0068,2026-08-26,14.9,21.3,19.1,53.9,59.9,57.8,2078.1,3781.3,1142.9,935.1,103.9,3.274,3.747,2.7,1.8
srv-0068,2026-08-27,16.2,20.9,19.3,54.1,65.8,61.7,1787.6,4390.8,983.2,804.4,89.38,2.411,5.853,1.6,4.9
srv-0068,2026-08-28,15.8,20.6,18.9,53.3,65.1,61.0,1820.8,5063.0,1001.4,819.4,91.04,3.979,5.2,2.5,2.7
srv-0068,2026-08-29,10.4,13.3,12.3,51.1,55.4,53.9,1292.0,2526.7,710.6,581.4,64.6,2.548,3.075,2.3,1.2
srv-0068,2026-08-30,11.6,14.9,13.8,51.4,60.8,57.5,1042.2,2213.6,573.2,469.0,52.11,2.298,2.483,1.8,1.2
srv-0068,2026-08-31,14.0,19.8,17.8,52.6,56.6,55.2,1779.0,4445.2,978.4,800.5,88.95,3.213,3.507,2.1,1.8
srv-0068,2026-09-01,12.0,15.5,14.3,52.4,57.4,55.7,1562.9,4014.0,859.6,703.3,78.14,1.838,4.686,1.0,1.8
srv-0068,2026-09-02,20.1,33.4,28.7,54.6,58.1,56.8,1921.4,3501.7,1056.8,864.7,96.07,3.015,5.653,2.8,3.2
srv-0068,2026-09-03,18.8,27.3,24.3,53.8,65.2,61.2,1919.2,3572.6,1055.6,863.7,95.96,2.912,3.73,1.5,3.6
srv-0068,2026-09-04,14.8,21.2,19.0,53.5,63.2,59.8,1311.0,2715.9,721.0,589.9,65.55,2.846,4.195,2.6,3.6
srv-0068,2026-09-05,12.0,17.4,15.5,50.9,60.1,56.9,1339.7,3447.3,736.8,602.9,66.98,1.398,3.348,1.3,1.4
srv-0068,2026-09-06,11.7,16.9,15.1,51.1,56.2,54.4,1020.3,2392.4,561.1,459.1,51.01,2.656,2.505,2.4,1.3
srv-0071,2026-08-08,19.1,31.3,27.1,53.1,62.1,59.0,1707.7,3135.2,1195.4,512.3,51.23,1.429,1.281,0.8,0.9
srv-0071,2026-08-09,17.4,26.3,23.2,52.5,62.2,58.8,1713.0,4208.0,1199.1,513.9,51.39,1.54,1.821,0.6,1.7
srv-0071,2026-08-10,32.4,42.3,38.8,55.8,62.9,60.4,2000.0,4533.0,1400.0,600.0,60.0,2.628,1.52,2.0,0.6
srv-0071,2026-08-11,32.9,43.3,39.7,56.3,63.0,60.7,2584.0,4827.8,1808.8,775.2,77.52,2.421,1.767,1.3,0.7
srv-0071,2026-08-12,31.3,44.6,39.9,56.4,65.9,62.6,2590.0,5255.8,1813.0,777.0,77.7,1.711,2.556,1.4,1.1
srv-0071,2026-08-13,32.5,41.1,38.1,55.9,62.7,60.3,2141.5,5021.1,1499.0,642.4,64.24,1.765,3.001,1.5,1.9
srv-0071,2026-08-14,23.7,34.2,30.6,54.8,64.0,60.8,2154.1,5760.9,1507.8,646.2,64.62,2.42,2.297,1.3,0.9
srv-0071,2026-08-15,18.3,30.1,25.9,52.4,55.1,54.2,1746.9,4155.0,1222.8,524.1,52.41,1.761,1.153,1.5,1.1
srv-0071,2026-08-16,18.3,26.1,23.3,52.4,63.8,59.8,1758.8,4267.7,1231.2,527.6,52.76,1.013,1.214,0.9,0.7
srv-0071,2026-08-17,34.2,55.4,47.9,57.0,64.3,61.7,3401.9,7146.2,2381.3,1020.6,102.06,3.072,2.848,1.5,2.5
srv-0071,2026-08-18,29.4,39.3,35.8,56.8,65.1,62.2,2993.6,6591.6,2095.5,898.1,89.81,3.356,2.723,2.1,2.2
srv-0071,2026-08-19,28.6,47.8,41.1,56.3,59.8,58.6,2778.0,7534.2,1944.6,833.4,83.34,2.889,2.941,2.4,1.9
srv-0071,2026-08-20,26.9,35.0,32.2,55.9,66.2,62.6,2918.1,7277.5,2042.7,875.4,87.54,3.195,1.495,1.9,1.4
srv-0071,2026-08-21,30.6,41.0,37.4,55.2,61.7,59.5,1747.0,4481.0,1222.9,524.1,52.41,2.124,1.957,1.6,1.5
srv-0071,2026-08-22,17.2,23.1,21.0,53.0,57.9,56.2,1844.3,4286.8,1291.0,553.3,55.33,1.505,1.281,1.0,1.3
srv-0071,2026-08-23,20.7,30.8,27.2,53.4,60.1,57.7,1901.7,4789.4,1331.2,570.5,57.05,1.316,2.081,0.6,1.7
srv-0071,2026-08-24,29.0,41.4,37.0,56.2,61.7,59.8,2331.8,4297.5,1632.2,699.5,69.95,3.402,2.074,1.8,1.3
srv-0071,2026-08-25,31.6,50.8,44.1,56.6,65.8,62.6,3158.0,5942.0,2210.6,947.4,94.74,2.34,2.281,1.9,1.0
srv-0071,2026-08-26,33.8,48.4,43.3,57.1,60.4,59.2,2329.0,6224.8,1630.3,698.7,69.87,3.906,2.366,2.9,2.1
srv-0071,2026-08-27,30.3,49.3,42.6,55.9,62.2,60.0,2736.7,6978.4,1915.7,821.0,82.1,2.282,2.883,2.0,2.8
srv-0071,2026-08-28,25.1,40.4,35.0,54.9,60.8,58.7,2415.4,6316.6,1690.8,724.6,72.46,2.882,2.433,2.3,1.5
srv-0071,2026-08-29,17.8,30.1,25.8,52.5,61.7,58.4,1664.6,4460.8,1165.2,499.4,49.94,1.741,0.951,0.7,0.9
srv-0071,2026-08-30,21.2,26.5,24.7,53.0,62.5,59.2,1691.9,4339.0,1184.3,507.6,50.76,1.771,1.662,1.0,1.0
srv-0071,2026-08-31,31.4,39.5,36.7,55.3,59.0,57.7,2813.0,5597.6,1969.1,843.9,84.39,1.573,1.497,1.0,0.7
srv-0071,2026-09-01,25.7,63.8,50.5,54.7,63.0,60.1,1867.5,5905.6,1307.3,560.3,56.03,4.768,4.168,4.0,2.4
srv-0071,2026-09-02,31.7,86.3,67.2,56.2,67.6,63.6,2307.0,7333.2,1614.9,692.1,69.21,3.111,3.042,1.2,3.0
srv-0071,2026-09-03,35.9,46.0,42.5,56.8,67.6,63.8,3290.9,8523.0,2303.7,987.3,98.73,2.682,1.851,1.6,1.9
srv-0071,2026-09-04,26.0,43.3,37.3,55.0,59.4,57.9,2067.8,5708.6,1447.4,620.3,62.03,1.837,1.566,0.8,1.4
srv-0071,2026-09-05,17.8,22.7,21.0,52.9,57.8,56.1,1564.4,3567.0,1095.1,469.3,46.93,1.056,2.069,1.0,1.4
srv-0071,2026-09-06,22.3,33.8,29.8,53.3,62.0,58.9,1332.0,3437.3,932.4,399.6,39.96,2.038,1.347,1.7,1.0
srv-0072,2026-08-08,10.9,16.1,14.3,81.3,95.2,90.4,57.0,108.8,31.4,25.7,2.85,4.956,52.487,2.4,41.2
srv-0072,2026-08-09,9.8,15.7,13.7,81.6,88.1,85.8,55.8,112.1,30.7,25.1,2.79,4.63,50.667,4.1,31.4
srv-0072,2026-08-10,14.3,23.6,20.3,84.8,97.3,92.9,86.9,176.9,47.8,39.1,4.34,6.213,41.691,3.2,40.8
srv-0072,2026-08-11,17.3,26.6,23.3,86.4,99,94.6,92.3,248.9,50.8,41.5,4.61,6.236,70.081,4.1,71.2
srv-0072,2026-08-12,16.1,26.8,23.1,86.4,99,94.6,91.6,167.3,50.4,41.2,4.58,8.998,54.93,6.2,35.9
srv-0072,2026-08-13,15.3,23.3,20.5,87.0,99,94.8,119.5,234.6,65.7,53.8,5.97,5.807,74.158,3.2,52.4
srv-0072,2026-08-14,16.0,21.2,19.4,85.5,99,94.3,66.7,174.6,36.7,30.0,3.34,6.812,65.114,6.2,41.8
srv-0072,2026-08-15,10.3,16.0,14.0,82.2,95.7,90.9,67.5,173.3,37.1,30.4,3.38,4.741,42.124,2.2,28.6
srv-0072,2026-08-16,9.4,12.6,11.5,82.0,92.8,89.0,66.9,167.0,36.8,30.1,3.35,5.235,51.344,3.4,28.1
srv-0072,2026-08-17,19.7,24.7,22.9,87.5,99,95.0,115.7,272.6,63.6,52.1,5.79,7.138,60.296,5.2,32.4
srv-0072,2026-08-18,19.8,26.3,24.0,87.5,99,95.0,87.3,237.8,48.0,39.3,4.37,7.778,55.416,3.9,52.0
srv-0072,2026-08-19,16.0,25.6,22.3,86.4,97.3,93.5,102.7,238.1,56.5,46.2,5.14,5.965,62.582,2.5,42.6
srv-0072,2026-08-20,17.4,21.9,20.3,87.3,98.4,94.5,114.7,317.9,63.1,51.6,5.73,10.928,72.91,7.2,68.3
srv-0072,2026-08-21,17.0,62.4,46.5,87.5,99,95.0,110.2,663.3,60.6,49.6,5.51,19.737,110.944,11.3,63.6
srv-0072,2026-08-22,8.9,11.4,10.5,81.3,85.6,84.1,64.5,132.2,35.5,29.0,3.22,3.299,38.471,1.5,33.9
srv-0072,2026-08-23,10.2,14.0,12.7,81.6,87.8,85.6,58.3,112.6,32.1,26.2,2.92,5.417,58.218,4.3,37.2
srv-0072,2026-08-24,14.4,22.0,19.3,84.6,97.7,93.1,85.6,218.8,47.1,38.5,4.28,7.418,77.51,6.7,78.2
srv-0072,2026-08-25,18.5,31.0,26.6,86.3,92.1,90.1,107.6,295.1,59.2,48.4,5.38,9.687,89.629,5.3,58.9
srv-0072,2026-08-26,17.7,27.9,24.3,86.8,95.5,92.5,83.1,160.1,45.7,37.4,4.15,6.495,68.105,5.9,54.2
srv-0072,2026-08-27,14.9,20.0,18.2,86.0,99,94.5,110.5,235.4,60.8,49.7,5.53,6.738,86.656,3.1,61.7
srv-0072,2026-08-28,17.3,22.4,20.6,86.0,99,94.5,82.9,178.1,45.6,37.3,4.15,6.49,52.012,4.1,27.8
srv-0072,2026-08-29,10.4,13.6,12.5,82.2,91.4,88.2,65.2,178.8,35.9,29.3,3.26,4.695,61.27,3.4,53.3
srv-0072,2026-08-30,11.0,14.9,13.5,81.2,86.1,84.4,55.8,120.7,30.7,25.1,2.79,4.985,30.869,3.1,20.1
srv-0072,2026-08-31,16.6,24.5,21.7,87.4,97.5,93.9,117.5,273.7,64.6,52.9,5.88,5.784,46.239,2.3,17.4
srv-0072,2026-09-01,17.6,25.5,22.7,86.1,99,94.5,100.1,225.6,55.1,45.1,5.01,6.134,48.524,3.0,40.9
srv-0072,2026-09-02,16.3,20.6,19.1,86.9,92.3,90.4,84.0,211.4,46.2,37.8,4.2,10.561,82.915,7.7,49.5
srv-0072,2026-09-03,14.8,23.7,20.6,84.3,98.8,93.7,78.5,212.8,43.2,35.3,3.93,8.076,64.026,3.2,32.5
srv-0072,2026-09-04,14.7,19.6,17.9,85.0,96.0,92.2,88.9,175.7,48.9,40.0,4.45,4.391,80.795,3.5,67.6
srv-0072,2026-09-05,13.2,17.5,16.0,82.9,94.8,90.6,75.8,167.9,41.7,34.1,3.79,6.391,57.233,3.8,32.2
srv-0072,2026-09-06,9.0,12.2,11.1,81.4,97.3,91.8,71.8,174.9,39.5,32.3,3.59,6.151,49.145,3.8,23.9
srv-0073,2026-08-08,10.0,15.4,13.5,76.8,89.8,85.2,77.1,197.6,42.4,34.7,3.85,5.294,51.533,2.0,49.5
srv-0073,2026-08-09,10.9,16.5,14.5,78.5,92.0,87.3,96.8,177.2,53.3,43.6,4.84,4.419,84.403,4.1,33.1
srv-0073,2026-08-10,17.9,30.5,26.1,82.5,87.2,85.6,126.1,311.6,69.4,56.8,6.31,9.619,107.349,7.1,100.2
srv-0073,2026-08-11,16.4,53.8,40.7,81.7,99,93.0,116.1,529.7,63.9,52.2,5.8,12.701,139.561,5.0,77.8
srv-0073,2026-08-12,15.2,22.3,19.8,81.4,89.2,86.5,124.6,233.6,68.5,56.1,6.23,10.491,92.721,4.1,42.4
srv-0073,2026-08-13,16.2,22.2,20.1,83.1,93.8,90.1,142.2,275.3,78.2,64.0,7.11,7.19,101.832,3.0,48.0
srv-0073,2026-08-14,16.1,22.0,19.9,82.9,91.7,88.6,97.4,262.4,53.5,43.8,4.87,11.218,74.899,5.3,49.5
srv-0073,2026-08-15,11.1,17.9,15.5,77.4,84.9,82.3,60.9,137.8,33.5,27.4,3.04,5.685,42.251,3.0,25.7
srv-0073,2026-08-16,8.7,13.9,12.1,76.7,83.5,81.2,72.8,196.4,40.0,32.7,3.64,6.078,66.694,4.6,58.3
srv-0073,2026-08-17,13.5,20.5,18.0,80.8,90.7,87.2,78.7,162.2,43.3,35.4,3.93,7.179,67.839,4.6,54.3
srv-0073,2026-08-18,12.7,19.6,17.2,80.0,88.8,85.7,107.4,234.6,59.1,48.3,5.37,7.307,100.173,6.5,98.9
srv-0073,2026-08-19,17.4,22.9,21.0,83.5,89.8,87.6,130.0,339.9,71.5,58.5,6.5,7.777,104.619,5.3,93.2
srv-0073,2026-08-20,16.7,23.9,21.4,82.0,87.3,85.5,99.2,259.6,54.6,44.7,4.96,7.703,66.756,4.4,27.0
srv-0073,2026-08-21,14.1,20.3,18.2,81.4,98.6,92.6,120.4,273.9,66.2,54.2,6.02,9.888,98.929,5.7,56.6
srv-0073,2026-08-22,9.9,13.1,12.0,77.8,82.7,81.0,78.9,202.3,43.4,35.5,3.94,5.656,38.506,3.1,15.6
srv-0073,2026-08-23,10.2,16.2,14.1,78.2,88.9,85.2,81.4,150.9,44.8,36.6,4.07,4.56,41.741,2.5,23.8
srv-0073,2026-08-24,16.7,24.0,21.5,81.9,88.8,86.4,96.5,216.4,53.1,43.4,4.83,5.439,122.017,4.9,93.5
srv-0073,2026-08-25,17.7,64.3,48.0,83.5,88.0,86.4,133.8,606.1,73.6,60.2,6.69,13.397,158.689,9.6,140.6
srv-0073,2026-08-26,20.4,30.3,26.8,83.4,98.2,93.0,118.4,216.1,65.1,53.3,5.92,9.97,120.628,8.4,82.7
srv-0073,2026-08-27,19.3,28.8,25.5,83.3,88.3,86.6,120.6,331.4,66.3,54.3,6.03,12.013,78.05,10.0,71.7
srv-0073,2026-08-28,14.9,18.9,17.5,81.8,97.3,91.9,93.4,251.5,51.4,42.0,4.67,5.691,111.456,4.5,59.1
srv-0073,2026-08-29,11.0,15.3,13.8,77.1,86.1,82.9,65.6,118.1,36.1,29.5,3.28,3.87,56.764,2.3,57.4
srv-0073,2026-08-30,11.6,43.2,32.1,78.6,88.6,85.1,70.3,299.5,38.7,31.6,3.52,11.831,210.118,5.1,142.0
srv-0073,2026-08-31,14.9,46.4,35.4,80.0,95.2,89.9,101.9,625.7,56.0,45.8,5.09,16.787,211.508,13.5,81.3
srv-0073,2026-09-01,15.9,21.0,19.2,81.8,87.9,85.8,93.0,212.3,51.2,41.9,4.65,6.901,116.938,5.5,114.5
srv-0073,2026-09-02,15.7,20.4,18.8,82.2,88.2,86.1,101.7,267.9,55.9,45.8,5.09,10.058,71.907,4.3,62.8
srv-0073,2026-09-03,15.7,21.1,19.2,80.5,92.6,88.4,106.8,235.5,58.7,48.0,5.34,8.467,59.474,5.0,36.8
srv-0073,2026-09-04,14.9,19.0,17.6,81.7,94.0,89.7,109.4,199.9,60.2,49.2,5.47,9.682,112.509,5.6,95.7
srv-0073,2026-09-05,11.2,17.9,15.6,77.4,84.7,82.1,55.7,147.9,30.6,25.1,2.78,4.043,76.798,2.7,53.1
srv-0073,2026-09-06,12.8,20.7,17.9,77.8,87.2,83.9,78.6,146.4,43.2,35.4,3.93,3.93,61.646,3.4,31.0
srv-0074,2026-08-08,15.1,20.9,18.9,76.8,89.7,85.2,12.0,24.8,6.6,5.4,0.6,3.005,59.83,2.0,57.4
srv-0074,2026-08-09,19.2,26.0,23.6,78.0,89.3,85.3,17.4,38.8,9.6,7.8,0.87,3.664,74.941,2.4,46.9
srv-0074,2026-08-10,34.6,99,76.5,83.0,99,93.4,29.0,131.3,16.0,13.1,1.45,17.006,266.074,9.1,209.6
srv-0074,2026-08-11,30.8,45.6,40.4,81.9,99,93.0,28.0,54.7,15.4,12.6,1.4,7.219,64.407,6.5,24.3
srv-0074,2026-08-12,31.4,50.6,43.9,83.4,98.2,93.0,25.6,65.1,14.1,11.5,1.28,9.633,120.608,4.2,80.9
srv-0074,2026-08-13,37.2,57.3,50.3,83.4,93.2,89.8,36.4,77.1,20.0,16.4,1.82,8.802,125.601,7.6,80.4
srv-0074,2026-08-14,32.2,40.3,37.5,82.8,93.7,89.9,23.5,49.0,12.9,10.6,1.18,7.818,89.07,6.6,70.2
srv-0074,2026-08-15,23.4,35.6,31.3,78.7,93.8,88.6,14.9,28.7,8.2,6.7,0.75,5.365,79.129,4.8,66.9
srv-0074,2026-08-16,18.4,23.5,21.7,78.7,82.7,81.3,21.2,53.3,11.7,9.5,1.06,3.35,68.918,2.1,70.0
srv-0074,2026-08-17,37.6,49.4,45.2,83.7,92.9,89.7,35.3,88.1,19.4,15.9,1.76,5.391,112.028,3.3,54.9
srv-0074,2026-08-18,29.1,49.4,42.3,83.4,96.4,91.8,37.4,103.1,20.6,16.8,1.87,9.464,87.666,6.5,73.1
srv-0074,2026-08-19,26.7,43.0,37.3,81.4,90.4,87.3,20.4,56.2,11.2,9.2,1.02,8.144,56.289,5.1,56.9
srv-0074,2026-08-20,32.9,41.4,38.4,83.7,90.0,87.8,25.9,49.9,14.2,11.6,1.29,8.011,86.047,3.9,44.9
srv-0074,2026-08-21,34.7,48.3,43.5,82.9,96.5,91.7,23.6,63.4,13.0,10.6,1.18,8.442,63.149,5.1,29.5
srv-0074,2026-08-22,18.6,28.5,25.0,78.5,84.0,82.1,23.8,55.9,13.1,10.7,1.19,3.784,58.799,3.2,48.5
srv-0074,2026-08-23,16.3,24.3,21.5,76.9,83.7,81.3,13.9,26.2,7.7,6.3,0.7,2.547,65.753,2.2,40.6
srv-0074,2026-08-24,26.0,40.7,35.6,82.1,99,93.1,23.8,49.2,13.1,10.7,1.19,6.417,90.343,2.7,75.8
srv-0074,2026-08-25,30.5,48.2,42.0,83.8,94.5,90.8,37.9,85.1,20.8,17.1,1.9,4.928,77.521,3.8,51.2
srv-0074,2026-08-26,23.8,33.9,30.4,80.9,89.5,86.5,19.4,46.4,10.7,8.7,0.97,7.393,71.641,5.3,72.7
srv-0074,2026-08-27,26.8,38.5,34.4,82.2,93.0,89.3,33.0,76.8,18.1,14.8,1.65,5.95,78.833,3.5,52.6
srv-0074,2026-08-28,33.0,55.6,47.7,81.9,89.9,87.1,28.3,54.3,15.6,12.7,1.42,5.354,59.369,4.5,46.7
srv-0074,2026-08-29,20.5,31.3,27.5,78.5,89.5,85.6,18.8,40.1,10.4,8.5,0.94,4.302,43.798,3.1,34.0
srv-0074,2026-08-30,20.0,31.3,27.4,78.5,87.2,84.2,19.9,38.9,11.0,9.0,1.0,3.526,37.155,2.3,20.6
srv-0074,2026-08-31,34.0,99,76.3,82.8,96.5,91.7,35.0,166.4,19.3,15.8,1.75,13.722,242.458,12.1,165.7
srv-0074,2026-09-01,34.0,48.0,43.1,83.5,99,93.6,34.6,87.3,19.0,15.6,1.73,9.599,61.619,4.1,56.4
srv-0074,2026-09-02,30.3,46.1,40.6,82.7,93.1,89.5,22.0,49.6,12.1,9.9,1.1,4.662,116.498,3.3,98.2
srv-0074,2026-09-03,25.3,35.9,32.2,81.8,95.6,90.8,27.7,77.2,15.2,12.4,1.38,4.36,93.032,3.1,53.8
srv-0074,2026-09-04,37.5,61.2,52.9,83.7,96.6,92.1,32.6,67.1,17.9,14.7,1.63,6.368,119.137,5.9,72.7
srv-0074,2026-09-05,16.2,24.8,21.8,77.0,87.8,84.0,19.8,39.1,10.9,8.9,0.99,2.593,49.964,1.7,40.5
srv-0074,2026-09-06,16.2,27.3,23.4,77.5,91.9,86.8,18.7,39.9,10.3,8.4,0.94,4.822,60.451,2.5,28.8
srv-0076,2026-08-08,5.7,17.0,13.1,59.9,68.0,65.2,61.3,333.6,33.7,27.6,3.06,6.317,3.717,5.0,2.1
srv-0076,2026-08-09,5.9,7.9,7.2,60.4,73.6,69.0,78.4,176.1,43.1,35.3,3.92,3.532,4.042,2.8,3.2
srv-0076,2026-08-10,9.0,14.8,12.8,64.1,76.6,72.3,135.4,249.2,74.5,60.9,6.77,5.555,3.403,2.7,2.6
srv-0076,2026-08-11,7.9,12.8,11.1,62.9,69.3,67.1,77.8,203.7,42.8,35.0,3.89,2.639,5.497,2.4,3.4
srv-0076,2026-08-12,6.8,11.5,9.9,62.4,76.1,71.3,89.0,230.5,49.0,40.1,4.45,2.736,4.225,1.9,3.9
srv-0076,2026-08-13,10.5,16.2,14.2,64.2,74.7,71.1,101.2,266.0,55.6,45.5,5.06,3.354,3.333,2.1,1.5
srv-0076,2026-08-14,8.8,13.6,11.9,64.7,72.9,70.0,145.1,356.1,79.8,65.3,7.25,4.772,7.142,3.1,2.8
srv-0076,2026-08-15,5.5,7.4,6.7,61.0,69.2,66.3,62.4,149.4,34.3,28.1,3.12,2.454,4.597,1.6,2.2
srv-0076,2026-08-16,5.4,7.0,6.4,60.8,64.4,63.2,92.9,246.2,51.1,41.8,4.65,3.618,4.388,3.2,3.5
srv-0076,2026-08-17,8.6,12.6,11.2,63.7,74.4,70.6,115.9,298.1,63.7,52.2,5.79,5.854,4.102,4.4,2.4
srv-0076,2026-08-18,10.2,14.2,12.8,64.3,69.4,67.7,134.8,267.1,74.1,60.7,6.74,4.232,6.058,3.8,4.2
srv-0076,2026-08-19,8.3,10.6,9.8,63.4,76.1,71.7,116.7,253.8,64.2,52.5,5.84,3.002,5.076,1.4,2.5
srv-0076,2026-08-20,8.8,13.3,11.7,62.6,65.9,64.7,110.5,245.0,60.8,49.7,5.53,2.506,3.144,1.4,2.8
srv-0076,2026-08-21,10.8,15.0,13.5,65.0,71.2,69.0,95.7,181.2,52.7,43.1,4.79,6.71,4.127,3.2,3.9
srv-0076,2026-08-22,7.4,12.2,10.5,61.1,64.5,63.3,64.6,142.7,35.5,29.1,3.23,3.794,2.76,2.1,1.1
srv-0076,2026-08-23,6.8,10.3,9.1,61.1,66.9,64.9,92.8,245.4,51.1,41.8,4.64,3.05,3.691,1.3,2.0
srv-0076,2026-08-24,10.1,13.3,12.2,64.9,78.3,73.6,146.8,292.8,80.8,66.1,7.34,3.479,4.475,2.4,4.3
srv-0076,2026-08-25,8.7,11.4,10.5,63.6,76.0,71.6,115.2,288.9,63.3,51.8,5.76,5.718,3.32,3.0,2.0
srv-0076,2026-08-26,8.8,13.4,11.8,63.5,77.0,72.3,122.0,338.9,67.1,54.9,6.1,5.158,5.246,4.1,4.5
srv-0076,2026-08-27,9.1,14.6,12.7,64.0,76.8,72.3,94.3,259.5,51.9,42.4,4.71,5.807,3.513,4.6,3.5
srv-0076,2026-08-28,7.7,11.2,10.0,63.5,68.4,66.7,114.5,274.5,62.9,51.5,5.72,5.033,3.05,2.5,1.6
srv-0076,2026-08-29,4.9,7.0,6.2,59.7,70.2,66.5,51.2,118.4,28.1,23.0,2.56,2.236,2.114,1.8,1.5
srv-0076,2026-08-30,6.0,8.8,7.8,60.7,70.9,67.3,59.0,126.5,32.5,26.6,2.95,3.66,4.514,2.6,4.0
srv-0076,2026-08-31,9.8,15.1,13.2,65.1,70.2,68.4,97.9,196.3,53.8,44.0,4.89,6.696,5.781,4.0,4.4
srv-0076,2026-09-01,9.1,14.9,12.9,65.0,69.5,67.9,127.8,314.4,70.3,57.5,6.39,5.856,7.664,3.0,4.6
srv-0076,2026-09-02,9.3,13.8,12.2,62.9,67.0,65.6,78.5,142.1,43.2,35.3,3.93,3.832,5.452,3.2,2.3
srv-0076,2026-09-03,7.8,10.4,9.5,63.4,67.3,65.9,125.4,302.2,69.0,56.4,6.27,5.694,3.771,2.3,1.7
srv-0076,2026-09-04,9.2,13.9,12.2,63.4,72.7,69.4,88.2,205.2,48.5,39.7,4.41,3.042,4.546,1.5,2.4
srv-0076,2026-09-05,7.0,9.3,8.5,60.8,71.5,67.7,92.1,207.0,50.7,41.4,4.61,4.108,3.912,2.0,1.5
srv-0076,2026-09-06,5.4,8.2,7.3,59.8,68.4,65.3,56.6,117.9,31.1,25.5,2.83,3.036,3.421,2.2,2.8
srv-0077,2026-08-08,6.3,8.7,7.9,53.2,63.3,59.7,141.2,338.0,77.7,63.5,7.06,2.045,2.041,1.6,1.7
srv-0077,2026-08-09,7.0,9.7,8.8,53.2,57.2,55.8,205.8,532.9,113.2,92.6,10.29,2.294,3.285,0.9,2.2
srv-0077,2026-08-10,13.2,16.6,15.4,56.5,64.1,61.4,328.0,748.0,180.4,147.6,16.4,2.347,4.149,1.2,2.9
srv-0077,2026-08-11,10.9,17.3,15.0,55.9,61.7,59.7,243.1,510.2,133.7,109.4,12.16,3.95,2.616,2.4,1.7
srv-0077,2026-08-12,13.9,20.2,18.0,58.0,68.4,64.7,382.5,873.9,210.4,172.1,19.13,5.077,6.923,4.6,4.1
srv-0077,2026-08-13,13.9,20.8,18.4,57.7,63.4,61.4,281.6,652.8,154.9,126.7,14.08,2.729,4.284,2.1,3.4
srv-0077,2026-08-14,10.4,13.8,12.6,56.2,65.4,62.2,241.3,548.4,132.7,108.6,12.07,2.654,5.716,2.4,4.4
srv-0077,2026-08-15,8.9,11.5,10.6,54.5,62.3,59.6,226.6,477.6,124.6,102.0,11.33,2.618,3.128,2.3,3.1
srv-0077,2026-08-16,7.7,13.0,11.2,53.8,61.4,58.8,220.1,500.7,121.1,99.1,11.01,2.835,2.673,2.4,2.3
srv-0077,2026-08-17,11.8,38.5,29.2,57.4,69.8,65.5,346.3,1631.5,190.5,155.8,17.31,10.162,10.751,8.8,7.8
srv-0077,2026-08-18,12.9,17.9,16.1,57.8,68.4,64.7,320.7,733.0,176.4,144.3,16.04,4.405,6.678,3.6,3.1
srv-0077,2026-08-19,12.1,34.8,26.9,55.8,62.4,60.1,257.4,967.7,141.6,115.8,12.87,6.946,7.567,4.5,7.1
srv-0077,2026-08-20,12.6,20.3,17.6,57.7,60.8,59.7,380.5,802.5,209.3,171.2,19.03,4.221,4.44,2.7,3.4
srv-0077,2026-08-21,11.3,31.1,24.2,56.6,60.3,59.0,275.9,1330.9,151.8,124.2,13.8,6.854,7.897,6.0,6.7
srv-0077,2026-08-22,8.0,12.0,10.6,54.4,63.5,60.3,231.0,573.2,127.1,104.0,11.55,2.363,3.239,0.9,2.7
srv-0077,2026-08-23,8.3,12.0,10.7,53.6,63.2,59.8,223.7,430.0,123.1,100.7,11.19,1.892,1.781,0.7,1.8
srv-0077,2026-08-24,11.8,15.7,14.4,56.7,68.6,64.4,222.6,580.1,122.4,100.2,11.13,3.242,4.467,2.6,2.9
srv-0077,2026-08-25,9.8,13.6,12.3,55.6,66.7,62.8,254.9,605.8,140.2,114.7,12.74,2.009,4.778,1.6,2.9
srv-0077,2026-08-26,10.6,15.7,13.9,55.6,61.3,59.3,225.4,559.5,124.0,101.4,11.27,2.195,4.563,1.1,4.2
srv-0077,2026-08-27,13.5,40.1,30.8,56.6,60.6,59.2,354.7,1891.1,195.1,159.6,17.73,7.344,9.412,4.5,4.6
srv-0077,2026-08-28,11.2,18.9,16.2,55.9,65.1,61.9,231.5,517.7,127.3,104.2,11.57,2.143,2.975,1.0,2.4
srv-0077,2026-08-29,8.1,11.4,10.3,53.4,61.1,58.4,212.8,516.3,117.0,95.7,10.64,2.242,1.902,1.9,1.7
srv-0077,2026-08-30,9.8,16.1,13.9,54.6,58.3,57.0,206.1,371.1,113.4,92.7,10.31,3.322,3.493,1.8,2.3
srv-0077,2026-08-31,11.5,29.3,23.0,56.6,67.6,63.7,344.4,1918.6,189.4,155.0,17.22,7.553,8.351,6.5,6.6
srv-0077,2026-09-01,12.6,18.0,16.1,55.9,59.0,58.0,324.0,602.9,178.2,145.8,16.2,2.019,5.202,1.0,2.2
srv-0077,2026-09-02,12.7,19.7,17.3,58.0,69.3,65.3,332.0,853.9,182.6,149.4,16.6,3.198,4.316,2.1,3.3
srv-0077,2026-09-03,14.7,19.8,18.0,57.5,62.2,60.6,285.1,559.8,156.8,128.3,14.25,2.716,5.339,1.6,2.4
srv-0077,2026-09-04,11.8,18.5,16.2,56.6,65.1,62.1,341.3,688.2,187.7,153.6,17.07,3.339,4.183,1.5,3.1
srv-0077,2026-09-05,7.3,11.2,9.8,54.0,59.6,57.6,171.6,386.6,94.4,77.2,8.58,2.197,3.258,1.3,3.1
srv-0077,2026-09-06,7.6,10.3,9.3,53.1,59.0,56.9,151.3,392.8,83.2,68.1,7.56,1.681,3.151,0.9,2.9
srv-0080,2026-08-08,20.6,34.8,29.8,74.5,84.2,80.8,360.9,948.1,198.5,162.4,18.05,2.713,4.668,1.7,3.5
srv-0080,2026-08-09,24.7,31.9,29.4,75.5,92.0,86.2,427.0,805.1,234.9,192.2,21.35,2.433,4.418,1.5,2.9
srv-0080,2026-08-10,29.1,47.6,41.1,78.1,89.4,85.4,550.6,1091.9,302.8,247.8,27.53,4.069,5.985,1.7,4.6
srv-0080,2026-08-11,35.2,46.8,42.7,80.0,94.4,89.4,551.1,1157.1,303.1,248.0,27.55,4.523,7.982,3.8,3.9
srv-0080,2026-08-12,27.9,39.6,35.5,78.0,87.9,84.5,661.7,1594.3,363.9,297.7,33.08,6.089,4.993,4.0,2.7
srv-0080,2026-08-13,37.8,60.2,52.4,80.4,85.5,83.8,701.9,1401.1,386.1,315.9,35.1,5.423,7.812,3.3,5.9
srv-0080,2026-08-14,36.4,46.0,42.6,79.0,83.4,81.8,596.0,1638.2,327.8,268.2,29.8,3.486,6.088,1.7,4.6
srv-0080,2026-08-15,24.9,31.7,29.3,74.8,89.6,84.4,340.3,770.5,187.2,153.1,17.01,3.246,3.796,1.2,3.5
srv-0080,2026-08-16,25.8,43.8,37.5,74.9,80.5,78.5,357.8,880.2,196.8,161.0,17.89,2.973,3.074,1.8,1.4
srv-0080,2026-08-17,35.9,52.4,46.6,79.6,90.6,86.7,588.4,1368.6,323.6,264.8,29.42,5.803,6.273,3.6,5.1
srv-0080,2026-08-18,35.9,47.0,43.1,78.8,89.6,85.8,662.3,1250.4,364.3,298.0,33.12,4.019,4.595,2.2,4.6
srv-0080,2026-08-19,34.4,99,76.4,79.5,88.5,85.4,529.4,2230.4,291.2,238.2,26.47,13.584,14.216,9.1,11.0
srv-0080,2026-08-20,28.7,36.8,33.9,77.9,88.2,84.6,509.5,960.1,280.2,229.3,25.47,5.466,6.549,4.7,3.3
srv-0080,2026-08-21,30.7,38.4,35.7,78.4,93.7,88.4,538.8,1367.6,296.4,242.5,26.94,4.082,5.468,3.0,3.2
srv-0080,2026-08-22,26.7,36.9,33.3,75.3,88.5,83.9,497.0,1342.3,273.4,223.7,24.85,4.801,4.012,3.2,2.0
srv-0080,2026-08-23,23.8,35.4,31.4,75.5,85.2,81.8,539.9,1360.8,296.9,242.9,26.99,3.77,3.831,3.2,2.9
srv-0080,2026-08-24,29.5,48.8,42.1,77.6,92.0,86.9,472.6,1049.0,259.9,212.7,23.63,3.575,4.508,1.6,1.7
srv-0080,2026-08-25,29.6,39.9,36.3,78.1,95.0,89.1,487.2,1259.3,267.9,219.2,24.36,4.9,4.429,2.3,2.5
srv-0080,2026-08-26,31.9,41.6,38.2,78.9,86.4,83.8,617.7,1222.9,339.7,278.0,30.89,4.873,6.755,4.1,4.2
srv-0080,2026-08-27,43.3,54.8,50.8,80.0,97.2,91.2,560.4,1262.0,308.2,252.2,28.02,4.452,6.742,2.7,3.0
srv-0080,2026-08-28,40.6,54.2,49.4,79.7,85.7,83.6,825.6,1819.1,454.1,371.5,41.28,5.051,6.767,3.7,3.1
srv-0080,2026-08-29,25.7,39.0,34.3,75.5,86.3,82.5,542.1,1474.1,298.1,243.9,27.1,4.657,5.561,3.1,3.3
srv-0080,2026-08-30,21.1,34.8,30.0,73.9,86.8,82.3,418.6,979.6,230.2,188.4,20.93,3.927,3.93,3.2,2.2
srv-0080,2026-08-31,38.6,58.2,51.3,79.5,94.8,89.5,685.4,1410.2,377.0,308.4,34.27,4.372,7.102,1.7,7.2
srv-0080,2026-09-01,37.3,51.7,46.7,78.2,90.4,86.1,678.3,1553.9,373.1,305.3,33.92,3.983,6.406,2.2,2.8
srv-0080,2026-09-02,31.8,99,75.5,78.3,88.6,85.0,689.4,3665.0,379.2,310.2,34.47,10.34,7.252,8.8,3.9
srv-0080,2026-09-03,37.4,60.1,52.2,78.3,87.2,84.1,503.7,1064.2,277.0,226.6,25.18,4.718,4.315,2.5,1.7
srv-0080,2026-09-04,29.6,45.6,40.0,78.3,87.5,84.3,598.8,1213.7,329.3,269.4,29.94,3.699,6.376,3.1,4.5
srv-0080,2026-09-05,25.9,37.4,33.3,75.5,83.1,80.4,374.5,809.2,206.0,168.5,18.72,3.101,2.976,1.3,2.9
srv-0080,2026-09-06,18.4,29.6,25.7,74.1,77.9,76.6,298.0,646.9,163.9,134.1,14.9,3.326,4.38,1.2,3.2
srv-0081,2026-08-08,18.9,24.0,22.2,31.2,34.2,33.1,239.1,459.5,131.5,107.6,11.95,4.121,4.591,2.8,4.0
srv-0081,2026-08-09,17.0,26.4,23.1,31.3,36.2,34.5,209.8,522.5,115.4,94.4,10.49,2.755,3.827,1.3,1.8
srv-0081,2026-08-10,25.0,35.0,31.5,32.6,38.8,36.6,453.2,906.4,249.3,204.0,22.66,7.018,4.887,6.3,3.5
srv-0081,2026-08-11,29.7,41.6,37.5,33.1,38.2,36.4,492.7,990.1,271.0,221.7,24.64,7.447,7.904,6.2,7.1
srv-0081,2026-08-12,20.7,30.9,27.3,32.3,34.1,33.5,290.9,623.1,160.0,130.9,14.55,5.164,4.015,3.5,2.6
srv-0081,2026-08-13,20.7,31.7,27.9,32.2,36.7,35.2,288.9,747.8,158.9,130.0,14.45,4.043,4.618,2.3,1.8
srv-0081,2026-08-14,30.7,51.6,44.3,33.0,38.5,36.6,343.3,743.6,188.8,154.5,17.16,5.656,6.765,2.4,2.9
srv-0081,2026-08-15,16.9,28.3,24.3,31.0,35.9,34.2,192.3,351.5,105.8,86.5,9.62,3.539,3.754,1.5,3.4
srv-0081,2026-08-16,19.1,29.8,26.0,31.0,36.5,34.6,235.5,442.0,129.5,106.0,11.78,2.261,2.738,1.6,2.4
srv-0081,2026-08-17,31.7,51.9,44.8,33.4,37.9,36.3,326.8,841.7,179.8,147.1,16.34,7.728,4.697,4.7,3.9
srv-0081,2026-08-18,19.9,28.8,25.7,32.1,35.4,34.3,382.2,762.4,210.2,172.0,19.11,6.069,4.593,4.0,2.5
srv-0081,2026-08-19,27.9,37.0,33.8,33.2,35.8,34.9,441.8,1175.7,243.0,198.8,22.09,8.201,3.946,6.4,2.2
srv-0081,2026-08-20,24.1,36.0,31.9,32.2,38.8,36.5,370.3,863.4,203.7,166.6,18.52,3.395,3.99,1.4,3.9
srv-0081,2026-08-21,28.8,86.3,66.2,32.7,39.6,37.2,434.9,2024.3,239.2,195.7,21.75,7.66,11.766,5.4,5.6
srv-0081,2026-08-22,15.3,23.6,20.7,30.9,36.9,34.8,221.2,404.8,121.7,99.6,11.06,4.159,2.997,2.4,1.6
srv-0081,2026-08-23,18.4,30.9,26.5,31.4,35.1,33.8,215.2,400.3,118.3,96.8,10.76,3.959,3.991,3.0,2.0
srv-0081,2026-08-24,20.4,32.9,28.5,32.2,37.3,35.5,382.2,824.9,210.2,172.0,19.11,3.644,6.205,1.6,4.9
srv-0081,2026-08-25,28.6,36.0,33.4,33.0,39.8,37.4,314.8,772.1,173.1,141.7,15.74,6.608,5.47,4.4,2.2
srv-0081,2026-08-26,29.9,46.5,40.7,32.9,35.4,34.5,461.1,980.1,253.6,207.5,23.06,3.815,5.876,2.8,5.0
srv-0081,2026-08-27,24.4,41.3,35.4,32.5,35.8,34.7,277.1,593.4,152.4,124.7,13.86,4.632,5.174,2.4,4.1
srv-0081,2026-08-28,25.2,39.3,34.4,32.1,37.2,35.4,291.9,611.6,160.5,131.3,14.59,6.13,4.812,3.4,4.2
srv-0081,2026-08-29,18.4,25.9,23.3,31.1,36.8,34.8,211.5,536.8,116.3,95.2,10.58,2.585,2.616,1.3,2.1
srv-0081,2026-08-30,17.5,25.2,22.5,31.0,37.8,35.4,201.2,416.0,110.7,90.5,10.06,3.644,4.747,2.4,3.7
srv-0081,2026-08-31,27.7,35.2,32.6,32.5,34.5,33.8,329.6,673.3,181.3,148.3,16.48,5.561,6.972,4.8,6.4
srv-0081,2026-09-01,29.5,41.2,37.1,33.2,36.3,35.2,431.9,1071.7,237.5,194.3,21.59,3.913,6.601,2.2,2.7
srv-0081,2026-09-02,23.1,33.5,29.9,32.5,34.8,34.0,348.7,729.1,191.8,156.9,17.43,6.745,6.326,6.0,6.1
srv-0081,2026-09-03,31.0,49.5,43.0,33.0,40.1,37.6,422.4,931.7,232.3,190.1,21.12,4.475,4.025,3.4,2.3
srv-0081,2026-09-04,27.9,46.6,40.1,32.9,37.7,36.0,296.1,700.1,162.8,133.2,14.8,5.757,7.682,2.2,4.7
srv-0081,2026-09-05,16.6,27.4,23.6,31.0,33.8,32.8,210.2,500.6,115.6,94.6,10.51,3.388,4.857,2.2,2.0
srv-0081,2026-09-06,18.7,27.9,24.6,31.5,38.1,35.8,348.9,970.9,191.9,157.0,17.45,3.874,3.357,3.3,2.1
srv-0084,2026-08-08,23.9,33.4,30.1,49.4,54.2,52.5,24.9,61.2,13.7,11.2,1.24,0.752,7.749,0.5,6.9
srv-0084,2026-08-09,20.0,33.4,28.7,48.3,56.2,53.5,17.8,34.4,9.8,8.0,0.89,0.579,3.802,0.5,1.6
srv-0084,2026-08-10,30.9,51.4,44.2,51.9,61.9,58.4,38.5,99.8,21.2,17.3,1.92,2.153,8.237,1.9,3.3
srv-0084,2026-08-11,30.8,99,75.1,51.1,55.7,54.1,35.0,148.9,19.3,15.8,1.75,4.464,16.949,4.0,15.8
srv-0084,2026-08-12,36.9,59.8,51.8,52.3,55.3,54.2,43.4,89.1,23.8,19.5,2.17,1.952,11.727,1.1,9.9
srv-0084,2026-08-13,37.1,58.6,51.1,51.6,60.0,57.1,27.0,53.2,14.8,12.1,1.35,2.114,7.505,1.4,3.9
srv-0084,2026-08-14,30.5,40.3,36.9,51.2,54.3,53.2,37.0,81.6,20.4,16.7,1.85,1.371,5.834,0.6,3.9
srv-0084,2026-08-15,22.4,69.3,52.9,49.3,56.4,53.9,21.7,103.7,11.9,9.8,1.09,2.433,18.833,1.8,17.6
srv-0084,2026-08-16,20.0,33.5,28.8,48.7,55.0,52.8,17.0,34.7,9.4,7.7,0.85,0.915,5.312,0.7,3.6
srv-0084,2026-08-17,33.7,54.7,47.4,52.6,58.1,56.2,30.2,57.7,16.6,13.6,1.51,1.787,7.536,0.7,3.7
srv-0084,2026-08-18,31.2,41.4,37.8,51.1,61.5,57.9,26.4,57.8,14.5,11.9,1.32,1.886,11.292,1.0,4.4
srv-0084,2026-08-19,38.2,48.4,44.8,51.7,62.2,58.5,39.8,107.9,21.9,17.9,1.99,1.172,8.047,0.8,3.4
srv-0084,2026-08-20,33.0,49.0,43.4,51.2,61.3,57.8,35.3,88.2,19.4,15.9,1.76,1.109,6.527,0.6,6.0
srv-0084,2026-08-21,37.8,58.8,51.5,51.9,62.7,58.9,36.1,65.6,19.8,16.2,1.8,1.609,10.775,1.2,4.8
srv-0084,2026-08-22,18.8,29.4,25.7,48.5,56.0,53.4,20.8,38.6,11.4,9.3,1.04,1.114,3.739,0.8,3.3
srv-0084,2026-08-23,27.2,42.2,37.0,49.8,55.1,53.2,29.6,69.7,16.3,13.3,1.48,1.075,4.851,0.7,1.9
srv-0084,2026-08-24,32.8,47.2,42.1,51.8,57.0,55.2,36.1,68.0,19.9,16.3,1.81,1.727,6.538,1.2,3.2
srv-0084,2026-08-25,29.2,48.2,41.6,51.3,60.6,57.3,35.5,91.0,19.5,16.0,1.78,1.521,8.661,1.2,6.8
srv-0084,2026-08-26,37.9,54.6,48.8,52.1,62.0,58.5,31.4,63.6,17.3,14.1,1.57,1.942,6.944,1.0,6.5
srv-0084,2026-08-27,35.4,44.9,41.6,51.7,59.2,56.6,32.9,89.6,18.1,14.8,1.65,1.217,5.842,0.8,4.2
srv-0084,2026-08-28,39.5,62.1,54.2,52.5,60.4,57.6,42.0,113.4,23.1,18.9,2.1,2.425,12.592,1.9,8.0
srv-0084,2026-08-29,16.8,21.9,20.2,48.4,57.0,54.0,19.5,41.6,10.7,8.8,0.97,0.952,6.505,0.9,3.8
srv-0084,2026-08-30,19.2,24.8,22.8,48.5,54.0,52.1,15.8,39.7,8.7,7.1,0.79,0.788,5.016,0.3,2.2
srv-0084,2026-08-31,39.0,50.1,46.2,51.8,61.0,57.8,43.4,103.5,23.9,19.5,2.17,2.114,10.004,1.6,5.0
srv-0084,2026-09-01,28.5,45.0,39.2,50.8,59.8,56.7,28.6,77.4,15.7,12.9,1.43,1.115,6.233,1.0,3.1
srv-0084,2026-09-02,36.8,57.4,50.2,52.5,63.2,59.5,41.3,89.4,22.7,18.6,2.06,1.734,11.535,1.1,8.1
srv-0084,2026-09-03,35.5,47.2,43.1,51.5,56.8,54.9,41.2,79.2,22.7,18.5,2.06,1.297,7.633,0.9,7.7
srv-0084,2026-09-04,33.0,46.7,41.9,52.0,57.7,55.7,44.2,107.1,24.3,19.9,2.21,1.324,8.934,0.7,5.8
srv-0084,2026-09-05,26.1,33.4,30.9,49.4,55.5,53.4,26.7,53.5,14.7,12.0,1.33,0.845,8.926,0.6,5.4
srv-0084,2026-09-06,21.3,31.6,28.0,49.5,60.2,56.4,27.9,68.3,15.3,12.5,1.39,1.08,4.646,0.6,2.5
srv-0085,2026-08-08,21.3,30.5,27.3,54.4,61.9,59.3,90.9,215.2,50.0,40.9,4.54,1.308,4.873,0.9,4.6
srv-0085,2026-08-09,15.4,21.3,19.2,53.4,60.0,57.7,81.0,208.6,44.6,36.5,4.05,1.899,7.186,1.2,6.8
srv-0085,2026-08-10,27.1,36.1,33.0,57.0,64.8,62.1,137.0,251.2,75.3,61.6,6.85,1.852,11.824,1.3,8.0
srv-0085,2026-08-11,31.5,42.4,38.6,57.6,67.7,64.2,122.1,222.8,67.2,55.0,6.11,3.326,15.934,2.8,9.4
srv-0085,2026-08-12,29.6,40.9,37.0,56.6,65.7,62.5,93.5,217.6,51.5,42.1,4.68,1.723,14.682,1.2,5.8
srv-0085,2026-08-13,25.2,41.5,35.8,56.1,59.3,58.2,110.7,223.3,60.9,49.8,5.54,2.811,8.166,2.2,5.9
srv-0085,2026-08-14,30.5,49.2,42.7,57.1,63.7,61.4,116.0,317.3,63.8,52.2,5.8,2.415,12.787,1.6,12.0
srv-0085,2026-08-15,19.3,32.2,27.7,53.7,61.4,58.7,82.6,165.7,45.4,37.2,4.13,1.454,7.741,0.6,6.5
srv-0085,2026-08-16,19.0,26.2,23.7,53.7,58.8,57.0,65.7,125.4,36.1,29.6,3.28,1.698,5.298,1.5,2.4
srv-0085,2026-08-17,32.1,53.3,45.9,58.4,61.6,60.4,115.3,321.3,63.4,51.9,5.77,3.642,11.685,1.4,4.9
srv-0085,2026-08-18,31.4,41.0,37.7,57.0,68.9,64.7,124.4,299.8,68.4,56.0,6.22,1.997,8.314,1.7,5.0
srv-0085,2026-08-19,32.6,54.0,46.5,57.8,65.6,62.9,159.0,409.2,87.4,71.5,7.95,2.276,14.919,1.5,7.2
srv-0085,2026-08-20,33.6,50.2,44.4,57.2,66.0,62.9,136.6,336.5,75.2,61.5,6.83,2.085,12.359,1.3,4.6
srv-0085,2026-08-21,29.1,48.4,41.7,58.0,65.9,63.2,172.9,410.0,95.1,77.8,8.64,3.021,8.018,2.6,8.1
srv-0085,2026-08-22,15.9,20.3,18.8,53.6,64.6,60.8,67.4,150.6,37.1,30.3,3.37,1.775,7.203,0.9,4.0
srv-0085,2026-08-23,21.2,34.5,29.8,54.2,62.6,59.6,63.4,144.5,34.9,28.5,3.17,1.469,6.767,0.8,3.5
srv-0085,2026-08-24,31.0,47.5,41.7,56.8,61.9,60.1,97.1,241.5,53.4,43.7,4.85,2.45,7.141,1.8,4.9
srv-0085,2026-08-25,30.2,40.3,36.8,57.5,69.9,65.6,121.6,278.0,66.9,54.7,6.08,1.894,15.938,1.4,13.2
srv-0085,2026-08-26,24.7,37.3,32.9,56.4,62.6,60.4,121.1,316.9,66.6,54.5,6.05,2.996,11.225,2.2,6.2
srv-0085,2026-08-27,28.2,40.0,35.9,57.5,62.0,60.4,130.4,347.9,71.7,58.7,6.52,3.569,11.546,2.4,9.5
srv-0085,2026-08-28,29.4,45.8,40.0,56.8,64.8,62.0,134.0,260.5,73.7,60.3,6.7,2.999,13.556,1.7,13.1
srv-0085,2026-08-29,22.8,36.3,31.6,54.8,66.1,62.1,81.9,206.4,45.0,36.9,4.1,2.221,11.069,1.8,8.0
srv-0085,2026-08-30,17.3,28.4,24.5,53.6,57.4,56.0,66.1,144.5,36.4,29.8,3.31,1.689,8.752,1.1,6.9
srv-0085,2026-08-31,28.9,47.3,40.8,56.4,61.4,59.6,122.8,248.6,67.5,55.2,6.14,1.847,14.26,1.7,12.5
srv-0085,2026-09-01,32.4,48.9,43.1,58.3,65.6,63.1,110.5,208.5,60.8,49.7,5.53,2.745,14.952,1.3,6.6
srv-0085,2026-09-02,25.6,38.5,34.0,56.9,68.6,64.5,139.1,383.8,76.5,62.6,6.95,3.179,9.551,1.2,7.9
srv-0085,2026-09-03,23.4,36.8,32.1,56.0,59.3,58.2,89.4,164.8,49.2,40.2,4.47,2.292,9.756,1.6,5.4
srv-0085,2026-09-04,29.4,40.3,36.5,57.1,60.9,59.6,126.0,282.9,69.3,56.7,6.3,1.779,9.712,1.1,8.1
srv-0085,2026-09-05,17.5,24.8,22.2,53.8,61.6,58.9,79.2,186.1,43.6,35.6,3.96,1.0,7.652,0.8,5.1
srv-0085,2026-09-06,21.3,29.8,26.8,54.4,59.2,57.5,67.6,170.9,37.2,30.4,3.38,1.661,9.866,1.3,9.2
srv-0087,2026-08-08,21.5,33.9,29.6,82.4,93.1,89.4,90.7,247.2,49.9,40.8,4.53,2.297,1.966,2.0,0.9
srv-0087,2026-08-09,21.8,28.5,26.2,83.3,93.7,90.1,92.5,196.9,50.9,41.6,4.63,1.417,1.944,0.8,0.9
srv-0087,2026-08-10,37.9,58.0,50.9,88.8,99,95.4,135.2,363.0,74.4,60.8,6.76,2.798,2.708,1.2,2.7
srv-0087,2026-08-11,33.2,46.6,41.9,86.7,99,94.7,109.4,215.5,60.2,49.2,5.47,2.08,2.577,0.8,1.8
srv-0087,2026-08-12,39.3,60.0,52.8,89.6,99,95.7,144.5,277.7,79.5,65.0,7.23,4.021,2.907,2.0,2.1
srv-0087,2026-08-13,34.3,44.8,41.1,87.0,99,94.8,152.9,313.9,84.1,68.8,7.65,2.967,3.06,1.2,2.8
srv-0087,2026-08-14,39.3,60.7,53.2,88.5,97.9,94.6,116.0,312.9,63.8,52.2,5.8,4.274,3.992,3.6,3.0
srv-0087,2026-08-15,28.8,36.6,33.9,83.7,88.4,86.7,107.4,267.2,59.1,48.3,5.37,1.651,1.51,0.9,1.3
srv-0087,2026-08-16,21.9,28.3,26.1,82.5,88.1,86.1,89.6,216.9,49.3,40.3,4.48,1.441,2.13,0.7,0.8
srv-0087,2026-08-17,39.1,51.0,46.8,89.6,99,95.7,114.3,281.8,62.9,51.4,5.72,3.779,3.803,1.8,3.3
srv-0087,2026-08-18,34.5,50.4,44.8,87.5,94.2,91.9,116.5,303.2,64.1,52.4,5.83,3.69,1.796,2.4,1.0
srv-0087,2026-08-19,40.4,62.4,54.7,89.1,99,95.5,149.0,416.0,81.9,67.0,7.45,2.407,4.019,1.0,2.9
srv-0087,2026-08-20,41.7,66.3,57.7,88.2,99,95.2,107.3,228.3,59.0,48.3,5.36,3.214,3.248,2.9,1.9
srv-0087,2026-08-21,46.5,60.3,55.5,89.1,99,95.5,128.2,247.1,70.5,57.7,6.41,4.366,2.59,3.1,1.3
srv-0087,2026-08-22,21.6,32.7,28.8,83.0,92.9,89.4,63.0,120.2,34.6,28.3,3.15,2.066,1.159,1.1,0.7
srv-0087,2026-08-23,22.4,32.5,28.9,82.1,90.3,87.4,69.2,153.6,38.1,31.2,3.46,1.946,1.542,1.2,1.0
srv-0087,2026-08-24,45.5,57.0,53.0,89.6,96.9,94.4,154.0,286.8,84.7,69.3,7.7,4.638,3.903,3.4,2.9
srv-0087,2026-08-25,34.9,53.7,47.1,86.6,99,94.7,107.0,281.5,58.8,48.1,5.35,2.055,2.571,1.1,1.8
srv-0087,2026-08-26,38.5,64.7,55.6,88.4,99,95.3,136.6,345.7,75.1,61.5,6.83,3.302,1.827,2.6,1.5
srv-0087,2026-08-27,33.1,51.5,45.0,86.4,97.2,93.4,123.0,293.3,67.7,55.4,6.15,2.506,3.239,2.0,2.3
srv-0087,2026-08-28,42.1,56.7,51.6,88.5,99,95.3,118.7,275.5,65.3,53.4,5.93,3.482,3.202,1.9,2.1
srv-0087,2026-08-29,22.4,33.9,29.9,82.9,98.5,93.0,80.3,160.7,44.2,36.1,4.01,1.878,1.232,0.9,0.5
srv-0087,2026-08-30,21.4,32.3,28.5,82.6,99,93.3,73.6,158.3,40.5,33.1,3.68,1.758,1.654,1.1,1.1
srv-0087,2026-08-31,41.8,59.9,53.6,89.4,99,95.6,151.8,386.6,83.5,68.3,7.59,3.187,3.714,2.1,1.7
srv-0087,2026-09-01,36.6,54.6,48.3,88.7,97.8,94.6,129.9,287.5,71.4,58.4,6.49,4.702,2.396,4.2,2.3
srv-0087,2026-09-02,42.8,71.5,61.5,88.5,99,95.3,142.7,344.2,78.5,64.2,7.14,3.284,2.929,1.7,2.5
srv-0087,2026-09-03,35.7,59.9,51.5,89.1,99,95.5,143.6,262.5,79.0,64.6,7.18,4.756,2.022,3.1,2.1
srv-0087,2026-09-04,40.4,51.4,47.6,87.2,95.8,92.8,116.7,231.3,64.2,52.5,5.84,2.764,3.382,2.1,1.4
srv-0087,2026-09-05,20.1,26.6,24.3,82.3,90.2,87.4,67.5,164.4,37.1,30.4,3.37,1.736,1.752,1.5,1.2
srv-0087,2026-09-06,25.6,37.4,33.3,83.5,88.1,86.5,93.0,248.9,51.1,41.8,4.65,2.115,2.126,1.8,2.0
srv-0088,2026-08-08,10.7,15.7,13.9,37.4,44.1,41.8,3916.9,7183.6,2741.9,1175.1,117.51,2.395,1.439,1.2,0.7
srv-0088,2026-08-09,11.9,18.9,16.5,37.3,40.2,39.2,3885.4,8887.3,2719.7,1165.6,116.56,1.741,2.0,0.7,1.3
srv-0088,2026-08-10,21.8,29.7,27.0,40.1,48.8,45.8,9123.9,22040.9,6386.7,2737.2,273.72,3.548,2.743,2.3,2.4
srv-0088,2026-08-11,19.1,26.3,23.8,40.0,48.6,45.6,7636.8,14376.3,5345.7,2291.0,229.1,2.856,1.847,2.5,1.3
srv-0088,2026-08-12,17.1,25.8,22.8,39.4,43.6,42.1,6763.1,16758.2,4734.2,2028.9,202.89,2.358,2.818,2.1,2.4
srv-0088,2026-08-13,19.9,28.3,25.4,39.2,45.3,43.2,6171.3,11657.3,4319.9,1851.4,185.14,2.783,3.074,1.6,2.9
srv-0088,2026-08-14,17.7,27.3,23.9,40.0,45.8,43.8,7048.6,12896.9,4934.0,2114.6,211.46,4.043,3.119,1.9,2.1
srv-0088,2026-08-15,13.1,19.9,17.5,37.5,42.4,40.7,4820.7,8886.1,3374.5,1446.2,144.62,1.884,2.033,1.0,1.6
srv-0088,2026-08-16,12.3,20.1,17.4,37.5,45.7,42.8,4493.0,12091.2,3145.1,1347.9,134.79,2.422,1.293,1.4,1.2
srv-0088,2026-08-17,17.6,27.1,23.8,40.1,45.1,43.3,6766.8,13743.6,4736.8,2030.0,203.0,3.119,2.632,2.2,1.4
srv-0088,2026-08-18,16.3,23.5,21.0,38.8,46.4,43.7,6089.7,11619.7,4262.8,1826.9,182.69,1.975,2.098,1.5,1.7
srv-0088,2026-08-19,17.5,24.2,21.9,39.5,45.6,43.4,6993.7,14508.4,4895.6,2098.1,209.81,2.361,3.164,1.5,3.2
srv-0088,2026-08-20,15.8,23.7,20.9,39.4,47.1,44.4,8072.5,20808.9,5650.7,2421.7,242.17,3.395,2.863,1.7,1.5
srv-0088,2026-08-21,16.0,25.1,21.9,39.2,44.3,42.5,6828.2,12743.2,4779.8,2048.5,204.85,1.884,1.711,1.3,1.5
srv-0088,2026-08-22,12.0,16.4,14.9,37.6,45.7,42.9,5203.9,12434.7,3642.7,1561.2,156.12,1.964,1.891,1.5,0.7
srv-0088,2026-08-23,12.2,18.4,16.2,37.3,39.6,38.8,4643.3,12758.9,3250.3,1393.0,139.3,1.206,1.617,1.1,0.6
srv-0088,2026-08-24,21.7,29.9,27.0,40.0,44.9,43.2,6980.0,14782.3,4886.0,2094.0,209.4,3.741,2.389,3.0,2.3
srv-0088,2026-08-25,16.7,26.8,23.3,38.8,46.6,43.8,5086.4,11042.1,3560.5,1525.9,152.59,2.854,2.884,2.5,1.5
srv-0088,2026-08-26,16.2,20.9,19.3,39.3,44.8,42.9,5403.9,11068.0,3782.7,1621.2,162.12,2.916,2.523,1.7,1.1
srv-0088,2026-08-27,14.4,20.7,18.5,38.8,45.5,43.2,5653.1,13068.5,3957.2,1695.9,169.59,1.739,2.919,1.3,2.7
srv-0088,2026-08-28,15.9,24.9,21.7,39.2,46.7,44.1,6307.3,11361.9,4415.1,1892.2,189.22,2.039,1.813,1.9,1.3
srv-0088,2026-08-29,9.4,15.0,13.0,36.9,42.3,40.4,4254.7,10779.5,2978.3,1276.4,127.64,1.277,1.808,1.0,1.5
srv-0088,2026-08-30,11.4,15.1,13.8,37.0,41.2,39.7,4545.4,9272.3,3181.8,1363.6,136.36,1.091,1.305,0.9,1.1
srv-0088,2026-08-31,19.2,49.3,38.8,39.7,41.9,41.1,7905.4,30452.1,5533.8,2371.6,237.16,6.341,5.747,5.2,4.2
srv-0088,2026-09-01,18.5,44.5,35.4,40.1,46.5,44.3,5890.8,19052.2,4123.6,1767.3,176.73,5.583,5.02,4.9,4.4
srv-0088,2026-09-02,19.1,28.8,25.4,39.2,46.8,44.1,6436.6,17289.1,4505.6,1931.0,193.1,2.297,2.718,1.3,2.0
srv-0088,2026-09-03,18.8,26.7,24.0,39.6,42.7,41.6,5742.9,12727.8,4020.0,1722.9,172.29,2.85,2.0,1.8,1.4
srv-0088,2026-09-04,18.4,52.1,40.3,39.5,43.4,42.0,8204.0,34834.7,5742.8,2461.2,246.12,3.408,3.256,2.2,1.3
srv-0088,2026-09-05,12.7,19.8,17.3,37.7,45.7,42.9,5058.4,11807.6,3540.9,1517.5,151.75,1.964,2.267,1.2,1.2
srv-0088,2026-09-06,11.7,17.5,15.5,37.6,44.3,42.0,3603.6,9707.0,2522.5,1081.1,108.11,2.049,1.257,1.7,0.8
srv-0089,2026-08-08,8.2,11.2,10.2,59.8,72.6,68.1,359.6,721.0,251.7,107.9,10.79,1.464,1.37,0.8,0.5
srv-0089,2026-08-09,8.4,13.7,11.8,59.8,67.6,64.8,361.5,950.6,253.0,108.4,10.84,1.743,1.804,1.1,1.4
srv-0089,2026-08-10,10.8,16.0,14.2,62.3,73.9,69.9,476.5,1057.2,333.6,143.0,14.3,2.582,2.417,2.0,2.3
srv-0089,2026-08-11,9.2,13.4,11.9,62.2,74.8,70.4,515.9,1276.7,361.1,154.8,15.48,2.322,2.52,1.0,1.7
srv-0089,2026-08-12,9.4,12.0,11.1,61.9,74.2,69.9,517.1,1266.6,361.9,155.1,15.51,1.784,2.631,1.6,2.2
srv-0089,2026-08-13,10.8,14.2,13.0,61.7,68.6,66.2,529.7,1363.6,370.8,158.9,15.89,2.552,1.582,2.2,1.2
srv-0089,2026-08-14,12.4,18.6,16.4,63.5,74.4,70.6,724.2,1921.3,507.0,217.3,21.73,1.838,2.346,1.2,1.0
srv-0089,2026-08-15,8.8,12.8,11.4,60.2,67.6,65.0,492.0,905.7,344.4,147.6,14.76,1.335,1.846,0.7,1.8
srv-0089,2026-08-16,7.1,9.6,8.8,59.4,62.5,61.4,293.2,819.2,205.2,87.9,8.79,1.518,1.978,0.9,1.8
srv-0089,2026-08-17,11.7,19.2,16.6,62.3,69.5,67.0,582.2,1595.9,407.6,174.7,17.47,2.066,2.908,1.5,1.6
srv-0089,2026-08-18,10.4,17.3,14.9,62.8,68.7,66.7,642.8,1603.4,449.9,192.8,19.28,1.594,2.291,0.6,1.9
srv-0089,2026-08-19,11.4,15.6,14.1,62.0,75.5,70.8,527.3,1284.5,369.1,158.2,15.82,2.88,1.971,2.3,0.7
srv-0089,2026-08-20,13.5,18.6,16.8,64.2,71.0,68.6,665.2,1601.8,465.6,199.6,19.96,3.704,2.201,2.4,1.4
srv-0089,2026-08-21,12.3,18.3,16.2,63.1,69.6,67.3,659.3,1603.4,461.5,197.8,19.78,2.439,3.374,1.7,2.9
srv-0089,2026-08-22,6.6,16.2,12.8,59.7,66.3,64.0,340.0,1358.2,238.0,102.0,10.2,2.694,2.41,2.3,1.8
srv-0089,2026-08-23,6.4,9.3,8.3,59.3,69.2,65.8,461.6,933.8,323.1,138.5,13.85,1.604,1.954,1.2,1.1
srv-0089,2026-08-24,11.1,15.4,13.9,63.7,70.8,68.3,529.3,1074.1,370.5,158.8,15.88,3.166,2.005,1.7,1.9
srv-0089,2026-08-25,10.7,15.1,13.6,63.1,66.5,65.3,567.0,1369.4,396.9,170.1,17.01,3.222,2.506,2.6,2.3
srv-0089,2026-08-26,10.2,26.7,21.0,62.5,75.4,70.9,715.2,2558.2,500.7,214.6,21.46,4.62,2.777,2.6,2.3
srv-0089,2026-08-27,9.1,13.7,12.1,61.6,74.2,69.8,636.9,1443.4,445.9,191.1,19.11,2.753,2.819,2.1,2.8
srv-0089,2026-08-28,11.9,18.2,16.0,63.6,70.0,67.8,720.0,1419.6,504.0,216.0,21.6,2.292,3.506,1.1,2.4
srv-0089,2026-08-29,6.2,9.2,8.1,59.1,69.7,66.0,319.1,609.6,223.4,95.7,9.57,1.578,1.648,0.7,1.1
srv-0089,2026-08-30,7.9,12.6,11.0,60.2,63.8,62.5,471.4,936.4,330.0,141.4,14.14,2.022,1.774,1.3,1.0
srv-0089,2026-08-31,11.3,14.1,13.1,63.5,70.6,68.1,576.2,1082.4,403.4,172.9,17.29,2.108,2.986,1.9,1.8
srv-0089,2026-09-01,10.1,13.5,12.3,62.5,75.0,70.6,526.8,1216.8,368.7,158.0,15.8,2.787,2.196,2.0,1.9
srv-0089,2026-09-02,9.7,12.2,11.3,62.7,68.1,66.2,649.8,1247.9,454.9,194.9,19.49,2.257,2.526,2.0,2.1
srv-0089,2026-09-03,10.1,13.6,12.4,61.7,71.6,68.1,560.7,1436.0,392.5,168.2,16.82,2.036,1.738,0.9,1.7
srv-0089,2026-09-04,12.6,19.6,17.2,63.6,77.1,72.4,830.9,1937.4,581.6,249.3,24.93,2.891,2.853,2.5,1.8
srv-0089,2026-09-05,8.0,12.6,11.0,60.6,65.9,64.0,477.1,1253.5,334.0,143.1,14.31,1.675,1.626,1.0,0.8
srv-0089,2026-09-06,6.3,16.5,12.9,59.2,64.4,62.6,457.6,1869.0,320.3,137.3,13.73,2.248,3.366,2.0,1.5
srv-0090,2026-08-08,26.3,40.4,35.5,79.9,96.8,90.9,57.4,147.5,31.6,25.8,2.87,1.667,4.894,0.6,3.6
srv-0090,2026-08-09,22.1,30.7,27.7,79.5,84.2,82.6,51.2,124.7,28.2,23.0,2.56,1.229,4.641,0.5,4.6
srv-0090,2026-08-10,33.9,49.0,43.7,81.5,86.9,85.0,51.9,130.3,28.6,23.4,2.6,2.462,5.927,1.9,2.7
srv-0090,2026-08-11,34.4,50.1,44.6,82.4,90.1,87.4,54.6,151.9,30.0,24.6,2.73,2.861,5.205,2.4,3.1
srv-0090,2026-08-12,41.8,68.4,59.1,83.8,98.6,93.4,70.1,163.9,38.6,31.6,3.51,2.147,11.486,1.0,6.2
srv-0090,2026-08-13,36.7,54.3,48.1,83.0,99,93.4,56.3,108.0,30.9,25.3,2.81,1.739,6.092,1.4,2.9
srv-0090,2026-08-14,27.4,36.6,33.4,81.4,89.0,86.4,65.9,159.2,36.2,29.6,3.29,1.762,6.906,0.9,4.7
srv-0090,2026-08-15,24.0,33.7,30.3,79.5,85.2,83.2,51.2,111.3,28.2,23.1,2.56,1.397,7.736,0.7,6.6
srv-0090,2026-08-16,23.4,33.4,29.9,78.3,85.7,83.1,39.3,84.4,21.6,17.7,1.96,1.729,5.576,1.2,4.7
srv-0090,2026-08-17,31.0,50.2,43.4,81.3,99,92.8,77.1,171.4,42.4,34.7,3.85,1.466,9.289,0.6,4.2
srv-0090,2026-08-18,29.6,42.9,38.3,81.5,92.9,88.9,51.3,92.5,28.2,23.1,2.56,2.472,5.465,2.2,2.3
srv-0090,2026-08-19,31.7,48.5,42.6,83.0,98.6,93.1,55.1,128.3,30.3,24.8,2.76,1.634,5.997,0.7,3.1
srv-0090,2026-08-20,41.6,65.7,57.2,83.7,99,93.6,88.3,204.5,48.6,39.7,4.41,2.689,8.433,1.1,7.0
srv-0090,2026-08-21,37.7,52.2,47.2,84.2,96.6,92.3,75.8,195.0,41.7,34.1,3.79,1.824,9.944,0.8,9.5
srv-0090,2026-08-22,18.3,27.1,24.0,78.0,87.7,84.3,44.9,107.8,24.7,20.2,2.25,1.475,6.841,1.0,4.7
srv-0090,2026-08-23,21.6,29.9,27.0,78.0,86.8,83.8,40.2,91.1,22.1,18.1,2.01,0.898,4.307,0.5,4.1
srv-0090,2026-08-24,36.2,99,77.0,83.3,98.4,93.1,71.8,389.2,39.5,32.3,3.59,4.545,19.501,3.7,9.1
srv-0090,2026-08-25,42.0,57.3,51.9,84.3,90.2,88.1,68.3,133.3,37.6,30.7,3.42,2.467,6.431,0.9,2.9
srv-0090,2026-08-26,30.0,45.6,40.1,82.6,90.6,87.8,85.9,225.0,47.3,38.7,4.3,2.463,9.268,2.2,7.5
srv-0090,2026-08-27,39.6,63.8,55.3,84.6,92.4,89.7,98.2,224.9,54.0,44.2,4.91,1.654,10.724,1.3,10.4
srv-0090,2026-08-28,37.0,47.3,43.7,82.6,94.0,90.0,58.4,139.5,32.1,26.3,2.92,1.532,8.703,1.0,7.2
srv-0090,2026-08-29,20.6,34.6,29.7,77.7,94.0,88.3,43.6,86.9,24.0,19.6,2.18,0.888,5.582,0.3,3.7
srv-0090,2026-08-30,21.1,28.2,25.7,78.8,95.2,89.4,49.6,126.6,27.3,22.3,2.48,1.114,4.969,0.5,4.7
srv-0090,2026-08-31,37.4,52.3,47.1,83.7,92.7,89.5,70.6,156.8,38.9,31.8,3.53,2.891,11.095,1.4,4.6
srv-0090,2026-09-01,37.1,48.2,44.3,84.0,97.8,93.0,73.9,167.0,40.7,33.3,3.7,1.687,7.602,0.8,3.4
srv-0090,2026-09-02,35.3,55.9,48.7,81.6,86.1,84.5,49.9,102.7,27.4,22.4,2.49,2.065,9.937,1.6,5.3
srv-0090,2026-09-03,37.0,59.2,51.4,82.6,87.4,85.8,76.1,209.0,41.8,34.2,3.8,2.935,10.686,1.9,10.0
srv-0090,2026-09-04,34.4,54.5,47.5,82.2,89.7,87.0,78.1,150.3,43.0,35.1,3.91,2.112,10.557,1.9,9.9
srv-0090,2026-09-05,22.9,30.3,27.7,78.9,91.4,87.0,54.8,114.7,30.1,24.7,2.74,1.848,5.12,0.8,4.5
srv-0090,2026-09-06,25.1,39.5,34.5,78.7,90.4,86.3,39.0,104.9,21.5,17.6,1.95,1.823,6.487,0.9,5.7
srv-0091,2026-08-08,16.9,21.9,20.1,55.0,61.0,58.9,21.2,49.5,11.7,9.6,1.06,1.765,7.875,1.5,6.2
srv-0091,2026-08-09,16.8,27.9,24.0,55.5,66.8,62.8,29.1,52.7,16.0,13.1,1.46,1.522,10.479,1.3,7.2
srv-0091,2026-08-10,21.6,28.6,26.1,57.7,61.1,59.9,38.6,76.3,21.2,17.4,1.93,1.731,9.598,1.0,5.1
srv-0091,2026-08-11,23.9,37.4,32.6,57.8,65.4,62.7,29.5,79.7,16.2,13.3,1.47,2.822,12.035,1.4,5.1
srv-0091,2026-08-12,25.4,40.9,35.5,59.1,69.9,66.1,32.3,69.2,17.8,14.5,1.62,2.775,12.599,1.1,6.3
srv-0091,2026-08-13,30.0,43.0,38.5,59.1,64.1,62.3,29.8,61.9,16.4,13.4,1.49,2.912,16.06,1.3,10.2
srv-0091,2026-08-14,28.9,99,74.5,58.4,71.0,66.6,32.5,137.6,17.9,14.6,1.62,4.052,28.097,1.9,24.0
srv-0091,2026-08-15,19.6,33.3,28.5,55.5,64.1,61.1,28.8,72.7,15.9,13.0,1.44,1.272,10.022,0.6,9.0
srv-0091,2026-08-16,15.9,26.7,22.9,54.6,62.2,59.5,23.1,56.8,12.7,10.4,1.15,1.957,7.578,0.8,4.7
srv-0091,2026-08-17,21.9,30.2,27.3,57.3,60.7,59.5,23.2,64.7,12.8,10.4,1.16,2.862,8.228,2.4,7.2
srv-0091,2026-08-18,25.3,33.7,30.8,57.2,62.6,60.8,36.9,93.7,20.3,16.6,1.85,1.547,8.866,1.1,6.5
srv-0091,2026-08-19,20.5,27.9,25.3,57.3,67.1,63.7,33.9,83.0,18.6,15.3,1.69,1.726,7.495,0.7,3.0
srv-0091,2026-08-20,25.0,91.9,68.5,58.9,70.7,66.6,44.5,267.3,24.5,20.0,2.22,7.866,22.023,4.8,15.3
srv-0091,2026-08-21,22.5,29.0,26.7,57.6,67.4,64.0,29.2,59.7,16.1,13.1,1.46,3.025,7.073,2.5,2.8
srv-0091,2026-08-22,15.1,22.6,20.0,54.8,65.9,62.0,23.3,47.7,12.8,10.5,1.16,1.838,7.892,1.0,7.9
srv-0091,2026-08-23,13.3,18.7,16.8,54.1,64.7,61.0,19.7,45.6,10.8,8.9,0.99,1.489,7.977,1.3,5.4
srv-0091,2026-08-24,24.4,35.7,31.7,58.9,68.9,65.4,39.2,79.1,21.6,17.7,1.96,3.235,9.738,2.0,9.0
srv-0091,2026-08-25,20.8,27.3,25.0,57.4,66.5,63.3,24.0,65.2,13.2,10.8,1.2,1.499,8.068,0.7,7.4
srv-0091,2026-08-26,26.0,37.5,33.5,57.3,63.8,61.5,28.8,62.1,15.8,13.0,1.44,1.869,9.101,1.5,4.2
srv-0091,2026-08-27,26.1,35.8,32.4,59.0,69.1,65.6,33.7,63.6,18.5,15.2,1.69,3.67,8.491,2.2,6.5
srv-0091,2026-08-28,20.7,30.5,27.1,56.8,67.9,64.0,35.0,78.6,19.3,15.8,1.75,1.39,10.441,0.5,5.8
srv-0091,2026-08-29,16.1,25.2,22.0,55.7,63.5,60.8,20.0,42.5,11.0,9.0,1.0,1.558,5.357,0.7,3.7
srv-0091,2026-08-30,16.0,22.6,20.3,55.4,61.7,59.5,24.5,50.1,13.5,11.0,1.23,1.541,9.192,0.6,5.9
srv-0091,2026-08-31,23.1,33.4,29.8,56.7,62.3,60.3,26.1,47.3,14.3,11.7,1.3,1.632,8.86,0.9,7.6
srv-0091,2026-09-01,21.3,29.7,26.8,57.7,65.1,62.5,35.2,88.8,19.4,15.8,1.76,1.939,8.79,1.6,4.0
srv-0091,2026-09-02,23.5,33.0,29.7,56.8,65.2,62.2,29.4,57.0,16.2,13.3,1.47,2.471,12.12,1.2,11.0
srv-0091,2026-09-03,23.3,34.6,30.6,57.0,68.7,64.6,27.0,60.0,14.9,12.2,1.35,2.788,7.081,2.4,6.7
srv-0091,2026-09-04,27.2,44.4,38.3,57.8,69.3,65.3,27.8,69.2,15.3,12.5,1.39,2.715,13.512,1.2,11.9
srv-0091,2026-09-05,12.8,21.5,18.4,54.3,64.8,61.2,20.4,56.7,11.2,9.2,1.02,1.316,7.518,1.1,6.3
srv-0091,2026-09-06,14.1,21.7,19.0,54.8,61.7,59.3,22.3,43.2,12.2,10.0,1.11,1.21,9.502,0.4,6.2
srv-0092,2026-08-08,20.2,32.4,28.1,65.3,75.8,72.1,477.2,1278.5,262.5,214.7,23.86,1.854,1.66,1.7,0.6
srv-0092,2026-08-09,18.0,25.1,22.6,64.4,70.4,68.3,376.5,879.6,207.1,169.4,18.82,1.511,1.18,1.2,0.9
srv-0092,2026-08-10,28.5,39.8,35.8,69.3,72.9,71.7,722.6,1630.8,397.4,325.2,36.13,3.44,3.446,1.6,2.5
srv-0092,2026-08-11,27.9,70.4,55.5,67.5,76.7,73.5,732.7,3067.2,403.0,329.7,36.64,7.981,6.433,3.6,2.7
srv-0092,2026-08-12,33.8,55.5,47.9,69.1,81.2,77.0,778.9,1974.6,428.4,350.5,38.95,4.234,3.659,3.1,1.6
srv-0092,2026-08-13,29.8,50.1,43.0,69.9,75.8,73.8,996.6,1939.8,548.1,448.5,49.83,3.206,2.888,2.4,1.6
srv-0092,2026-08-14,27.9,35.0,32.5,69.2,76.6,74.0,901.4,2510.0,495.8,405.6,45.07,4.031,2.944,2.7,1.7
srv-0092,2026-08-15,17.7,28.4,24.6,65.0,74.2,70.9,497.1,1268.1,273.4,223.7,24.85,2.465,2.305,1.7,1.4
srv-0092,2026-08-16,22.6,35.7,31.1,65.5,77.3,73.2,435.5,881.7,239.5,196.0,21.77,1.951,2.27,1.5,1.4
srv-0092,2026-08-17,25.2,42.0,36.1,67.2,71.5,70.0,740.4,1597.5,407.2,333.2,37.02,2.447,1.837,2.2,1.2
srv-0092,2026-08-18,26.9,39.0,34.7,67.7,80.6,76.1,677.8,1396.0,372.8,305.0,33.89,3.06,2.774,2.6,2.0
srv-0092,2026-08-19,33.6,51.1,45.0,68.6,80.4,76.3,875.2,1760.0,481.4,393.8,43.76,4.609,3.352,2.2,2.8
srv-0092,2026-08-20,31.7,41.2,37.8,69.6,78.5,75.4,1058.4,2751.3,582.1,476.3,52.92,3.252,3.193,2.0,2.8
srv-0092,2026-08-21,30.1,93.6,71.4,67.9,73.9,71.8,851.7,4267.7,468.4,383.3,42.59,4.917,5.136,2.7,2.0
srv-0092,2026-08-22,20.8,29.1,26.2,64.7,69.7,67.9,483.9,1312.7,266.2,217.8,24.2,2.8,2.208,2.1,1.2
srv-0092,2026-08-23,21.5,27.8,25.6,65.3,72.9,70.2,576.4,1377.8,317.0,259.4,28.82,2.721,1.651,1.7,1.2
srv-0092,2026-08-24,31.4,42.9,38.9,67.8,80.9,76.3,884.8,1913.1,486.6,398.2,44.24,2.294,3.555,2.1,3.2
srv-0092,2026-08-25,29.0,46.3,40.3,67.5,70.9,69.8,618.4,1517.2,340.1,278.3,30.92,3.44,2.419,2.8,2.1
srv-0092,2026-08-26,31.5,52.6,45.2,69.5,82.5,77.9,1022.0,2403.3,562.1,459.9,51.1,4.797,4.038,2.4,2.0
srv-0092,2026-08-27,26.5,44.0,37.9,68.5,73.6,71.8,754.8,1694.7,415.1,339.7,37.74,4.077,3.386,2.9,2.3
srv-0092,2026-08-28,31.1,42.8,38.7,69.2,82.2,77.6,823.8,1510.7,453.1,370.7,41.19,3.566,2.307,2.3,1.5
srv-0092,2026-08-29,19.5,52.6,41.0,65.4,75.6,72.1,502.6,1983.6,276.4,226.2,25.13,3.984,3.771,3.5,1.9
srv-0092,2026-08-30,18.9,24.7,22.7,65.4,70.6,68.8,560.3,1428.8,308.1,252.1,28.01,1.695,1.778,1.0,1.0
srv-0092,2026-08-31,25.7,33.8,30.9,68.4,82.9,77.8,687.0,1741.2,377.8,309.1,34.35,4.567,2.861,2.1,1.9
srv-0092,2026-09-01,30.2,39.6,36.3,69.8,79.0,75.8,898.0,1814.8,493.9,404.1,44.9,3.332,2.572,1.6,2.2
srv-0092,2026-09-02,26.6,41.0,36.0,68.1,79.4,75.5,863.9,2257.2,475.1,388.7,43.19,4.278,1.785,1.6,0.8
srv-0092,2026-09-03,35.9,57.7,50.1,69.6,76.6,74.2,947.7,1998.9,521.3,426.5,47.39,3.843,4.305,2.3,1.9
srv-0092,2026-09-04,32.5,40.8,37.9,69.4,77.6,74.7,812.9,1707.2,447.1,365.8,40.64,3.046,3.743,2.3,2.6
srv-0092,2026-09-05,18.2,27.6,24.3,65.6,70.6,68.8,422.6,771.5,232.4,190.2,21.13,2.611,1.779,1.3,1.7
srv-0092,2026-09-06,19.0,29.1,25.6,64.3,73.9,70.5,389.3,898.5,214.1,175.2,19.46,2.589,1.702,2.2,1.6
srv-0094,2026-08-08,17.9,28.1,24.5,69.0,84.2,78.9,136.5,347.2,75.1,61.4,6.83,3.605,3.227,3.0,2.2
srv-0094,2026-08-09,18.4,30.1,26.0,69.7,83.7,78.8,140.6,261.8,77.3,63.3,7.03,4.893,2.433,1.8,1.2
srv-0094,2026-08-10,33.0,53.6,46.4,73.1,87.5,82.5,193.5,349.1,106.4,87.1,9.68,4.659,2.931,3.7,2.4
srv-0094,2026-08-11,25.7,41.7,36.1,72.5,88.3,82.8,179.4,399.6,98.7,80.7,8.97,3.91,3.856,2.5,3.7
srv-0094,2026-08-12,30.1,39.4,36.2,72.4,82.6,79.0,176.9,389.0,97.3,79.6,8.85,5.541,5.47,3.1,3.4
srv-0094,2026-08-13,29.0,47.7,41.2,72.0,86.7,81.5,184.0,343.9,101.2,82.8,9.2,6.821,3.472,3.0,3.1
srv-0094,2026-08-14,33.6,46.8,42.2,73.2,88.7,83.3,146.6,324.4,80.6,66.0,7.33,7.154,5.052,6.1,4.5
srv-0094,2026-08-15,16.7,24.5,21.8,67.8,73.8,71.7,113.2,292.8,62.2,50.9,5.66,3.964,2.297,3.3,0.9
srv-0094,2026-08-16,21.5,35.8,30.8,69.1,77.9,74.8,127.8,268.3,70.3,57.5,6.39,4.956,3.395,3.2,2.6
srv-0094,2026-08-17,24.4,41.3,35.4,71.4,76.0,74.4,183.6,384.1,101.0,82.6,9.18,4.866,2.8,2.8,1.7
srv-0094,2026-08-18,31.3,40.7,37.4,72.9,88.5,83.1,179.5,382.1,98.7,80.8,8.97,7.291,5.247,6.7,2.9
srv-0094,2026-08-19,24.1,34.2,30.6,71.3,75.8,74.2,184.5,417.4,101.5,83.0,9.23,5.595,3.462,2.6,2.4
srv-0094,2026-08-20,27.7,38.3,34.6,72.1,76.1,74.7,182.6,329.3,100.4,82.2,9.13,6.583,3.421,4.2,2.0
srv-0094,2026-08-21,30.8,42.0,38.1,72.8,84.2,80.2,164.9,459.0,90.7,74.2,8.24,5.046,4.328,4.6,4.3
srv-0094,2026-08-22,16.2,27.2,23.3,68.7,76.4,73.7,137.8,368.5,75.8,62.0,6.89,4.731,2.357,2.6,2.4
srv-0094,2026-08-23,21.2,27.1,25.0,69.4,78.7,75.4,119.7,304.8,65.9,53.9,5.99,3.363,3.357,2.6,2.3
srv-0094,2026-08-24,27.3,38.2,34.4,73.1,77.1,75.7,171.3,428.4,94.2,77.1,8.57,3.947,4.376,2.4,3.6
srv-0094,2026-08-25,23.7,37.5,32.6,71.2,81.4,77.8,143.6,272.6,79.0,64.6,7.18,3.545,2.781,2.0,2.1
srv-0094,2026-08-26,33.0,99,75.9,74.0,80.3,78.1,192.8,964.0,106.0,86.8,9.64,15.79,6.581,8.9,3.8
srv-0094,2026-08-27,27.6,44.3,38.5,72.1,84.7,80.3,143.5,384.9,78.9,64.6,7.18,5.142,4.983,4.1,2.5
srv-0094,2026-08-28,26.0,33.2,30.7,71.5,76.5,74.8,150.2,383.0,82.6,67.6,7.51,5.024,2.406,4.0,1.0
srv-0094,2026-08-29,17.7,26.4,23.4,68.5,82.8,77.8,113.2,292.0,62.3,51.0,5.66,3.917,2.094,3.2,1.7
srv-0094,2026-08-30,19.9,28.9,25.8,69.3,82.3,77.7,130.2,358.1,71.6,58.6,6.51,4.85,3.337,3.0,1.9
srv-0094,2026-08-31,28.3,40.5,36.2,71.3,82.6,78.6,180.1,383.1,99.0,81.0,9.0,3.318,3.033,1.3,1.3
srv-0094,2026-09-01,29.0,37.2,34.3,72.7,81.1,78.1,180.2,393.0,99.1,81.1,9.01,3.983,3.03,3.4,1.8
srv-0094,2026-09-02,32.8,42.4,39.0,73.5,80.6,78.1,160.8,428.8,88.5,72.4,8.04,4.519,3.168,3.2,1.2
srv-0094,2026-09-03,27.1,37.7,34.0,73.2,77.7,76.1,198.3,455.0,109.0,89.2,9.91,4.322,5.9,2.5,2.9
srv-0094,2026-09-04,28.6,41.9,37.3,73.5,86.3,81.8,212.9,562.3,117.1,95.8,10.64,5.329,5.937,2.6,5.4
srv-0094,2026-09-05,15.1,22.5,19.9,68.3,81.0,76.5,89.5,217.4,49.2,40.3,4.47,2.925,1.782,1.7,1.2
srv-0094,2026-09-06,21.3,29.1,26.4,69.6,76.6,74.2,128.6,250.9,70.7,57.9,6.43,5.406,2.757,2.5,1.5
srv-0095,2026-08-08,12.2,17.4,15.6,44.9,50.1,48.3,91.3,203.8,50.2,41.1,4.57,2.512,2.699,1.3,2.0
srv-0095,2026-08-09,11.5,18.4,16.0,44.9,48.7,47.3,61.5,125.9,33.8,27.7,3.07,2.606,2.82,1.1,1.9
srv-0095,2026-08-10,23.4,34.8,30.8,48.1,52.7,51.1,145.0,299.1,79.7,65.2,7.25,3.475,2.815,2.9,2.1
srv-0095,2026-08-11,16.5,25.1,22.1,46.7,51.0,49.5,133.5,297.0,73.4,60.1,6.68,3.376,3.107,2.0,1.3
srv-0095,2026-08-12,18.6,27.0,24.1,47.3,56.3,53.2,123.2,304.8,67.7,55.4,6.16,3.252,2.681,2.0,2.5
srv-0095,2026-08-13,20.9,32.8,28.6,47.2,54.7,52.0,112.5,247.4,61.9,50.6,5.62,3.188,3.669,2.7,1.8
srv-0095,2026-08-14,18.9,29.8,26.0,47.5,57.7,54.1,99.2,267.9,54.6,44.7,4.96,5.052,4.857,4.6,4.0
srv-0095,2026-08-15,11.3,17.9,15.6,44.7,48.5,47.2,93.9,203.8,51.7,42.3,4.7,3.254,1.539,1.6,0.9
srv-0095,2026-08-16,11.2,14.6,13.4,44.5,48.1,46.8,66.0,164.7,36.3,29.7,3.3,2.069,2.669,1.2,2.1
srv-0095,2026-08-17,23.1,29.6,27.3,48.0,57.8,54.4,159.6,442.9,87.8,71.8,7.98,5.635,3.009,4.1,2.9
srv-0095,2026-08-18,24.3,39.0,33.9,48.1,51.8,50.5,148.5,276.7,81.7,66.8,7.42,3.446,2.67,3.1,2.0
srv-0095,2026-08-19,19.9,26.0,23.9,48.3,58.5,54.9,122.7,309.7,67.5,55.2,6.14,4.758,5.222,2.3,5.0
srv-0095,2026-08-20,17.7,25.1,22.5,46.8,49.9,48.8,98.0,232.6,53.9,44.1,4.9,2.99,2.483,2.7,1.9
srv-0095,2026-08-21,19.7,28.2,25.2,48.1,54.2,52.1,167.8,429.9,92.3,75.5,8.39,3.47,4.406,1.6,1.8
srv-0095,2026-08-22,15.9,26.6,22.9,45.5,48.3,47.3,81.3,209.3,44.7,36.6,4.06,2.596,2.269,2.0,1.4
srv-0095,2026-08-23,12.0,18.2,16.0,44.9,52.8,50.0,68.5,190.5,37.7,30.8,3.43,3.293,2.974,2.3,2.2
srv-0095,2026-08-24,15.0,18.8,17.5,46.3,53.7,51.1,106.7,292.8,58.7,48.0,5.33,4.409,1.927,1.9,1.6
srv-0095,2026-08-25,16.0,20.6,19.0,46.7,56.9,53.4,138.7,379.8,76.3,62.4,6.94,2.782,3.196,1.4,1.7
srv-0095,2026-08-26,15.1,23.2,20.4,46.4,51.2,49.5,98.7,238.9,54.3,44.4,4.94,2.799,2.753,2.3,1.5
srv-0095,2026-08-27,22.1,69.8,53.1,47.6,52.3,50.7,119.8,573.1,65.9,53.9,5.99,5.978,7.448,3.2,5.0
srv-0095,2026-08-28,15.6,20.4,18.7,46.6,49.1,48.2,132.0,341.1,72.6,59.4,6.6,2.338,2.796,1.6,2.3
srv-0095,2026-08-29,11.9,15.0,13.9,44.8,48.0,46.9,74.0,186.0,40.7,33.3,3.7,2.223,2.803,1.4,2.3
srv-0095,2026-08-30,10.6,16.1,14.2,44.6,49.7,47.9,65.9,126.5,36.3,29.7,3.3,3.303,1.721,1.2,1.2
srv-0095,2026-08-31,22.3,29.4,26.9,48.0,51.1,50.0,127.1,313.5,69.9,57.2,6.35,5.12,3.46,1.9,2.3
srv-0095,2026-09-01,21.3,33.2,29.1,48.0,50.9,49.9,141.8,342.9,78.0,63.8,7.09,3.167,3.721,1.9,2.7
srv-0095,2026-09-02,19.4,27.7,24.8,48.3,54.9,52.6,143.5,358.2,78.9,64.6,7.18,4.533,3.469,3.2,2.0
srv-0095,2026-09-03,18.2,30.2,26.0,47.1,53.7,51.4,93.7,181.1,51.6,42.2,4.69,2.942,3.735,2.7,2.7
srv-0095,2026-09-04,17.6,25.8,23.0,46.5,54.2,51.5,135.5,267.8,74.5,61.0,6.77,2.255,2.463,1.6,1.9
srv-0095,2026-09-05,10.8,17.2,14.9,44.6,52.9,50.0,92.0,204.7,50.6,41.4,4.6,1.967,2.401,1.6,1.3
srv-0095,2026-09-06,12.9,19.9,17.5,44.9,53.7,50.6,74.1,172.2,40.7,33.3,3.7,3.02,2.92,1.8,2.8
srv-0097,2026-08-08,16.2,22.9,20.5,65.4,69.1,67.8,5181.0,11177.9,3626.7,1554.3,155.43,1.92,1.039,1.7,0.8
srv-0097,2026-08-09,22.7,29.7,27.3,66.9,75.6,72.6,6911.8,18008.2,4838.3,2073.5,207.35,1.46,1.076,0.6,0.6
srv-0097,2026-08-10,23.7,32.4,29.3,68.6,80.1,76.0,6582.6,14486.2,4607.8,1974.8,197.48,2.592,1.413,2.1,1.4
srv-0097,2026-08-11,26.7,37.1,33.4,70.7,78.1,75.5,7303.7,15992.5,5112.6,2191.1,219.11,3.54,1.721,1.4,1.1
srv-0097,2026-08-12,24.1,34.7,31.0,69.3,75.3,73.2,7952.3,21927.6,5566.6,2385.7,238.57,1.869,1.164,1.4,0.9
srv-0097,2026-08-13,24.6,32.3,29.6,70.1,81.7,77.6,8087.4,16654.5,5661.2,2426.2,242.62,1.769,1.048,1.2,0.9
srv-0097,2026-08-14,23.9,61.2,48.2,68.4,81.5,76.9,7181.6,29701.1,5027.1,2154.5,215.45,2.514,2.007,1.8,0.9
srv-0097,2026-08-15,17.4,22.9,21.0,66.3,76.1,72.6,5716.0,13325.0,4001.2,1714.8,171.48,1.954,1.1,1.3,0.4
srv-0097,2026-08-16,15.9,27.1,23.2,65.6,77.7,73.4,3796.8,9534.8,2657.8,1139.1,113.91,1.145,1.126,0.8,0.7
srv-0097,2026-08-17,23.0,29.0,26.9,69.0,72.8,71.5,6818.5,16049.0,4773.0,2045.6,204.56,2.908,1.27,1.6,0.8
srv-0097,2026-08-18,31.3,40.5,37.3,69.9,83.7,78.9,7236.4,17094.1,5065.5,2170.9,217.09,2.812,1.665,2.4,0.7
srv-0097,2026-08-19,23.2,36.0,31.5,68.3,74.3,72.2,6891.9,14258.7,4824.3,2067.6,206.76,1.713,1.453,1.3,1.3
srv-0097,2026-08-20,30.1,38.5,35.5,70.4,82.5,78.3,8452.5,22055.8,5916.8,2535.8,253.58,3.358,1.422,1.7,1.3
srv-0097,2026-08-21,28.8,48.3,41.5,69.7,82.2,77.8,7019.1,18711.6,4913.4,2105.7,210.57,3.225,1.582,1.6,0.9
srv-0097,2026-08-22,18.5,28.5,25.0,66.6,77.4,73.6,5337.7,10682.7,3736.4,1601.3,160.13,1.805,1.167,0.8,0.6
srv-0097,2026-08-23,14.5,24.3,20.9,65.1,70.1,68.4,3777.8,6884.1,2644.4,1133.3,113.33,0.994,0.806,0.6,0.7
srv-0097,2026-08-24,20.4,32.0,28.0,68.1,74.4,72.2,4923.4,13339.6,3446.4,1477.0,147.7,1.986,1.522,1.2,1.5
srv-0097,2026-08-25,31.0,42.0,38.1,70.9,79.7,76.6,10269.6,21123.8,7188.7,3080.9,308.09,3.533,1.72,2.6,1.4
srv-0097,2026-08-26,26.5,34.2,31.5,70.5,79.3,76.2,9858.0,20027.9,6900.6,2957.4,295.74,2.985,1.278,2.3,1.2
srv-0097,2026-08-27,32.3,44.1,40.0,70.9,83.2,78.9,10130.2,22906.2,7091.2,3039.1,303.91,3.258,1.808,1.4,1.4
srv-0097,2026-08-28,27.9,43.5,38.1,69.2,81.9,77.5,6656.0,15808.5,4659.2,1996.8,199.68,2.729,1.732,2.1,1.2
srv-0097,2026-08-29,17.0,24.0,21.5,65.5,76.0,72.3,5509.1,10853.4,3856.4,1652.7,165.27,1.356,0.83,1.2,0.5
srv-0097,2026-08-30,19.3,30.0,26.3,66.2,80.4,75.5,4523.6,9661.4,3166.5,1357.1,135.71,1.951,1.011,1.1,0.4
srv-0097,2026-08-31,28.0,47.3,40.6,71.0,85.7,80.6,9682.9,26265.7,6778.0,2904.9,290.49,2.161,1.336,1.2,1.0
srv-0097,2026-09-01,25.5,37.8,33.5,68.6,82.8,77.8,6978.1,14904.2,4884.6,2093.4,209.34,1.508,1.242,1.4,0.8
srv-0097,2026-09-02,27.2,38.3,34.4,69.6,74.5,72.8,8162.1,15245.2,5713.4,2448.6,244.86,2.316,1.133,1.0,0.8
srv-0097,2026-09-03,21.6,28.7,26.2,68.8,80.6,76.4,5601.3,14171.9,3920.9,1680.4,168.04,2.225,1.426,1.4,1.4
srv-0097,2026-09-04,25.8,37.7,33.5,69.1,79.6,75.9,7152.6,20017.6,5006.8,2145.8,214.58,1.962,0.972,1.7,0.5
srv-0097,2026-09-05,14.5,21.2,18.8,65.2,75.1,71.6,3572.8,7722.7,2501.0,1071.8,107.18,1.676,0.859,1.1,0.5
srv-0097,2026-09-06,16.7,24.5,21.8,65.8,79.8,74.9,5829.0,15530.1,4080.3,1748.7,174.87,1.364,0.676,1.2,0.3
srv-0098,2026-08-08,20.4,55.4,43.1,27.5,29.6,28.9,291.9,1418.0,160.5,131.3,14.59,5.366,7.337,4.4,3.5
srv-0098,2026-08-09,19.5,64.7,48.8,27.2,31.4,29.9,305.6,1301.5,168.1,137.5,15.28,5.345,6.838,4.8,4.1
srv-0098,2026-08-10,32.0,51.9,44.9,28.9,35.1,32.9,343.0,837.0,188.7,154.4,17.15,3.738,6.342,3.1,6.4
srv-0098,2026-08-11,23.6,31.8,28.9,28.4,33.3,31.5,359.2,659.6,197.6,161.6,17.96,3.012,4.161,1.3,2.8
srv-0098,2026-08-12,25.4,32.7,30.2,28.6,32.1,30.9,304.6,744.4,167.5,137.1,15.23,1.988,3.666,1.3,3.0
srv-0098,2026-08-13,26.6,44.6,38.3,28.7,31.4,30.5,305.8,645.3,168.2,137.6,15.29,4.043,5.694,1.9,3.8
srv-0098,2026-08-14,30.9,45.1,40.1,28.6,30.1,29.6,442.7,1210.0,243.5,199.2,22.13,3.981,7.418,3.0,4.9
srv-0098,2026-08-15,19.6,27.9,25.0,27.4,30.9,29.7,263.5,736.6,144.9,118.6,13.18,2.644,2.681,1.3,1.5
srv-0098,2026-08-16,16.8,25.9,22.7,26.9,30.3,29.1,238.9,559.3,131.4,107.5,11.94,2.324,3.221,1.9,3.1
srv-0098,2026-08-17,31.9,47.2,41.8,28.8,30.9,30.2,443.3,1135.0,243.8,199.5,22.17,2.296,3.841,1.9,3.2
srv-0098,2026-08-18,23.9,33.3,30.0,28.2,34.3,32.2,356.6,647.6,196.1,160.5,17.83,1.843,4.924,1.7,3.3
srv-0098,2026-08-19,22.1,30.0,27.2,28.3,31.1,30.1,392.6,879.3,216.0,176.7,19.63,3.376,5.229,1.3,4.2
srv-0098,2026-08-20,24.4,39.5,34.2,28.3,31.7,30.5,326.7,910.2,179.7,147.0,16.34,2.363,4.05,1.0,3.8
srv-0098,2026-08-21,23.5,32.0,29.0,28.3,31.7,30.5,355.6,697.8,195.6,160.0,17.78,2.393,4.9,1.7,4.4
srv-0098,2026-08-22,17.0,28.0,24.1,27.0,30.2,29.1,292.6,712.3,160.9,131.7,14.63,1.458,3.725,1.1,2.2
srv-0098,2026-08-23,16.4,25.9,22.6,27.2,28.9,28.3,236.6,516.9,130.1,106.5,11.83,1.298,3.422,0.6,1.9
srv-0098,2026-08-24,32.1,40.1,37.3,28.8,30.6,30.0,320.7,750.9,176.4,144.3,16.03,4.461,5.591,2.1,3.3
srv-0098,2026-08-25,25.2,42.6,36.5,28.8,34.5,32.5,361.6,817.8,198.9,162.7,18.08,2.539,6.67,1.3,2.8
srv-0098,2026-08-26,27.2,44.1,38.2,28.4,32.0,30.7,417.2,1116.5,229.5,187.7,20.86,3.332,4.839,2.8,4.8
srv-0098,2026-08-27,29.0,47.7,41.2,28.5,33.1,31.5,430.3,1016.5,236.7,193.6,21.52,2.479,5.174,2.0,4.3
srv-0098,2026-08-28,24.7,33.8,30.6,28.6,30.2,29.7,321.3,714.4,176.7,144.6,16.07,4.287,4.536,3.6,2.2
srv-0098,2026-08-29,18.9,27.7,24.6,27.2,28.8,28.2,229.7,519.0,126.3,103.4,11.48,2.821,3.738,1.1,3.0
srv-0098,2026-08-30,21.4,33.5,29.3,27.4,29.3,28.6,295.1,679.0,162.3,132.8,14.76,2.431,4.234,1.8,3.4
srv-0098,2026-08-31,29.3,37.2,34.4,29.3,32.6,31.5,452.9,1224.5,249.1,203.8,22.64,3.986,8.855,3.3,8.5
srv-0098,2026-09-01,21.6,29.0,26.4,28.1,32.4,30.9,321.8,717.2,177.0,144.8,16.09,2.247,5.162,1.5,5.2
srv-0098,2026-09-02,30.5,48.9,42.5,29.2,32.0,31.0,435.8,1185.6,239.7,196.1,21.79,4.566,6.315,3.8,4.2
srv-0098,2026-09-03,23.7,40.1,34.3,28.3,30.4,29.7,307.9,834.4,169.3,138.6,15.4,2.976,5.802,2.6,5.0
srv-0098,2026-09-04,26.3,37.5,33.6,28.9,34.9,32.8,387.6,747.9,213.2,174.4,19.38,4.603,7.024,2.7,5.9
srv-0098,2026-09-05,14.9,21.7,19.3,27.0,32.5,30.6,282.7,514.2,155.5,127.2,14.13,1.829,3.402,1.5,1.4
srv-0098,2026-09-06,19.6,33.0,28.3,27.1,29.4,28.6,268.7,696.9,147.8,120.9,13.44,2.587,2.98,1.0,1.3
srv-0099,2026-08-08,16.7,27.6,23.8,34.1,39.3,37.5,376.4,752.8,207.0,169.4,18.82,3.238,3.064,1.5,2.4
srv-0099,2026-08-09,19.0,32.0,27.5,34.8,38.2,37.0,314.0,844.5,172.7,141.3,15.7,3.173,3.309,2.0,2.6
srv-0099,2026-08-10,28.1,35.5,32.9,36.8,41.4,39.8,507.8,1226.8,279.3,228.5,25.39,4.091,6.621,1.8,3.3
srv-0099,2026-08-11,28.1,37.6,34.3,36.0,38.0,37.3,540.8,1206.7,297.4,243.4,27.04,3.014,4.302,1.5,2.5
srv-0099,2026-08-12,28.3,37.9,34.6,36.9,41.5,39.9,556.5,1544.8,306.0,250.4,27.82,4.767,8.753,3.1,5.4
srv-0099,2026-08-13,24.6,41.5,35.6,35.9,37.7,37.1,505.9,1261.4,278.3,227.7,25.3,5.57,6.894,3.3,4.7
srv-0099,2026-08-14,28.1,35.3,32.8,37.0,41.0,39.6,656.2,1679.9,360.9,295.3,32.81,5.458,9.487,2.1,8.4
srv-0099,2026-08-15,14.2,18.7,17.1,34.2,37.5,36.4,318.1,636.4,174.9,143.1,15.9,2.658,4.899,2.2,3.9
srv-0099,2026-08-16,16.0,21.3,19.4,34.5,38.9,37.3,259.3,685.7,142.6,116.7,12.97,3.269,4.6,2.6,3.6
srv-0099,2026-08-17,33.0,47.6,42.5,36.8,39.6,38.6,667.9,1656.1,367.3,300.6,33.39,5.39,5.047,4.0,4.7
srv-0099,2026-08-18,24.4,34.6,31.0,36.3,41.3,39.6,393.7,811.7,216.5,177.2,19.68,4.151,7.976,2.5,3.9
srv-0099,2026-08-19,30.8,81.1,63.5,36.5,38.6,37.9,618.4,3297.9,340.1,278.3,30.92,13.076,12.09,10.6,9.1
srv-0099,2026-08-20,21.9,58.6,45.7,35.4,40.2,38.5,353.6,1793.9,194.5,159.1,17.68,6.166,7.449,2.7,3.1
srv-0099,2026-08-21,25.3,41.1,35.6,35.6,42.8,40.3,552.1,1243.8,303.7,248.4,27.6,4.287,6.534,3.6,5.3
srv-0099,2026-08-22,19.1,26.5,23.9,34.5,40.7,38.5,326.2,751.4,179.4,146.8,16.31,4.305,4.915,2.1,2.4
srv-0099,2026-08-23,17.3,27.8,24.1,34.0,39.9,37.8,266.9,674.1,146.8,120.1,13.35,2.325,3.256,1.9,2.8
srv-0099,2026-08-24,27.6,82.5,63.3,35.8,37.7,37.1,503.6,2209.0,277.0,226.6,25.18,7.229,9.524,6.7,9.0
srv-0099,2026-08-25,24.7,34.4,31.0,35.5,40.9,39.0,383.3,824.6,210.8,172.5,19.17,5.137,3.702,3.9,1.8
srv-0099,2026-08-26,25.6,39.6,34.7,36.5,42.2,40.2,526.9,1340.7,289.8,237.1,26.35,5.938,7.685,5.3,6.5
srv-0099,2026-08-27,31.8,49.5,43.3,36.6,40.0,38.8,631.5,1234.3,347.3,284.2,31.57,6.176,6.335,3.1,3.9
srv-0099,2026-08-28,26.7,35.1,32.2,35.9,37.9,37.2,555.5,1346.1,305.5,250.0,27.78,4.678,5.577,2.8,5.2
srv-0099,2026-08-29,13.7,17.8,16.4,33.8,37.2,36.0,281.3,671.7,154.7,126.6,14.07,1.907,2.372,1.0,1.1
srv-0099,2026-08-30,16.4,27.4,23.5,34.5,36.6,35.9,367.1,839.3,201.9,165.2,18.36,2.78,5.385,1.4,4.0
srv-0099,2026-08-31,33.0,41.9,38.8,36.8,39.3,38.4,657.4,1751.5,361.6,295.8,32.87,5.643,7.74,2.5,5.8
srv-0099,2026-09-01,26.1,37.1,33.3,36.6,40.9,39.4,497.8,1001.1,273.8,224.0,24.89,5.756,4.865,2.2,2.9
srv-0099,2026-09-02,29.4,37.5,34.7,36.1,40.0,38.7,482.4,1305.7,265.3,217.1,24.12,6.162,5.089,5.3,2.9
srv-0099,2026-09-03,27.1,34.9,32.1,36.6,44.1,41.5,417.8,982.3,229.8,188.0,20.89,5.455,5.867,2.8,4.8
srv-0099,2026-09-04,27.1,43.5,37.7,36.3,41.5,39.7,562.4,1091.0,309.3,253.1,28.12,5.868,4.044,2.4,3.6
srv-0099,2026-09-05,16.2,22.6,20.3,34.5,40.7,38.5,369.1,689.2,203.0,166.1,18.46,2.742,4.095,1.6,2.0
srv-0099,2026-09-06,20.8,30.0,26.8,34.5,40.6,38.5,329.5,905.3,181.2,148.3,16.47,4.358,4.593,4.0,2.8
srv-0100,2026-08-08,11.0,18.4,15.8,62.0,73.8,69.7,83.7,166.5,46.1,37.7,4.19,2.126,3.518,1.7,2.6
srv-0100,2026-08-09,11.1,16.7,14.7,62.3,74.4,70.2,119.3,307.5,65.6,53.7,5.97,4.06,2.38,1.8,1.1
srv-0100,2026-08-10,20.0,25.3,23.4,66.9,71.9,70.1,218.9,566.5,120.4,98.5,10.94,4.45,4.16,1.9,2.0
srv-0100,2026-08-11,13.8,19.7,17.6,64.9,68.6,67.3,124.6,341.7,68.5,56.0,6.23,5.131,5.794,3.0,5.4
srv-0100,2026-08-12,15.8,44.3,34.3,66.4,70.4,69.0,169.8,641.4,93.4,76.4,8.49,13.118,11.191,11.6,11.1
srv-0100,2026-08-13,16.8,43.7,34.3,66.7,70.4,69.1,189.8,896.7,104.4,85.4,9.49,15.177,12.562,8.8,8.3
srv-0100,2026-08-14,16.2,25.4,22.2,64.5,78.4,73.6,160.7,326.8,88.4,72.3,8.04,4.24,4.687,3.1,2.9
srv-0100,2026-08-15,11.6,18.5,16.1,62.1,75.4,70.8,95.1,235.0,52.3,42.8,4.75,4.287,4.024,2.6,2.7
srv-0100,2026-08-16,10.0,15.2,13.4,61.6,71.4,68.0,104.8,244.9,57.6,47.2,5.24,4.089,3.293,2.4,3.3
srv-0100,2026-08-17,20.8,29.8,26.7,67.0,70.8,69.5,193.5,405.0,106.4,87.1,9.68,4.526,5.062,2.6,4.0
srv-0100,2026-08-18,16.5,25.6,22.4,65.3,77.5,73.2,208.5,468.6,114.7,93.8,10.43,3.663,3.471,2.0,3.1
srv-0100,2026-08-19,19.1,31.6,27.2,66.2,78.2,74.0,142.2,291.7,78.2,64.0,7.11,4.55,6.746,3.8,3.0
srv-0100,2026-08-20,14.1,20.6,18.3,65.5,72.3,69.9,136.0,281.5,74.8,61.2,6.8,3.711,3.182,1.4,2.5
srv-0100,2026-08-21,12.9,18.0,16.2,64.5,76.5,72.3,120.1,288.7,66.0,54.0,6.0,3.619,5.146,1.6,5.1
srv-0100,2026-08-22,9.6,13.6,12.2,61.5,67.6,65.5,100.3,247.3,55.2,45.1,5.01,4.225,3.215,2.2,3.1
srv-0100,2026-08-23,10.1,14.9,13.2,62.8,70.5,67.8,112.2,234.3,61.7,50.5,5.61,3.152,4.329,2.4,2.6
srv-0100,2026-08-24,16.3,25.8,22.5,66.4,73.7,71.1,159.3,427.9,87.6,71.7,7.96,5.301,4.96,2.9,2.6
srv-0100,2026-08-25,20.6,33.6,29.0,66.8,77.7,73.9,228.1,446.0,125.5,102.7,11.41,4.826,4.282,2.3,3.3
srv-0100,2026-08-26,17.3,21.8,20.2,66.2,74.4,71.5,191.1,364.4,105.1,86.0,9.55,4.445,5.036,2.6,3.2
srv-0100,2026-08-27,12.8,20.0,17.5,64.3,76.4,72.2,160.4,376.7,88.2,72.2,8.02,4.982,3.604,3.2,3.4
srv-0100,2026-08-28,13.8,46.1,34.8,64.6,74.7,71.1,129.2,536.7,71.1,58.1,6.46,6.817,9.37,2.9,3.7
srv-0100,2026-08-29,7.8,13.0,11.2,61.3,69.0,66.3,90.6,235.1,49.8,40.8,4.53,2.684,2.034,2.0,1.8
srv-0100,2026-08-30,12.3,18.6,16.4,62.6,72.3,68.9,102.0,208.0,56.1,45.9,5.1,2.572,4.239,1.2,2.6
srv-0100,2026-08-31,15.3,50.2,38.0,65.5,77.5,73.3,194.5,825.0,107.0,87.5,9.73,13.175,6.928,11.9,6.9
srv-0100,2026-09-01,16.4,22.9,20.6,65.1,73.6,70.7,204.7,383.8,112.6,92.1,10.24,3.584,5.869,1.9,4.3
srv-0100,2026-09-02,16.5,27.6,23.7,65.0,78.2,73.6,196.1,457.9,107.9,88.3,9.81,4.515,4.822,2.0,2.3
srv-0100,2026-09-03,18.7,25.2,23.0,66.7,75.5,72.4,172.9,423.0,95.1,77.8,8.64,5.961,7.208,2.7,6.5
srv-0100,2026-09-04,14.5,22.5,19.7,64.3,71.1,68.7,169.4,346.6,93.2,76.2,8.47,5.317,5.76,4.6,5.4
srv-0100,2026-09-05,10.3,13.6,12.4,62.2,72.0,68.6,113.2,300.6,62.3,51.0,5.66,2.347,3.02,2.1,1.5
srv-0100,2026-09-06,10.3,16.2,14.1,62.4,75.5,70.9,101.1,233.4,55.6,45.5,5.05,3.352,3.064,2.3,1.4
srv-0101,2026-08-08,8.8,14.2,12.3,47.4,56.5,53.3,1809.7,3423.6,1266.8,542.9,54.29,1.573,2.13,1.3,1.8
srv-0101,2026-08-09,6.5,8.6,7.9,46.4,52.0,50.0,961.8,2128.5,673.2,288.5,28.85,1.286,1.551,1.0,0.7
srv-0101,2026-08-10,15.0,23.5,20.5,50.2,54.7,53.1,1947.9,5121.1,1363.5,584.4,58.44,3.067,5.034,1.4,3.1
srv-0101,2026-08-11,10.2,16.4,14.2,48.7,56.4,53.7,1823.0,4844.3,1276.1,546.9,54.69,2.621,3.115,1.9,2.3
srv-0101,2026-08-12,10.4,16.8,14.6,48.6,55.9,53.3,1524.5,3850.8,1067.2,457.4,45.74,2.285,3.578,0.9,2.4
srv-0101,2026-08-13,9.1,11.6,10.7,48.4,55.9,53.2,1896.2,4851.7,1327.3,568.8,56.88,2.492,2.15,2.1,1.1
srv-0101,2026-08-14,14.6,22.0,19.4,50.2,56.3,54.2,2783.2,6550.0,1948.3,835.0,83.5,2.705,3.492,1.0,1.4
srv-0101,2026-08-15,7.5,12.5,10.8,46.8,54.1,51.6,1239.7,3098.9,867.8,371.9,37.19,2.09,2.135,0.8,2.0
srv-0101,2026-08-16,8.7,18.5,15.1,47.4,54.6,52.1,1595.1,7123.1,1116.6,478.5,47.85,3.54,5.682,1.5,5.1
srv-0101,2026-08-17,10.5,13.8,12.6,48.4,54.5,52.4,2164.0,5862.7,1514.8,649.2,64.92,2.941,3.059,2.3,1.5
srv-0101,2026-08-18,10.0,14.6,13.0,48.9,58.8,55.4,1648.3,3773.6,1153.8,494.5,49.45,1.676,1.961,0.9,1.4
srv-0101,2026-08-19,12.9,21.1,18.3,49.2,52.7,51.5,2458.0,6143.5,1720.6,737.4,73.74,1.832,3.319,0.8,2.1
srv-0101,2026-08-20,10.4,17.2,14.9,48.9,56.8,54.0,2047.3,3736.3,1433.1,614.2,61.42,2.987,2.351,2.7,1.9
srv-0101,2026-08-21,10.7,17.3,15.0,49.4,56.3,53.9,1765.8,3496.4,1236.1,529.7,52.97,1.746,2.51,0.8,1.2
srv-0101,2026-08-22,6.0,16.4,12.8,46.2,56.1,52.6,1449.0,4831.6,1014.3,434.7,43.47,1.619,3.395,1.2,2.7
srv-0101,2026-08-23,8.4,12.9,11.3,47.1,50.4,49.2,1320.0,2569.6,924.0,396.0,39.6,1.827,2.593,1.3,1.1
srv-0101,2026-08-24,11.9,16.7,15.0,49.8,53.2,52.0,2635.1,6567.1,1844.6,790.5,79.05,3.08,3.289,2.0,3.0
srv-0101,2026-08-25,10.9,17.6,15.3,49.2,55.1,53.0,1822.2,3541.9,1275.5,546.6,54.66,1.843,3.976,1.3,2.3
srv-0101,2026-08-26,10.8,27.8,21.9,48.4,58.0,54.6,1996.9,7341.5,1397.8,599.1,59.91,3.971,5.192,3.6,3.8
srv-0101,2026-08-27,14.0,20.6,18.3,49.9,60.8,57.0,2809.0,6423.6,1966.3,842.7,84.27,3.345,4.747,2.1,3.5
srv-0101,2026-08-28,9.1,11.6,10.7,48.3,55.3,52.8,1794.8,4830.9,1256.3,538.4,53.84,2.378,2.558,1.7,2.3
srv-0101,2026-08-29,8.0,13.6,11.7,46.9,52.2,50.3,1381.3,2554.2,966.9,414.4,41.44,2.14,2.675,1.3,2.5
srv-0101,2026-08-30,8.7,14.6,12.5,46.9,55.4,52.4,1226.1,2694.4,858.2,367.8,36.78,2.224,1.437,1.0,1.2
srv-0101,2026-08-31,10.2,14.1,12.7,48.5,55.5,53.0,1650.7,3343.1,1155.5,495.2,49.52,2.747,2.919,2.4,2.8
srv-0101,2026-09-01,13.4,20.5,18.0,49.8,52.8,51.8,2633.5,5849.5,1843.5,790.1,79.01,2.529,2.403,2.2,2.1
srv-0101,2026-09-02,10.8,29.2,22.8,48.3,52.3,50.9,2103.2,10009.1,1472.2,631.0,63.1,2.652,3.434,2.2,3.5
srv-0101,2026-09-03,11.8,18.0,15.8,50.4,59.5,56.3,2824.3,6355.3,1977.0,847.3,84.73,1.99,3.736,1.7,2.8
srv-0101,2026-09-04,13.7,18.4,16.8,50.4,57.0,54.7,2474.4,5828.3,1732.1,742.3,74.23,3.702,3.381,1.4,1.8
srv-0101,2026-09-05,7.1,9.5,8.7,46.6,56.3,52.9,1317.6,2531.8,922.3,395.3,39.53,2.047,2.697,1.5,1.2
srv-0101,2026-09-06,6.2,8.2,7.5,46.4,49.8,48.6,1300.0,3160.6,910.0,390.0,39.0,1.272,2.397,0.6,1.0
srv-0102,2026-08-08,11.4,14.6,13.5,56.6,65.6,62.4,40.1,94.0,22.1,18.1,2.01,2.609,3.122,1.7,3.0
srv-0102,2026-08-09,10.8,17.8,15.3,56.1,63.4,60.9,31.4,67.9,17.3,14.1,1.57,1.83,2.014,0.7,1.3
srv-0102,2026-08-10,12.0,16.7,15.1,58.4,62.9,61.3,47.0,114.3,25.8,21.1,2.35,2.486,4.442,1.5,1.7
srv-0102,2026-08-11,17.1,22.1,20.4,59.5,65.6,63.5,62.0,157.0,34.1,27.9,3.1,4.779,3.117,2.9,2.7
srv-0102,2026-08-12,17.4,22.6,20.8,59.6,66.1,63.8,74.2,180.3,40.8,33.4,3.71,3.598,5.116,1.6,4.3
srv-0102,2026-08-13,14.7,18.5,17.1,59.6,68.9,65.6,77.8,205.0,42.8,35.0,3.89,4.444,3.453,2.1,2.4
srv-0102,2026-08-14,14.6,20.5,18.5,59.0,68.7,65.3,68.2,160.6,37.5,30.7,3.41,2.775,3.489,2.3,3.4
srv-0102,2026-08-15,10.0,16.2,14.0,55.9,59.1,58.0,35.9,72.4,19.8,16.2,1.8,3.249,2.893,2.3,1.6
srv-0102,2026-08-16,9.3,11.8,10.9,55.5,62.7,60.2,31.5,65.3,17.3,14.2,1.58,2.139,2.929,1.2,2.6
srv-0102,2026-08-17,13.0,19.0,16.9,58.9,63.2,61.7,54.7,153.2,30.1,24.6,2.74,3.888,4.04,1.6,3.1
srv-0102,2026-08-18,14.2,22.3,19.5,59.7,64.6,62.9,70.5,171.7,38.8,31.7,3.52,3.76,5.515,2.2,3.5
srv-0102,2026-08-19,17.7,23.2,21.2,60.1,69.8,66.4,63.3,138.1,34.8,28.5,3.17,5.496,4.902,3.9,3.1
srv-0102,2026-08-20,12.8,20.3,17.7,58.4,61.7,60.5,58.6,111.2,32.2,26.4,2.93,4.318,3.896,3.8,1.6
srv-0102,2026-08-21,18.2,30.4,26.1,60.0,63.8,62.5,69.3,146.1,38.1,31.2,3.47,3.739,5.741,1.9,5.5
srv-0102,2026-08-22,9.5,14.3,12.6,56.1,66.2,62.6,43.4,82.6,23.9,19.5,2.17,3.369,2.528,2.0,1.4
srv-0102,2026-08-23,10.9,29.7,23.1,56.4,65.4,62.2,33.9,129.7,18.7,15.3,1.7,7.437,4.428,6.1,4.1
srv-0102,2026-08-24,13.5,19.3,17.3,59.0,67.5,64.5,76.8,212.7,42.2,34.6,3.84,3.164,3.087,1.5,2.0
srv-0102,2026-08-25,17.1,24.8,22.1,59.5,70.8,66.9,66.6,125.9,36.6,30.0,3.33,5.567,4.915,2.2,4.2
srv-0102,2026-08-26,14.8,21.2,18.9,60.3,65.3,63.6,58.0,157.5,31.9,26.1,2.9,5.59,4.071,3.9,1.7
srv-0102,2026-08-27,15.2,19.7,18.1,60.5,67.6,65.1,76.4,151.3,42.0,34.4,3.82,2.988,3.135,1.2,3.2
srv-0102,2026-08-28,15.2,20.6,18.7,60.4,64.7,63.2,80.0,156.6,44.0,36.0,4.0,4.89,6.249,2.5,4.0
srv-0102,2026-08-29,10.6,13.5,12.5,56.9,65.5,62.5,45.5,125.2,25.0,20.5,2.27,3.876,2.8,2.6,2.0
srv-0102,2026-08-30,9.4,15.2,13.2,55.3,64.5,61.3,28.3,58.5,15.5,12.7,1.41,1.875,2.622,1.4,2.5
srv-0102,2026-08-31,16.3,25.5,22.3,60.2,66.0,64.0,55.7,131.8,30.6,25.1,2.78,3.506,3.052,1.4,2.6
srv-0102,2026-09-01,12.3,17.6,15.8,58.4,63.3,61.6,45.2,124.4,24.9,20.4,2.26,2.991,2.838,2.1,2.9
srv-0102,2026-09-02,14.2,22.6,19.6,58.0,69.6,65.5,58.3,139.5,32.1,26.2,2.92,3.675,3.974,2.3,3.6
srv-0102,2026-09-03,13.4,20.1,17.7,58.2,65.8,63.1,51.9,142.4,28.5,23.3,2.59,2.37,3.739,2.1,2.5
srv-0102,2026-09-04,17.5,26.3,23.2,60.0,64.9,63.2,59.1,119.2,32.5,26.6,2.95,2.996,4.931,2.6,3.8
srv-0102,2026-09-05,10.1,14.4,12.9,56.6,62.0,60.1,56.0,128.5,30.8,25.2,2.8,2.257,2.387,1.3,2.4
srv-0102,2026-09-06,9.6,13.5,12.2,55.7,60.5,58.8,35.2,86.5,19.4,15.9,1.76,1.635,3.142,1.4,1.8
srv-0103,2026-08-08,4.4,6.4,5.7,52.1,59.5,56.9,84.1,215.1,46.3,37.9,4.21,2.883,2.08,1.9,1.9
srv-0103,2026-08-09,4.1,5.2,4.8,51.8,60.3,57.3,78.0,166.2,42.9,35.1,3.9,1.99,1.593,1.0,0.8
srv-0103,2026-08-10,6.3,8.9,8.0,54.1,60.1,58.0,91.1,211.4,50.1,41.0,4.55,4.354,3.505,4.0,2.6
srv-0103,2026-08-11,7.0,11.7,10.1,55.5,59.6,58.1,152.8,320.0,84.0,68.8,7.64,4.383,2.455,3.8,2.5
srv-0103,2026-08-12,5.5,14.7,11.5,53.7,60.3,58.0,82.6,363.1,45.5,37.2,4.13,6.873,5.124,2.6,1.9
srv-0103,2026-08-13,6.1,9.9,8.6,54.8,57.6,56.6,102.2,204.1,56.2,46.0,5.11,4.273,3.921,3.1,2.9
srv-0103,2026-08-14,7.6,12.1,10.5,55.9,62.3,60.1,155.6,429.9,85.6,70.0,7.78,5.301,4.02,3.2,2.9
srv-0103,2026-08-15,3.8,4.8,4.4,51.4,55.1,53.8,75.7,180.9,41.6,34.1,3.78,1.994,2.013,1.0,1.8
srv-0103,2026-08-16,4.3,7.2,6.2,52.6,62.7,59.2,89.3,226.6,49.1,40.2,4.47,3.119,2.122,1.2,2.1
srv-0103,2026-08-17,6.8,10.3,9.0,55.0,65.4,61.8,142.8,287.9,78.5,64.3,7.14,4.453,2.824,2.9,2.7
srv-0103,2026-08-18,6.3,10.4,9.0,55.6,67.0,63.0,141.4,360.1,77.8,63.6,7.07,2.955,3.653,1.9,3.5
srv-0103,2026-08-19,6.5,9.6,8.5,55.8,63.1,60.5,103.5,226.4,56.9,46.6,5.17,4.951,4.043,4.4,2.2
srv-0103,2026-08-20,7.0,10.8,9.5,55.5,64.4,61.3,151.0,339.2,83.0,67.9,7.55,2.88,2.071,1.3,2.1
srv-0103,2026-08-21,6.9,18.9,14.7,55.3,63.1,60.3,149.5,777.8,82.2,67.3,7.48,9.23,5.398,5.1,4.9
srv-0103,2026-08-22,4.1,6.7,5.8,52.1,55.7,54.5,62.5,162.4,34.4,28.1,3.13,3.523,2.598,2.9,2.0
srv-0103,2026-08-23,3.1,3.9,3.6,51.4,61.1,57.7,81.5,227.0,44.8,36.7,4.07,1.83,2.283,1.2,1.0
srv-0103,2026-08-24,5.0,6.4,5.9,54.0,59.3,57.4,77.9,191.7,42.8,35.0,3.89,4.907,1.64,3.2,1.5
srv-0103,2026-08-25,5.2,7.8,6.9,53.8,63.9,60.4,108.3,219.4,59.6,48.7,5.41,2.991,2.911,1.9,2.6
srv-0103,2026-08-26,7.2,10.6,9.4,55.1,61.7,59.4,107.8,300.8,59.3,48.5,5.39,4.134,2.676,3.5,2.6
srv-0103,2026-08-27,6.1,8.3,7.5,55.3,59.9,58.3,140.5,391.1,77.3,63.2,7.03,3.517,2.432,1.3,1.3
srv-0103,2026-08-28,6.4,10.1,8.8,54.2,58.5,57.0,99.9,204.2,54.9,44.9,4.99,3.98,2.292,3.4,2.2
srv-0103,2026-08-29,3.4,5.1,4.5,51.3,56.8,54.9,72.1,150.5,39.7,32.5,3.61,1.736,1.086,0.9,0.7
srv-0103,2026-08-30,4.2,5.2,4.9,51.9,61.3,58.0,68.8,187.1,37.8,31.0,3.44,1.724,2.393,1.0,2.4
srv-0103,2026-08-31,5.6,9.0,7.8,55.0,62.5,59.9,130.0,306.5,71.5,58.5,6.5,3.383,2.464,1.3,2.1
srv-0103,2026-09-01,5.9,9.2,8.1,54.8,59.8,58.0,134.9,332.7,74.2,60.7,6.74,5.265,3.57,2.1,2.9
srv-0103,2026-09-02,6.0,19.1,14.5,54.2,63.5,60.2,102.7,417.4,56.5,46.2,5.14,10.025,5.062,5.9,3.9
srv-0103,2026-09-03,5.8,14.6,11.5,54.2,64.6,61.0,104.1,382.7,57.3,46.8,5.2,6.533,6.361,5.8,3.9
srv-0103,2026-09-04,6.5,9.4,8.4,54.9,64.5,61.2,97.8,208.2,53.8,44.0,4.89,2.788,2.222,1.9,1.3
srv-0103,2026-09-05,4.2,5.9,5.3,52.0,59.3,56.7,86.9,195.7,47.8,39.1,4.35,3.22,1.52,1.5,0.9
srv-0103,2026-09-06,3.9,6.6,5.7,52.2,55.1,54.1,76.1,169.6,41.9,34.3,3.81,2.475,1.713,2.1,1.3
srv-0104,2026-08-08,26.2,33.7,31.0,31.1,35.2,33.8,790.5,1708.1,434.8,355.7,39.53,3.375,2.927,1.9,1.3
srv-0104,2026-08-09,21.0,28.1,25.6,30.8,32.4,31.8,829.8,1843.9,456.4,373.4,41.49,2.691,2.73,1.2,2.7
srv-0104,2026-08-10,43.6,69.2,60.2,33.0,38.9,36.8,1345.6,3119.9,740.1,605.5,67.28,7.112,2.979,2.7,3.0
srv-0104,2026-08-11,42.5,66.1,57.8,33.2,36.7,35.5,1238.0,2400.2,680.9,557.1,61.9,6.457,4.076,4.2,3.9
srv-0104,2026-08-12,37.5,59.7,51.9,32.4,36.0,34.8,1268.1,2309.4,697.5,570.6,63.41,6.224,3.21,3.3,1.2
srv-0104,2026-08-13,33.0,53.8,46.5,32.0,37.4,35.5,1034.5,2544.3,569.0,465.5,51.72,5.165,3.637,2.1,1.5
srv-0104,2026-08-14,40.9,65.0,56.6,32.7,34.9,34.1,1334.0,2950.4,733.7,600.3,66.7,4.421,4.326,3.7,1.8
srv-0104,2026-08-15,23.3,30.1,27.7,31.1,32.8,32.2,744.6,1410.1,409.5,335.1,37.23,2.399,2.32,1.5,1.9
srv-0104,2026-08-16,21.3,30.6,27.3,30.6,34.6,33.2,763.5,1754.4,419.9,343.6,38.17,3.556,2.284,3.0,1.8
srv-0104,2026-08-17,37.4,49.8,45.5,32.8,38.7,36.6,1268.2,2958.9,697.5,570.7,63.41,6.237,4.617,5.0,1.8
srv-0104,2026-08-18,33.7,53.5,46.6,32.5,37.7,35.9,951.8,1803.8,523.5,428.3,47.59,3.31,2.218,2.0,1.8
srv-0104,2026-08-19,37.3,51.9,46.8,32.6,39.3,37.0,975.4,2573.0,536.4,438.9,48.77,3.976,3.193,3.1,2.2
srv-0104,2026-08-20,43.1,58.8,53.3,33.3,40.0,37.7,1540.8,3718.8,847.5,693.4,77.04,3.616,4.556,1.7,2.0
srv-0104,2026-08-21,45.8,70.2,61.7,33.2,35.0,34.4,1405.2,2809.1,772.9,632.4,70.26,4.311,3.318,1.9,1.7
srv-0104,2026-08-22,23.7,32.2,29.2,30.9,36.9,34.8,866.6,2168.2,476.6,390.0,43.33,1.993,2.151,1.7,1.4
srv-0104,2026-08-23,22.0,32.5,28.8,30.7,34.6,33.2,583.6,1461.9,321.0,262.6,29.18,2.182,1.772,1.9,1.6
srv-0104,2026-08-24,41.2,68.5,59.0,32.8,38.6,36.6,1236.8,2492.5,680.2,556.5,61.84,4.087,2.204,3.0,1.1
srv-0104,2026-08-25,40.4,68.4,58.6,32.7,39.6,37.2,1212.5,2832.0,666.9,545.6,60.62,3.596,2.756,2.3,2.7
srv-0104,2026-08-26,35.8,46.3,42.6,32.7,39.7,37.2,1384.9,3299.0,761.7,623.2,69.24,3.516,3.097,1.4,2.1
srv-0104,2026-08-27,45.0,66.4,58.9,33.2,37.8,36.2,1111.2,2289.7,611.1,500.0,55.56,3.919,2.614,2.6,1.5
srv-0104,2026-08-28,38.6,53.8,48.5,32.5,37.2,35.6,1103.8,2271.2,607.1,496.7,55.19,6.233,3.998,2.4,2.0
srv-0104,2026-08-29,25.6,42.7,36.7,30.9,33.9,32.9,691.5,1911.5,380.3,311.2,34.58,3.005,1.428,1.5,0.9
srv-0104,2026-08-30,25.0,40.7,35.2,30.8,35.6,33.9,621.4,1276.2,341.8,279.6,31.07,3.881,1.376,3.4,0.8
srv-0104,2026-08-31,37.0,54.2,48.2,32.4,34.2,33.5,1253.5,2518.1,689.4,564.1,62.67,4.719,3.672,2.9,3.2
srv-0104,2026-09-01,28.7,37.4,34.4,32.1,37.0,35.3,1230.4,3206.2,676.7,553.7,61.52,4.246,2.471,3.3,1.4
srv-0104,2026-09-02,47.9,79.6,68.5,33.4,37.3,35.9,1632.3,3485.5,897.8,734.5,81.61,4.446,4.177,3.4,3.0
srv-0104,2026-09-03,36.9,99,77.3,33.2,39.6,37.3,1158.5,5627.7,637.2,521.3,57.92,13.742,5.05,5.9,2.2
srv-0104,2026-09-04,28.1,45.2,39.2,32.0,38.3,36.1,1099.9,2232.4,604.9,494.9,54.99,4.237,3.127,3.7,2.4
srv-0104,2026-09-05,26.3,36.1,32.7,31.0,33.4,32.6,653.2,1691.5,359.2,293.9,32.66,3.83,2.695,2.5,2.2
srv-0104,2026-09-06,24.6,41.1,35.4,30.8,35.9,34.1,848.2,2021.4,466.5,381.7,42.41,4.001,1.69,3.2,1.7
srv-0105,2026-08-08,3.9,6.1,5.3,57.6,65.2,62.6,1018.2,2028.2,712.7,305.5,30.55,2.242,1.491,1.5,1.2
srv-0105,2026-08-09,4.5,6.8,6.0,58.8,71.6,67.1,1141.9,2413.1,799.3,342.6,34.26,1.792,1.188,0.9,0.8
srv-0105,2026-08-10,7.3,10.7,9.5,62.4,66.9,65.3,2349.3,4418.9,1644.5,704.8,70.48,2.99,1.864,2.7,1.4
srv-0105,2026-08-11,5.1,7.0,6.3,60.5,65.6,63.8,2260.5,5402.2,1582.3,678.1,67.81,3.447,2.448,2.8,2.0
srv-0105,2026-08-12,6.4,9.1,8.1,61.7,71.2,67.9,1843.1,4139.7,1290.2,552.9,55.29,2.757,2.936,1.8,1.5
srv-0105,2026-08-13,7.5,9.9,9.1,62.2,70.6,67.7,2067.4,5005.3,1447.2,620.2,62.02,4.084,2.111,1.6,2.1
srv-0105,2026-08-14,6.3,8.0,7.4,62.0,68.3,66.1,2005.6,4761.1,1403.9,601.7,60.17,3.646,2.99,2.4,2.1
srv-0105,2026-08-15,4.6,7.7,6.6,58.4,64.2,62.2,1444.1,3741.2,1010.9,433.2,43.32,2.448,1.56,1.4,0.8
srv-0105,2026-08-16,4.5,6.1,5.5,58.6,63.3,61.6,1711.1,3213.9,1197.8,513.3,51.33,1.86,1.075,1.1,0.6
srv-0105,2026-08-17,5.1,7.5,6.7,61.0,65.2,63.8,1813.2,3785.5,1269.2,544.0,54.4,2.363,2.084,1.1,1.1
srv-0105,2026-08-18,6.7,15.0,12.1,61.4,68.6,66.1,2341.9,8382.2,1639.3,702.6,70.26,5.191,4.115,2.2,2.3
srv-0105,2026-08-19,5.3,7.6,6.8,60.8,71.6,67.8,2202.0,4430.7,1541.4,660.6,66.06,2.899,2.067,2.2,1.6
srv-0105,2026-08-20,6.9,10.0,8.9,61.9,75.1,70.5,2006.5,4988.7,1404.5,601.9,60.19,2.947,2.336,2.0,1.9
srv-0105,2026-08-21,6.4,9.4,8.4,62.7,74.2,70.2,2580.9,5799.9,1806.7,774.3,77.43,4.008,2.247,3.4,1.8
srv-0105,2026-08-22,3.1,7.1,5.7,57.6,64.7,62.2,1323.6,4454.6,926.5,397.1,39.71,2.37,1.361,1.4,1.1
srv-0105,2026-08-23,3.7,4.7,4.3,57.5,64.6,62.1,1215.2,2203.9,850.6,364.6,36.46,2.107,1.494,1.8,0.8
srv-0105,2026-08-24,6.3,8.1,7.5,61.3,69.8,66.8,2351.3,6256.6,1645.9,705.4,70.54,3.205,1.898,1.8,0.9
srv-0105,2026-08-25,6.1,8.2,7.5,61.1,64.4,63.3,2333.0,6060.2,1633.1,699.9,69.99,2.872,2.685,1.8,2.2
srv-0105,2026-08-26,6.4,10.4,9.0,61.9,73.1,69.2,2495.2,5935.9,1746.7,748.6,74.86,3.394,2.467,1.4,1.9
srv-0105,2026-08-27,5.3,9.0,7.7,61.0,72.0,68.2,1792.0,4495.1,1254.4,537.6,53.76,3.589,1.833,2.0,1.2
srv-0105,2026-08-28,7.0,10.7,9.4,62.2,71.4,68.2,2683.3,5587.0,1878.3,805.0,80.5,3.158,2.027,2.2,1.9
srv-0105,2026-08-29,4.0,5.0,4.6,58.2,61.5,60.4,1364.0,3388.2,954.8,409.2,40.92,1.326,1.722,0.9,1.0
srv-0105,2026-08-30,3.4,5.2,4.6,58.0,69.7,65.6,1059.6,2094.7,741.7,317.9,31.79,1.772,1.438,1.1,1.2
srv-0105,2026-08-31,5.8,9.3,8.1,60.3,67.9,65.2,2066.3,5633.5,1446.4,619.9,61.99,2.233,2.454,1.1,1.9
srv-0105,2026-09-01,5.3,8.7,7.5,60.5,70.3,66.9,1745.4,4269.3,1221.8,523.6,52.36,2.478,1.766,1.7,1.8
srv-0105,2026-09-02,5.8,8.9,7.8,61.7,71.9,68.3,1891.2,3831.4,1323.8,567.3,56.73,2.707,2.342,2.5,1.5
srv-0105,2026-09-03,6.0,7.7,7.1,61.4,65.7,64.2,2010.4,4960.7,1407.3,603.1,60.31,2.23,2.528,1.3,1.4
srv-0105,2026-09-04,5.2,7.7,6.8,60.4,71.7,67.7,1724.3,3385.3,1207.0,517.3,51.73,2.681,2.593,2.2,1.1
srv-0105,2026-09-05,4.5,7.6,6.5,58.4,62.6,61.1,1143.3,2367.5,800.3,343.0,34.3,1.252,1.853,1.0,1.7
srv-0105,2026-09-06,3.8,5.6,5.0,58.1,70.4,66.1,1277.4,2744.7,894.2,383.2,38.32,1.685,1.128,0.7,0.6
srv-0107,2026-08-08,20.7,34.4,29.6,63.8,75.4,71.3,60.6,124.2,33.4,27.3,3.03,3.062,2.801,1.7,1.1
srv-0107,2026-08-09,25.0,36.7,32.6,65.1,73.4,70.5,79.1,178.0,43.5,35.6,3.95,2.199,3.965,1.3,2.5
srv-0107,2026-08-10,43.9,56.0,51.8,67.8,82.3,77.2,110.0,222.0,60.5,49.5,5.5,3.32,2.88,1.5,1.6
srv-0107,2026-08-11,39.6,52.6,48.1,67.2,80.4,75.8,85.9,158.8,47.3,38.7,4.3,4.464,5.199,4.0,2.2
srv-0107,2026-08-12,47.6,72.4,63.7,68.7,74.2,72.3,111.4,227.5,61.3,50.1,5.57,4.929,5.177,3.5,2.6
srv-0107,2026-08-13,41.0,61.5,54.3,67.5,77.8,74.2,79.2,186.3,43.6,35.6,3.96,2.714,4.64,2.0,4.0
srv-0107,2026-08-14,37.4,62.0,53.4,68.1,72.3,70.8,104.1,276.8,57.2,46.8,5.2,3.501,3.379,2.0,1.4
srv-0107,2026-08-15,28.4,44.9,39.1,65.0,68.9,67.5,67.0,163.7,36.9,30.2,3.35,1.91,3.918,1.7,2.5
srv-0107,2026-08-16,27.5,45.3,39.0,65.5,72.9,70.3,67.6,140.4,37.2,30.4,3.38,3.604,3.133,2.5,1.4
srv-0107,2026-08-17,45.6,99,80.3,69.1,82.4,77.7,143.7,607.8,79.0,64.7,7.18,10.352,7.307,8.4,5.7
srv-0107,2026-08-18,45.1,71.6,62.3,69.2,82.6,77.9,144.0,346.5,79.2,64.8,7.2,3.977,3.709,3.4,3.0
srv-0107,2026-08-19,46.0,74.6,64.6,69.6,79.0,75.7,104.9,209.7,57.7,47.2,5.24,5.4,6.439,4.1,4.2
srv-0107,2026-08-20,50.9,80.1,69.9,69.1,74.1,72.3,105.7,254.7,58.1,47.6,5.29,4.911,3.332,3.5,2.6
srv-0107,2026-08-21,51.1,77.3,68.1,69.5,80.0,76.3,145.4,389.1,80.0,65.4,7.27,4.237,3.874,1.8,2.4
srv-0107,2026-08-22,21.1,28.1,25.7,64.0,67.2,66.0,51.5,144.1,28.3,23.2,2.58,2.349,2.86,1.5,1.3
srv-0107,2026-08-23,25.8,37.9,33.7,63.8,73.7,70.3,70.7,141.4,38.9,31.8,3.54,1.606,1.514,1.0,1.4
srv-0107,2026-08-24,40.2,66.0,57.0,67.4,75.7,72.8,91.8,248.1,50.5,41.3,4.59,3.207,5.411,1.4,5.5
srv-0107,2026-08-25,38.2,61.2,53.1,67.6,75.7,72.9,101.8,224.0,56.0,45.8,5.09,4.96,4.517,3.4,4.0
srv-0107,2026-08-26,43.2,70.4,60.9,67.8,72.1,70.6,117.8,308.1,64.8,53.0,5.89,2.971,5.55,1.4,3.4
srv-0107,2026-08-27,41.2,99,78.8,69.3,77.5,74.6,93.6,519.7,51.5,42.1,4.68,11.333,11.724,9.1,6.7
srv-0107,2026-08-28,35.6,50.6,45.4,67.3,72.6,70.8,110.7,224.6,60.9,49.8,5.54,4.99,2.453,2.6,2.1
srv-0107,2026-08-29,22.8,36.0,31.4,63.6,67.6,66.2,65.8,142.1,36.2,29.6,3.29,3.031,2.221,1.6,1.5
srv-0107,2026-08-30,32.0,41.2,38.0,65.0,77.5,73.1,56.7,108.5,31.2,25.5,2.83,3.26,3.747,2.8,2.9
srv-0107,2026-08-31,38.0,61.2,53.1,67.4,76.4,73.3,116.3,229.6,64.0,52.3,5.81,3.615,3.42,2.5,3.1
srv-0107,2026-09-01,38.6,62.5,54.1,68.1,80.1,75.9,90.4,248.8,49.7,40.7,4.52,4.059,2.663,2.5,1.9
srv-0107,2026-09-02,44.5,61.6,55.6,69.4,78.3,75.2,106.8,202.7,58.8,48.1,5.34,5.042,6.03,3.2,3.3
srv-0107,2026-09-03,49.6,73.5,65.1,69.2,76.0,73.6,116.2,213.4,63.9,52.3,5.81,4.653,5.387,4.2,5.4
srv-0107,2026-09-04,36.6,55.5,48.9,67.6,78.7,74.8,113.0,282.7,62.2,50.9,5.65,4.243,2.535,1.6,1.4
srv-0107,2026-09-05,30.9,89.7,69.2,65.3,75.0,71.6,76.8,375.3,42.3,34.6,3.84,5.619,5.014,4.5,2.2
srv-0107,2026-09-06,28.2,38.8,35.1,65.3,73.5,70.6,85.9,179.5,47.3,38.7,4.3,2.47,2.941,2.0,1.1
srv-0108,2026-08-08,8.4,14.0,12.0,53.2,56.3,55.2,145.5,393.2,80.0,65.5,7.27,2.058,2.793,1.7,2.1
srv-0108,2026-08-09,10.8,15.1,13.6,53.5,61.0,58.3,145.1,370.8,79.8,65.3,7.26,2.261,2.291,1.2,2.3
srv-0108,2026-08-10,14.1,20.4,18.2,56.1,64.9,61.8,210.4,386.7,115.7,94.7,10.52,3.471,2.739,1.4,2.7
srv-0108,2026-08-11,17.3,28.0,24.3,56.8,67.2,63.6,222.5,576.9,122.4,100.1,11.12,5.421,4.706,4.1,3.9
srv-0108,2026-08-12,14.5,19.1,17.5,56.0,62.9,60.5,230.8,563.2,127.0,103.9,11.54,2.668,4.183,1.6,2.5
srv-0108,2026-08-13,18.2,27.8,24.5,56.9,64.0,61.5,246.8,520.6,135.7,111.0,12.34,3.857,4.027,3.1,3.6
srv-0108,2026-08-14,16.6,25.3,22.2,57.0,67.4,63.7,251.0,675.2,138.0,112.9,12.55,5.127,5.049,3.5,2.9
srv-0108,2026-08-15,9.8,30.7,23.4,53.4,59.3,57.2,127.1,656.6,69.9,57.2,6.35,5.401,5.822,2.6,3.5
srv-0108,2026-08-16,11.8,16.9,15.1,53.7,57.9,56.4,106.8,199.5,58.8,48.1,5.34,1.842,2.344,1.0,1.1
srv-0108,2026-08-17,15.7,22.3,20.0,56.0,61.2,59.4,189.7,404.8,104.3,85.4,9.48,4.138,3.63,3.2,3.2
srv-0108,2026-08-18,17.9,45.2,35.7,57.3,66.4,63.2,251.2,922.1,138.2,113.0,12.56,10.244,7.479,7.7,7.0
srv-0108,2026-08-19,20.4,31.1,27.4,57.3,68.2,64.4,256.5,645.8,141.1,115.4,12.82,3.23,4.597,2.0,2.1
srv-0108,2026-08-20,17.2,26.6,23.3,55.8,59.3,58.1,177.4,366.0,97.6,79.8,8.87,4.748,3.524,2.1,1.9
srv-0108,2026-08-21,14.5,19.5,17.7,55.7,58.9,57.8,164.9,437.0,90.7,74.2,8.24,3.741,3.709,2.4,2.5
srv-0108,2026-08-22,11.1,15.4,13.9,54.6,66.1,62.1,179.0,459.2,98.5,80.6,8.95,3.524,2.19,2.2,2.0
srv-0108,2026-08-23,10.6,16.7,14.6,53.4,58.6,56.8,156.6,371.8,86.1,70.5,7.83,2.769,1.656,2.4,1.3
srv-0108,2026-08-24,18.1,28.2,24.7,56.5,63.8,61.3,173.7,379.6,95.5,78.2,8.68,3.465,2.787,2.7,2.5
srv-0108,2026-08-25,16.8,21.3,19.8,56.2,62.2,60.1,176.4,461.2,97.0,79.4,8.82,2.991,3.877,2.3,3.3
srv-0108,2026-08-26,19.4,26.1,23.7,57.2,65.2,62.4,263.4,664.2,144.9,118.5,13.17,4.141,3.351,3.3,3.0
srv-0108,2026-08-27,15.1,25.7,22.0,56.5,62.7,60.5,247.6,494.0,136.2,111.4,12.38,3.231,4.734,2.0,2.7
srv-0108,2026-08-28,18.0,27.9,24.4,57.4,63.8,61.6,249.1,633.2,137.0,112.1,12.46,3.249,4.081,1.9,2.2
srv-0108,2026-08-29,14.1,22.8,19.7,54.5,64.1,60.7,175.8,395.3,96.7,79.1,8.79,3.872,3.027,1.8,1.1
srv-0108,2026-08-30,10.4,28.1,21.9,54.0,62.5,59.5,139.6,592.1,76.8,62.8,6.98,5.167,5.453,2.6,2.8
srv-0108,2026-08-31,16.6,21.8,20.0,57.7,67.6,64.1,197.1,419.2,108.4,88.7,9.85,4.377,4.23,3.1,2.0
srv-0108,2026-09-01,18.6,24.8,22.6,57.5,70.0,65.6,261.0,711.9,143.5,117.4,13.05,5.721,2.59,4.9,1.2
srv-0108,2026-09-02,15.6,23.5,20.7,56.3,61.2,59.5,243.0,467.6,133.7,109.4,12.15,4.441,3.172,2.6,1.9
srv-0108,2026-09-03,16.9,25.7,22.6,55.7,59.4,58.1,169.4,331.8,93.2,76.2,8.47,4.166,2.656,2.1,2.2
srv-0108,2026-09-04,21.3,33.5,29.2,57.9,65.2,62.7,226.6,545.0,124.6,102.0,11.33,3.782,5.248,3.1,2.0
srv-0108,2026-09-05,11.0,18.5,15.9,53.4,56.9,55.7,125.2,297.8,68.9,56.4,6.26,2.616,2.317,1.9,1.5
srv-0108,2026-09-06,11.3,14.3,13.2,54.6,58.0,56.8,141.2,295.9,77.7,63.6,7.06,2.395,3.027,2.0,2.4
srv-0109,2026-08-08,25.6,40.6,35.4,28.2,30.0,29.4,214.1,467.6,117.8,96.3,10.7,2.899,2.392,1.6,1.4
srv-0109,2026-08-09,24.9,42.2,36.1,28.1,33.3,31.5,154.3,304.0,84.9,69.4,7.72,1.843,2.809,1.7,2.7
srv-0109,2026-08-10,42.7,58.0,52.7,30.1,33.3,32.2,385.8,787.2,212.2,173.6,19.29,3.675,3.729,1.8,3.5
srv-0109,2026-08-11,48.1,62.3,57.3,30.3,34.0,32.7,415.0,1106.5,228.3,186.8,20.75,3.718,3.825,3.1,2.2
srv-0109,2026-08-12,52.7,82.9,72.3,30.2,35.2,33.5,350.4,954.4,192.7,157.7,17.52,4.069,4.077,2.9,2.5
srv-0109,2026-08-13,53.0,68.0,62.8,30.3,36.2,34.1,420.9,995.5,231.5,189.4,21.04,3.956,3.777,1.7,3.2
srv-0109,2026-08-14,41.2,51.7,48.0,29.4,31.8,31.0,278.0,761.7,152.9,125.1,13.9,3.222,2.937,1.4,1.8
srv-0109,2026-08-15,33.2,51.0,44.8,28.6,34.4,32.4,212.2,442.4,116.7,95.5,10.61,2.432,2.731,1.2,2.6
srv-0109,2026-08-16,27.8,38.8,35.0,28.4,31.2,30.3,251.6,569.2,138.4,113.2,12.58,2.697,4.025,2.0,3.0
srv-0109,2026-08-17,45.4,70.4,61.7,30.1,34.3,32.8,400.2,1032.7,220.1,180.1,20.01,3.097,2.95,2.3,2.0
srv-0109,2026-08-18,49.9,63.3,58.6,30.3,31.9,31.3,389.3,951.3,214.1,175.2,19.47,4.578,3.139,2.8,1.5
srv-0109,2026-08-19,47.9,73.4,64.4,30.0,36.1,34.0,382.8,1000.4,210.6,172.3,19.14,2.753,4.591,2.4,3.5
srv-0109,2026-08-20,45.0,58.8,53.9,29.6,32.9,31.7,288.9,741.5,158.9,130.0,14.45,2.906,5.005,1.7,2.5
srv-0109,2026-08-21,32.3,90.0,69.8,29.2,32.4,31.3,203.8,849.3,112.1,91.7,10.19,3.862,5.121,3.5,2.5
srv-0109,2026-08-22,28.3,45.1,39.3,28.1,29.8,29.2,159.6,366.2,87.8,71.8,7.98,2.132,1.958,1.7,1.3
srv-0109,2026-08-23,28.5,44.6,38.9,28.0,31.1,30.0,187.1,356.0,102.9,84.2,9.35,1.661,3.121,1.2,1.2
srv-0109,2026-08-24,45.2,63.7,57.2,29.9,33.6,32.3,352.8,715.8,194.1,158.8,17.64,4.062,3.583,2.2,2.1
srv-0109,2026-08-25,33.5,42.9,39.6,29.1,35.2,33.1,294.1,799.6,161.8,132.3,14.71,2.564,3.28,1.3,3.0
srv-0109,2026-08-26,39.5,55.2,49.7,29.6,31.3,30.7,301.3,810.9,165.7,135.6,15.06,2.986,5.414,1.2,3.9
srv-0109,2026-08-27,34.8,47.1,42.8,29.1,30.6,30.1,290.4,571.9,159.7,130.7,14.52,3.493,2.612,2.3,1.7
srv-0109,2026-08-28,40.7,99,78.6,29.9,31.7,31.1,384.4,1850.1,211.4,173.0,19.22,9.293,11.032,7.4,4.3
srv-0109,2026-08-29,31.4,52.1,44.9,28.4,32.9,31.3,202.8,456.2,111.6,91.3,10.14,3.164,3.239,2.4,2.0
srv-0109,2026-08-30,25.4,32.7,30.1,28.2,32.6,31.1,174.1,348.5,95.8,78.4,8.71,2.821,3.492,1.7,3.5
srv-0109,2026-08-31,40.5,99,78.5,29.8,35.3,33.3,293.4,1335.3,161.3,132.0,14.67,5.354,8.346,3.2,4.6
srv-0109,2026-09-01,35.3,46.8,42.7,29.1,34.7,32.8,207.8,419.2,114.3,93.5,10.39,2.115,2.72,1.2,1.9
srv-0109,2026-09-02,42.6,59.5,53.6,29.2,34.2,32.5,294.2,787.3,161.8,132.4,14.71,4.044,2.481,1.9,1.8
srv-0109,2026-09-03,40.6,65.4,56.8,29.5,31.3,30.6,265.3,652.9,145.9,119.4,13.26,3.628,3.187,2.8,1.5
srv-0109,2026-09-04,39.4,53.6,48.6,29.2,31.9,31.0,210.3,526.6,115.7,94.6,10.52,2.531,4.671,2.0,4.1
srv-0109,2026-09-05,24.1,31.0,28.6,28.0,30.8,29.8,204.3,412.7,112.4,91.9,10.22,2.727,2.809,1.8,1.5
srv-0109,2026-09-06,30.9,51.4,44.2,28.2,30.0,29.4,158.6,370.0,87.2,71.4,7.93,1.65,2.683,0.8,2.7
srv-0110,2026-08-08,12.8,21.7,18.6,56.9,67.8,64.0,918.5,2339.1,643.0,275.6,27.56,2.174,0.739,1.2,0.4
srv-0110,2026-08-09,10.8,13.7,12.7,56.1,67.8,63.7,988.6,2544.2,692.0,296.6,29.66,1.793,1.217,1.0,0.7
srv-0110,2026-08-10,19.0,26.0,23.6,59.7,63.0,61.9,1493.7,2794.8,1045.6,448.1,44.81,1.884,1.09,1.5,1.1
srv-0110,2026-08-11,18.2,24.4,22.2,60.9,67.9,65.4,1732.6,4767.6,1212.8,519.8,51.98,2.863,1.611,2.2,1.2
srv-0110,2026-08-12,14.8,18.8,17.4,59.6,71.0,67.0,1868.0,3370.9,1307.6,560.4,56.04,3.477,1.09,2.6,0.4
srv-0110,2026-08-13,14.4,21.0,18.7,58.9,64.5,62.5,1407.7,3441.6,985.4,422.3,42.23,2.672,1.198,1.8,0.5
srv-0110,2026-08-14,15.3,23.6,20.7,59.0,66.8,64.1,1383.3,3442.7,968.3,415.0,41.5,1.637,1.738,0.9,1.0
srv-0110,2026-08-15,13.4,18.9,16.9,57.4,66.9,63.6,1031.3,1913.7,721.9,309.4,30.94,1.234,1.143,0.7,0.8
srv-0110,2026-08-16,11.1,16.3,14.5,57.2,60.5,59.4,1028.2,2684.6,719.8,308.5,30.85,1.45,1.425,1.2,0.8
srv-0110,2026-08-17,16.2,20.6,19.0,60.2,71.1,67.3,1554.5,3671.0,1088.1,466.3,46.63,2.262,1.689,1.2,1.0
srv-0110,2026-08-18,17.4,28.9,24.9,59.2,64.0,62.3,1626.3,3996.7,1138.4,487.9,48.79,2.406,1.933,1.0,1.6
srv-0110,2026-08-19,15.5,21.3,19.3,58.5,66.4,63.6,1382.0,2759.6,967.4,414.6,41.46,2.824,0.846,1.7,0.6
srv-0110,2026-08-20,17.7,24.0,21.8,60.5,63.9,62.7,1275.9,2412.0,893.1,382.8,38.28,3.265,1.82,1.4,0.7
srv-0110,2026-08-21,19.1,27.9,24.8,60.9,71.1,67.5,1756.7,3353.3,1229.7,527.0,52.7,2.607,1.652,2.3,1.5
srv-0110,2026-08-22,13.7,22.3,19.3,57.2,61.9,60.2,1066.2,2674.9,746.4,319.9,31.99,2.416,0.732,2.2,0.7
srv-0110,2026-08-23,10.6,16.0,14.1,56.2,60.0,58.7,730.3,1832.6,511.2,219.1,21.91,1.499,0.843,0.8,0.7
srv-0110,2026-08-24,15.6,23.4,20.7,59.0,65.9,63.5,1401.2,3908.7,980.9,420.4,42.04,2.525,1.588,1.1,0.7
srv-0110,2026-08-25,16.0,25.5,22.2,59.8,65.2,63.3,1709.8,4129.7,1196.9,512.9,51.29,3.066,2.053,1.8,0.9
srv-0110,2026-08-26,18.1,29.1,25.3,59.7,63.8,62.4,1273.1,2715.3,891.1,381.9,38.19,2.737,1.182,1.2,0.7
srv-0110,2026-08-27,14.3,22.4,19.5,59.3,62.7,61.5,1295.3,2419.2,906.7,388.6,38.86,2.781,1.577,1.4,1.0
srv-0110,2026-08-28,14.5,21.0,18.7,59.5,65.4,63.4,1713.2,4105.2,1199.3,514.0,51.4,1.647,1.116,0.7,0.8
srv-0110,2026-08-29,10.3,13.7,12.5,56.6,67.2,63.5,1144.3,2852.7,801.0,343.3,34.33,1.305,0.851,0.7,0.3
srv-0110,2026-08-30,9.9,13.1,12.0,56.0,62.5,60.2,785.4,1882.1,549.8,235.6,23.56,1.502,0.872,0.7,0.6
srv-0110,2026-08-31,14.1,21.3,18.8,59.2,64.7,62.8,1389.3,3755.3,972.5,416.8,41.68,1.647,1.799,1.4,1.6
srv-0110,2026-09-01,17.8,26.8,23.7,61.0,66.9,64.8,1719.8,3182.7,1203.9,515.9,51.59,2.323,1.368,1.5,1.1
srv-0110,2026-09-02,18.9,31.4,27.0,60.0,72.5,68.1,1395.1,3341.7,976.6,418.5,41.85,2.041,1.391,1.4,1.1
srv-0110,2026-09-03,15.6,22.6,20.2,59.5,63.2,61.9,1497.5,3060.4,1048.2,449.2,44.92,2.554,1.414,1.0,1.2
srv-0110,2026-09-04,18.9,46.6,36.9,60.8,70.4,67.1,1364.3,6174.8,955.0,409.3,40.93,5.295,1.851,2.6,1.4
srv-0110,2026-09-05,8.9,11.6,10.7,55.8,62.7,60.3,992.8,2441.5,694.9,297.8,29.78,1.454,1.027,0.9,0.9
srv-0110,2026-09-06,11.2,16.3,14.5,56.6,64.2,61.5,1183.4,2770.2,828.4,355.0,35.5,2.155,0.712,1.2,0.5
srv-0111,2026-08-08,20.8,45.8,37.1,66.1,73.8,71.1,1548.3,7050.0,1083.8,464.5,46.45,1.96,3.949,1.5,2.1
srv-0111,2026-08-09,20.5,34.5,29.6,66.2,71.3,69.5,1584.4,4152.9,1109.1,475.3,47.53,1.195,1.867,1.0,1.3
srv-0111,2026-08-10,24.4,37.6,33.0,67.7,74.6,72.2,1263.0,3136.3,884.1,378.9,37.89,2.63,2.702,1.2,1.0
srv-0111,2026-08-11,33.9,44.7,40.9,70.4,85.0,79.9,2137.6,5727.7,1496.3,641.3,64.13,1.958,2.427,1.6,2.0
srv-0111,2026-08-12,27.8,45.4,39.3,68.5,81.0,76.6,1323.0,2584.2,926.1,396.9,39.69,2.513,1.665,1.6,1.3
srv-0111,2026-08-13,33.2,54.9,47.3,70.2,76.8,74.5,2442.4,6143.3,1709.7,732.7,73.27,2.337,2.276,1.9,2.3
srv-0111,2026-08-14,24.1,35.2,31.3,67.4,75.3,72.6,1856.9,3600.4,1299.8,557.1,55.71,1.904,1.654,1.1,1.1
srv-0111,2026-08-15,19.8,25.1,23.3,65.5,74.7,71.5,1045.0,2664.1,731.5,313.5,31.35,1.503,1.447,1.0,0.6
srv-0111,2026-08-16,19.2,26.6,24.0,65.5,79.6,74.7,1299.2,2517.3,909.5,389.8,38.98,1.255,2.134,0.8,2.0
srv-0111,2026-08-17,24.9,35.6,31.8,68.2,72.1,70.8,1637.4,4204.7,1146.2,491.2,49.12,2.778,1.885,1.2,1.1
srv-0111,2026-08-18,30.2,41.7,37.7,68.6,78.1,74.7,1917.1,4336.8,1342.0,575.1,57.51,2.398,2.793,1.5,1.1
srv-0111,2026-08-19,29.0,39.5,35.9,69.0,81.8,77.3,1666.5,4420.2,1166.5,499.9,49.99,3.098,2.538,1.4,1.6
srv-0111,2026-08-20,26.9,35.2,32.3,68.5,76.2,73.5,1568.9,4129.8,1098.2,470.7,47.07,2.156,3.098,1.9,1.6
srv-0111,2026-08-21,32.7,44.7,40.5,70.0,77.2,74.7,1967.5,3762.9,1377.2,590.2,59.02,3.215,3.605,2.6,1.4
srv-0111,2026-08-22,17.7,29.2,25.2,65.7,73.5,70.8,1079.2,2626.8,755.4,323.7,32.37,1.866,1.073,1.5,0.5
srv-0111,2026-08-23,16.4,36.8,29.7,65.4,79.7,74.6,918.6,3694.8,643.0,275.6,27.56,2.022,2.569,1.7,2.1
srv-0111,2026-08-24,29.2,46.3,40.3,70.2,81.8,77.7,2530.3,6088.5,1771.2,759.1,75.91,1.895,1.979,0.8,1.5
srv-0111,2026-08-25,22.7,30.4,27.7,67.9,82.7,77.5,1839.9,3830.7,1287.9,552.0,55.2,1.926,2.112,1.4,1.1
srv-0111,2026-08-26,31.5,49.1,43.0,70.3,74.4,73.0,2003.6,4505.0,1402.5,601.1,60.11,2.071,2.968,1.6,2.4
srv-0111,2026-08-27,26.5,36.3,32.9,69.1,80.0,76.2,2299.0,5923.8,1609.3,689.7,68.97,2.579,3.289,1.1,2.1
srv-0111,2026-08-28,29.4,41.8,37.5,70.0,75.8,73.8,1982.2,4824.0,1387.5,594.7,59.47,3.58,1.811,2.1,0.9
srv-0111,2026-08-29,15.2,19.7,18.1,64.4,68.7,67.2,843.2,1850.5,590.3,253.0,25.3,1.515,1.558,0.9,1.2
srv-0111,2026-08-30,16.2,26.1,22.6,65.5,70.4,68.7,1208.9,2420.5,846.2,362.7,36.27,1.494,1.495,0.8,1.1
srv-0111,2026-08-31,23.4,36.4,31.8,67.4,76.9,73.6,1377.3,3549.5,964.1,413.2,41.32,2.798,1.764,2.2,0.7
srv-0111,2026-09-01,31.9,50.1,43.7,69.5,82.7,78.1,1545.6,3897.5,1082.0,463.7,46.37,3.575,3.045,2.1,2.8
srv-0111,2026-09-02,26.2,40.5,35.5,67.9,76.3,73.4,2014.1,3767.0,1409.9,604.2,60.42,1.891,1.479,1.1,1.5
srv-0111,2026-09-03,29.0,43.9,38.7,69.0,81.3,77.0,1519.5,2878.2,1063.7,455.9,45.59,2.151,2.07,1.1,1.4
srv-0111,2026-09-04,33.6,46.5,42.0,69.6,78.6,75.5,2043.8,5625.2,1430.7,613.1,61.31,1.799,3.272,1.3,2.5
srv-0111,2026-09-05,15.6,20.7,18.9,64.7,68.0,66.8,1313.6,3452.7,919.5,394.1,39.41,1.344,1.911,1.2,0.9
srv-0111,2026-09-06,18.1,25.1,22.7,65.6,77.7,73.5,1524.6,2834.3,1067.2,457.4,45.74,1.346,1.082,0.6,1.0
srv-0112,2026-08-08,9.1,15.5,13.3,66.2,75.2,72.0,48.4,101.2,26.6,21.8,2.42,0.893,12.148,0.5,9.1
srv-0112,2026-08-09,9.3,15.7,13.5,66.4,79.6,75.0,48.8,113.2,26.8,22.0,2.44,0.99,14.564,0.9,11.1
srv-0112,2026-08-10,14.8,22.6,19.9,70.0,78.4,75.5,55.8,128.1,30.7,25.1,2.79,1.051,13.043,0.9,10.3
srv-0112,2026-08-11,16.0,26.4,22.7,69.4,73.1,71.8,65.2,163.9,35.9,29.3,3.26,1.515,19.045,0.6,11.2
srv-0112,2026-08-12,14.8,24.0,20.8,70.0,74.6,73.0,62.3,165.5,34.3,28.0,3.12,1.897,27.361,1.5,12.6
srv-0112,2026-08-13,14.3,22.0,19.3,69.1,77.9,74.8,60.6,150.3,33.4,27.3,3.03,1.249,19.061,1.0,16.6
srv-0112,2026-08-14,15.0,22.1,19.6,70.9,85.4,80.3,63.6,124.6,35.0,28.6,3.18,1.047,30.843,0.8,20.3
srv-0112,2026-08-15,10.9,14.1,13.0,67.1,71.2,69.8,52.8,128.2,29.0,23.7,2.64,1.108,19.261,0.6,9.1
srv-0112,2026-08-16,11.9,16.6,15.0,66.5,78.5,74.3,49.3,133.1,27.1,22.2,2.47,1.191,9.807,1.0,8.0
srv-0112,2026-08-17,17.6,22.8,21.0,71.3,83.7,79.3,58.4,135.9,32.1,26.3,2.92,2.095,15.201,1.8,15.0
srv-0112,2026-08-18,20.2,33.9,29.1,71.3,80.6,77.4,61.9,153.4,34.0,27.9,3.09,1.805,19.346,1.5,11.3
srv-0112,2026-08-19,14.8,20.0,18.2,70.8,81.8,77.9,59.9,120.1,32.9,26.9,2.99,1.583,21.014,0.8,8.1
srv-0112,2026-08-20,15.0,52.4,39.3,69.7,80.7,76.9,60.4,310.2,33.2,27.2,3.02,3.301,36.909,1.8,16.1
srv-0112,2026-08-21,14.0,19.9,17.9,69.0,77.3,74.4,46.7,127.4,25.7,21.0,2.34,1.245,19.11,0.6,16.1
srv-0112,2026-08-22,9.9,13.7,12.3,66.4,76.2,72.8,31.6,82.9,17.4,14.2,1.58,1.024,11.845,0.8,8.3
srv-0112,2026-08-23,10.8,17.1,14.9,66.7,80.7,75.8,41.8,114.3,23.0,18.8,2.09,0.703,13.598,0.4,7.7
srv-0112,2026-08-24,16.4,23.8,21.2,70.0,85.2,79.9,50.4,101.1,27.7,22.7,2.52,1.771,14.202,1.4,6.4
srv-0112,2026-08-25,16.5,24.2,21.5,70.4,74.8,73.3,64.6,156.0,35.5,29.1,3.23,1.561,25.74,1.4,22.4
srv-0112,2026-08-26,11.6,16.0,14.5,68.3,72.9,71.3,41.9,95.3,23.0,18.8,2.09,0.909,19.868,0.6,9.5
srv-0112,2026-08-27,15.2,23.7,20.8,68.9,75.9,73.4,50.2,122.4,27.6,22.6,2.51,0.967,18.158,0.9,7.4
srv-0112,2026-08-28,19.0,30.3,26.4,70.6,81.5,77.7,68.9,179.4,37.9,31.0,3.45,1.916,16.785,1.6,11.5
srv-0112,2026-08-29,11.1,14.9,13.6,67.0,80.5,75.8,43.7,89.1,24.0,19.7,2.18,0.699,18.155,0.3,17.1
srv-0112,2026-08-30,9.5,15.4,13.3,66.5,73.1,70.8,32.8,65.6,18.0,14.8,1.64,0.824,18.755,0.4,16.3
srv-0112,2026-08-31,15.8,22.5,20.2,70.7,74.6,73.2,51.6,133.5,28.4,23.2,2.58,1.199,15.786,0.5,9.7
srv-0112,2026-09-01,17.4,22.7,20.8,70.8,74.4,73.1,57.4,158.6,31.6,25.8,2.87,1.112,21.976,0.8,19.5
srv-0112,2026-09-02,14.6,18.9,17.4,68.5,83.5,78.3,49.4,121.0,27.2,22.2,2.47,1.591,12.755,0.7,10.6
srv-0112,2026-09-03,15.6,23.2,20.6,69.9,73.5,72.3,63.0,141.8,34.6,28.3,3.15,0.948,17.864,0.4,16.2
srv-0112,2026-09-04,15.3,23.3,20.5,70.9,84.2,79.5,60.2,166.8,33.1,27.1,3.01,1.36,25.395,0.6,12.4
srv-0112,2026-09-05,9.5,14.5,12.7,65.4,69.3,68.0,35.8,68.3,19.7,16.1,1.79,0.669,14.625,0.5,11.2
srv-0112,2026-09-06,9.3,13.9,12.3,65.8,71.5,69.5,32.8,74.7,18.0,14.7,1.64,1.117,8.381,0.7,8.1
srv-0113,2026-08-08,23.2,36.4,31.8,66.9,78.7,74.6,71.7,139.5,39.4,32.3,3.58,0.77,9.799,0.3,4.1
srv-0113,2026-08-09,22.4,30.5,27.7,66.8,78.9,74.7,57.3,146.3,31.5,25.8,2.87,0.704,5.711,0.4,3.6
srv-0113,2026-08-10,34.2,52.2,45.9,72.0,84.1,79.8,122.3,229.0,67.3,55.1,6.12,1.449,14.544,0.7,11.4
srv-0113,2026-08-11,38.3,59.3,51.9,72.6,81.2,78.2,143.4,324.3,78.9,64.5,7.17,1.417,21.086,0.8,17.5
srv-0113,2026-08-12,28.9,45.8,39.9,70.3,80.5,76.9,119.1,330.2,65.5,53.6,5.96,0.994,8.587,0.7,6.4
srv-0113,2026-08-13,40.7,69.0,59.1,72.6,79.2,76.9,110.1,271.3,60.5,49.5,5.5,1.969,12.034,1.1,8.6
srv-0113,2026-08-14,34.8,59.0,50.5,70.0,83.4,78.7,80.7,212.0,44.4,36.3,4.04,1.626,11.83,0.8,8.8
srv-0113,2026-08-15,25.8,35.2,31.9,68.0,72.6,71.0,83.0,230.4,45.6,37.3,4.15,0.728,8.835,0.5,5.3
srv-0113,2026-08-16,23.1,35.5,31.1,66.7,78.5,74.4,65.4,161.6,35.9,29.4,3.27,0.988,8.961,0.5,5.1
srv-0113,2026-08-17,33.9,50.9,44.9,71.6,84.3,79.9,128.1,314.0,70.5,57.6,6.4,1.3,13.701,0.5,9.5
srv-0113,2026-08-18,37.4,61.7,53.1,71.6,87.0,81.6,126.1,330.2,69.4,56.8,6.31,1.604,18.498,1.0,17.2
srv-0113,2026-08-19,37.2,52.4,47.1,72.3,82.2,78.8,93.4,203.2,51.3,42.0,4.67,1.87,17.837,1.4,6.8
srv-0113,2026-08-20,46.1,60.4,55.4,72.8,79.3,77.0,144.4,260.0,79.4,65.0,7.22,1.27,20.318,0.7,13.0
srv-0113,2026-08-21,32.9,41.3,38.4,71.3,86.2,81.0,123.2,229.3,67.7,55.4,6.16,1.584,15.198,0.8,12.3
srv-0113,2026-08-22,23.9,38.0,33.1,67.1,71.3,69.8,72.8,153.9,40.1,32.8,3.64,0.65,9.326,0.3,8.6
srv-0113,2026-08-23,28.1,99,74.2,68.3,78.7,75.1,80.3,446.9,44.2,36.1,4.01,1.857,14.409,1.0,6.9
srv-0113,2026-08-24,41.5,55.4,50.5,72.4,86.4,81.5,105.8,231.7,58.2,47.6,5.29,2.275,14.183,1.6,9.5
srv-0113,2026-08-25,39.1,53.9,48.7,70.7,76.8,74.7,86.1,224.6,47.4,38.8,4.31,1.545,8.812,1.0,4.5
srv-0113,2026-08-26,38.5,58.2,51.3,71.4,76.6,74.8,131.1,339.1,72.1,59.0,6.56,1.41,9.564,0.8,7.7
srv-0113,2026-08-27,39.0,65.6,56.3,71.0,83.2,79.0,119.9,264.3,65.9,53.9,5.99,1.513,8.977,1.2,6.8
srv-0113,2026-08-28,34.5,52.0,45.9,71.5,80.7,77.5,102.3,216.2,56.3,46.0,5.11,1.348,11.704,0.7,9.4
srv-0113,2026-08-29,24.3,79.7,60.3,68.1,83.0,77.8,63.6,274.7,35.0,28.6,3.18,1.996,24.984,1.2,14.6
srv-0113,2026-08-30,25.1,35.1,31.6,67.5,74.6,72.1,57.5,126.0,31.6,25.9,2.87,1.32,8.572,0.9,8.6
srv-0113,2026-08-31,36.0,52.1,46.5,71.8,75.4,74.1,122.8,266.4,67.5,55.2,6.14,2.004,9.192,1.4,4.9
srv-0113,2026-09-01,35.2,52.6,46.5,71.1,86.2,80.9,116.6,306.8,64.1,52.5,5.83,1.594,16.726,1.0,10.9
srv-0113,2026-09-02,32.6,41.3,38.3,70.7,83.3,78.9,112.1,267.9,61.6,50.4,5.6,1.791,16.116,1.3,15.2
srv-0113,2026-09-03,39.9,59.7,52.8,72.1,87.6,82.2,125.2,349.3,68.9,56.3,6.26,1.425,10.635,0.6,4.7
srv-0113,2026-09-04,29.2,41.2,37.0,70.0,77.1,74.6,107.6,212.4,59.2,48.4,5.38,0.909,16.317,0.8,9.6
srv-0113,2026-09-05,23.6,29.7,27.6,68.3,74.0,72.0,87.0,230.0,47.9,39.2,4.35,1.089,6.583,0.5,4.1
srv-0113,2026-09-06,25.3,43.0,36.8,67.9,82.5,77.4,87.3,179.2,48.0,39.3,4.37,0.785,10.046,0.5,5.6
srv-0114,2026-08-08,19.8,33.6,28.8,85.8,99,94.4,85.0,153.9,46.7,38.2,4.25,2.433,3.27,1.1,3.0
srv-0114,2026-08-09,27.8,43.5,38.0,88.2,95.2,92.8,94.5,190.4,52.0,42.5,4.73,2.119,5.957,0.8,6.0
srv-0114,2026-08-10,30.8,43.9,39.3,91.2,99,96.3,113.4,306.6,62.3,51.0,5.67,2.878,3.939,2.0,2.2
srv-0114,2026-08-11,34.4,51.4,45.5,91.6,99,96.4,145.1,291.1,79.8,65.3,7.25,3.534,5.495,2.8,4.2
srv-0114,2026-08-12,32.2,54.7,46.9,90.6,99,96.1,84.8,153.7,46.6,38.1,4.24,4.03,3.363,1.6,2.6
srv-0114,2026-08-13,36.3,48.4,44.2,92.5,99,96.7,108.9,238.7,59.9,49.0,5.45,4.669,5.465,2.6,2.9
srv-0114,2026-08-14,29.9,49.5,42.6,91.0,99,96.2,96.5,205.9,53.1,43.4,4.82,3.108,5.252,1.5,2.8
srv-0114,2026-08-15,22.2,29.7,27.1,86.1,91.9,89.9,82.7,212.9,45.5,37.2,4.14,2.355,2.33,1.8,2.3
srv-0114,2026-08-16,25.3,33.5,30.6,87.7,99,95.1,107.1,243.8,58.9,48.2,5.36,2.625,5.408,2.4,4.8
srv-0114,2026-08-17,31.7,50.2,43.7,90.9,96.8,94.7,114.8,281.8,63.1,51.7,5.74,2.759,6.481,1.9,6.4
srv-0114,2026-08-18,36.4,53.5,47.5,90.8,99,96.1,94.4,221.4,51.9,42.5,4.72,3.475,7.038,1.8,6.4
srv-0114,2026-08-19,42.7,57.9,52.6,93.6,99,97.1,117.3,231.9,64.5,52.8,5.87,4.683,5.32,3.8,4.0
srv-0114,2026-08-20,32.4,43.4,39.6,92.6,99,96.8,155.4,399.0,85.5,69.9,7.77,3.839,4.606,2.8,2.3
srv-0114,2026-08-21,29.6,46.8,40.8,90.6,99,96.1,139.7,282.6,76.8,62.9,6.99,2.687,6.887,1.5,2.7
srv-0114,2026-08-22,17.4,26.1,23.1,85.9,91.1,89.3,85.4,158.8,47.0,38.4,4.27,1.936,4.019,1.2,3.7
srv-0114,2026-08-23,18.1,25.3,22.8,86.1,99,94.5,70.2,179.5,38.6,31.6,3.51,1.639,3.714,1.4,2.1
srv-0114,2026-08-24,29.4,49.3,42.3,91.0,99,96.2,127.5,246.8,70.2,57.4,6.38,3.109,5.892,2.8,4.6
srv-0114,2026-08-25,32.7,54.9,47.1,93.0,99,96.9,105.5,222.8,58.0,47.5,5.28,2.905,7.362,2.2,7.2
srv-0114,2026-08-26,41.6,56.2,51.1,93.4,99,97.1,137.1,312.3,75.4,61.7,6.86,4.745,5.891,2.9,3.4
srv-0114,2026-08-27,31.2,39.4,36.5,90.6,99,96.1,105.1,196.3,57.8,47.3,5.25,3.334,3.626,1.6,3.6
srv-0114,2026-08-28,42.3,68.5,59.3,93.1,99,96.9,109.3,289.4,60.1,49.2,5.46,3.129,5.151,2.0,2.4
srv-0114,2026-08-29,24.0,39.4,34.0,87.4,98.0,94.3,103.9,227.6,57.1,46.7,5.19,1.654,5.306,0.7,4.8
srv-0114,2026-08-30,24.8,31.5,29.2,87.6,99,95.0,68.8,154.4,37.8,30.9,3.44,2.304,4.068,1.4,2.0
srv-0114,2026-08-31,36.3,53.5,47.5,90.7,99,96.1,112.9,312.5,62.1,50.8,5.64,2.112,7.29,0.9,3.3
srv-0114,2026-09-01,42.0,55.1,50.5,92.8,99,96.8,162.2,386.9,89.2,73.0,8.11,4.463,5.154,3.8,5.0
srv-0114,2026-09-02,34.0,44.2,40.6,92.8,99,96.8,143.5,382.7,78.9,64.6,7.18,4.289,5.854,2.0,3.2
srv-0114,2026-09-03,36.7,61.7,53.0,92.1,96.8,95.2,117.5,219.5,64.6,52.9,5.88,4.434,6.979,3.4,4.3
srv-0114,2026-09-04,33.9,45.9,41.7,93.0,99,96.9,156.6,372.3,86.2,70.5,7.83,4.485,6.74,2.7,5.7
srv-0114,2026-09-05,17.9,26.1,23.2,86.1,92.2,90.1,79.2,146.5,43.6,35.6,3.96,1.248,2.946,1.0,1.5
srv-0114,2026-09-06,24.0,66.5,51.6,87.2,92.9,90.9,75.8,340.2,41.7,34.1,3.79,3.945,9.711,2.0,9.4
srv-0115,2026-08-08,6.4,8.0,7.4,72.5,78.4,76.3,199.7,525.6,109.8,89.8,9.98,3.899,1.72,2.2,1.1
srv-0115,2026-08-09,6.5,10.9,9.4,73.6,81.6,78.8,259.9,554.7,143.0,117.0,13.0,4.613,2.424,2.0,1.9
srv-0115,2026-08-10,9.4,13.3,11.9,76.8,81.9,80.1,326.5,870.7,179.6,146.9,16.32,6.128,4.558,5.2,4.4
srv-0115,2026-08-11,8.4,11.6,10.5,76.6,92.8,87.1,244.6,558.2,134.5,110.1,12.23,4.073,3.581,2.6,3.4
srv-0115,2026-08-12,9.7,15.9,13.7,78.2,95.2,89.2,393.8,813.8,216.6,177.2,19.69,4.479,4.168,2.0,4.2
srv-0115,2026-08-13,10.8,13.8,12.8,78.6,95.3,89.5,271.7,753.6,149.5,122.3,13.59,8.615,4.928,4.5,2.8
srv-0115,2026-08-14,9.7,14.8,13.0,78.4,92.5,87.6,363.1,986.0,199.7,163.4,18.15,4.385,3.6,3.2,3.6
srv-0115,2026-08-15,5.0,6.8,6.1,72.0,87.6,82.1,176.6,484.9,97.1,79.5,8.83,2.773,2.318,2.0,1.7
srv-0115,2026-08-16,5.7,9.1,7.9,73.2,80.0,77.6,200.7,410.4,110.4,90.3,10.03,4.059,3.254,2.0,1.2
srv-0115,2026-08-17,9.5,16.1,13.8,75.9,90.9,85.7,239.8,574.1,131.9,107.9,11.99,4.025,5.102,2.8,2.4
srv-0115,2026-08-18,8.6,10.9,10.1,76.6,87.4,83.6,250.0,511.9,137.5,112.5,12.5,3.665,5.458,1.9,3.8
srv-0115,2026-08-19,10.0,16.0,13.9,76.0,83.0,80.6,230.4,447.7,126.7,103.7,11.52,4.991,3.218,4.2,2.7
srv-0115,2026-08-20,8.0,12.5,10.9,75.7,89.0,84.3,301.3,653.8,165.7,135.6,15.06,4.188,4.616,3.8,3.3
srv-0115,2026-08-21,8.9,15.0,12.9,76.2,86.3,82.7,275.7,747.2,151.6,124.0,13.78,6.765,4.964,5.7,4.1
srv-0115,2026-08-22,5.7,9.6,8.2,73.4,77.5,76.0,166.6,396.1,91.6,75.0,8.33,3.933,2.301,1.8,1.4
srv-0115,2026-08-23,7.5,9.4,8.7,73.9,88.6,83.4,228.3,523.5,125.6,102.7,11.42,3.229,4.006,1.9,3.1
srv-0115,2026-08-24,9.5,12.0,11.1,78.4,95.3,89.4,296.6,693.1,163.1,133.5,14.83,4.698,4.393,3.7,4.4
srv-0115,2026-08-25,11.3,14.2,13.2,78.3,93.1,87.9,380.0,822.4,209.0,171.0,19.0,5.954,5.547,4.8,4.9
srv-0115,2026-08-26,9.2,12.5,11.4,77.3,89.9,85.5,294.1,682.8,161.7,132.3,14.7,5.77,3.635,4.5,2.5
srv-0115,2026-08-27,11.4,17.2,15.2,78.3,85.4,82.9,279.5,647.0,153.7,125.8,13.97,8.074,5.824,3.1,3.4
srv-0115,2026-08-28,8.5,10.8,10.0,77.0,81.0,79.6,313.4,594.1,172.4,141.0,15.67,5.859,5.562,4.1,5.2
srv-0115,2026-08-29,6.8,10.8,9.4,72.8,76.7,75.3,230.9,558.3,127.0,103.9,11.55,4.089,2.98,2.1,2.8
srv-0115,2026-08-30,6.9,9.4,8.5,72.8,81.6,78.5,157.1,393.2,86.4,70.7,7.85,3.612,2.028,1.9,2.0
srv-0115,2026-08-31,7.9,11.3,10.1,75.8,82.2,80.0,213.2,542.2,117.3,95.9,10.66,6.412,3.708,5.3,2.4
srv-0115,2026-09-01,9.4,13.6,12.2,75.6,90.0,85.0,257.2,689.3,141.5,115.8,12.86,4.928,4.316,3.9,4.0
srv-0115,2026-09-02,11.5,15.8,14.3,78.4,93.4,88.1,419.3,840.1,230.6,188.7,20.96,7.875,5.318,4.8,2.2
srv-0115,2026-09-03,10.8,14.8,13.4,77.4,89.3,85.1,269.4,601.6,148.2,121.2,13.47,5.15,5.362,2.4,4.0
srv-0115,2026-09-04,11.3,16.0,14.4,78.3,90.5,86.2,384.5,919.8,211.5,173.0,19.22,4.029,4.512,2.4,2.3
srv-0115,2026-09-05,6.5,9.1,8.2,73.1,80.3,77.8,201.7,419.4,110.9,90.7,10.08,2.807,3.551,1.5,1.3
srv-0115,2026-09-06,5.4,7.8,6.9,72.6,80.4,77.6,193.8,400.0,106.6,87.2,9.69,3.712,3.425,1.9,3.0
srv-0116,2026-08-08,20.7,33.8,29.2,39.9,47.4,44.8,206.1,493.1,113.4,92.7,10.3,1.98,3.079,0.9,1.8
srv-0116,2026-08-09,17.7,26.4,23.3,39.4,41.6,40.9,188.8,520.9,103.8,84.9,9.44,2.77,3.313,1.8,1.6
srv-0116,2026-08-10,35.7,51.5,46.0,42.2,44.9,43.9,439.8,844.5,241.9,197.9,21.99,4.515,4.329,4.1,3.4
srv-0116,2026-08-11,35.9,54.0,47.7,42.8,46.9,45.5,397.1,974.3,218.4,178.7,19.85,4.506,8.962,2.7,4.6
srv-0116,2026-08-12,33.8,44.3,40.6,42.6,46.7,45.3,297.6,572.4,163.7,133.9,14.88,5.758,6.786,4.7,6.1
srv-0116,2026-08-13,27.4,42.1,37.0,41.4,44.7,43.5,351.9,897.7,193.5,158.3,17.59,3.98,6.217,2.0,2.6
srv-0116,2026-08-14,34.2,44.5,40.9,42.3,51.0,48.0,463.5,1093.2,254.9,208.6,23.18,4.122,5.865,3.0,3.2
srv-0116,2026-08-15,20.9,27.1,24.9,39.7,41.9,41.1,202.4,438.5,111.3,91.1,10.12,2.671,4.723,1.1,3.6
srv-0116,2026-08-16,25.2,36.2,32.4,40.5,44.4,43.0,229.2,619.2,126.0,103.1,11.46,3.629,3.969,1.8,2.9
srv-0116,2026-08-17,32.7,49.1,43.3,42.5,47.3,45.6,459.9,1117.9,253.0,207.0,23.0,4.252,7.049,2.3,5.2
srv-0116,2026-08-18,37.5,61.8,53.3,42.4,50.8,47.9,438.5,846.0,241.2,197.3,21.93,4.044,4.777,2.0,1.8
srv-0116,2026-08-19,32.3,52.5,45.4,42.2,47.5,45.7,339.5,917.2,186.7,152.8,16.97,5.515,8.937,2.9,9.1
srv-0116,2026-08-20,34.1,57.6,49.4,41.5,49.2,46.5,414.9,1120.4,228.2,186.7,20.75,4.909,8.514,3.9,4.8
srv-0116,2026-08-21,36.0,59.7,51.4,42.1,44.6,43.7,395.5,988.7,217.5,178.0,19.78,3.152,8.476,2.9,6.1
srv-0116,2026-08-22,23.7,31.2,28.6,39.9,44.2,42.7,206.7,551.3,113.7,93.0,10.34,2.272,4.476,1.3,2.0
srv-0116,2026-08-23,22.8,36.0,31.4,40.4,47.9,45.3,219.6,530.8,120.8,98.8,10.98,3.695,4.065,3.1,4.0
srv-0116,2026-08-24,31.8,44.0,39.7,41.6,47.4,45.4,404.5,996.8,222.5,182.0,20.23,2.707,7.898,1.4,5.4
srv-0116,2026-08-25,31.7,52.8,45.5,41.6,48.7,46.2,305.3,852.0,167.9,137.4,15.26,3.016,6.337,2.7,5.5
srv-0116,2026-08-26,35.4,47.3,43.1,42.2,49.9,47.2,301.0,691.9,165.5,135.4,15.05,3.595,8.5,2.8,5.7
srv-0116,2026-08-27,27.3,42.7,37.3,41.5,48.7,46.2,257.2,668.0,141.5,115.8,12.86,2.934,8.55,1.6,8.0
srv-0116,2026-08-28,28.4,41.1,36.6,41.4,45.2,43.9,291.2,720.5,160.2,131.0,14.56,4.059,6.205,3.7,3.4
srv-0116,2026-08-29,24.6,40.2,34.8,40.4,44.2,42.9,211.2,444.4,116.2,95.0,10.56,4.36,6.751,2.4,2.8
srv-0116,2026-08-30,21.7,31.8,28.3,39.4,43.3,41.9,235.9,482.5,129.7,106.1,11.79,2.669,3.412,2.1,2.0
srv-0116,2026-08-31,31.8,53.0,45.6,41.4,49.9,46.9,304.8,646.9,167.6,137.1,15.24,3.102,4.811,2.2,3.3
srv-0116,2026-09-01,30.0,44.2,39.2,42.0,48.5,46.2,440.3,892.2,242.2,198.1,22.02,5.349,8.788,3.5,8.6
srv-0116,2026-09-02,31.7,52.8,45.4,42.6,50.1,47.5,424.2,1061.0,233.3,190.9,21.21,3.443,10.124,2.8,4.6
srv-0116,2026-09-03,31.2,51.4,44.3,41.5,50.4,47.2,378.9,1042.7,208.4,170.5,18.95,5.318,6.405,3.9,6.0
srv-0116,2026-09-04,33.7,54.2,47.0,42.5,51.0,48.1,483.2,1323.1,265.8,217.5,24.16,3.247,5.2,1.3,4.9
srv-0116,2026-09-05,25.5,34.0,31.1,40.3,46.5,44.3,199.4,552.4,109.7,89.7,9.97,3.131,3.536,1.3,2.8
srv-0116,2026-09-06,20.4,29.1,26.0,39.6,47.1,44.5,173.9,401.4,95.7,78.3,8.7,1.961,2.53,1.3,2.4
srv-0117,2026-08-08,5.5,7.1,6.6,62.3,73.1,69.3,947.8,1855.6,663.4,284.3,28.43,1.166,2.581,1.0,2.1
srv-0117,2026-08-09,6.1,10.1,8.7,62.0,74.0,69.8,929.8,2465.4,650.9,278.9,27.89,1.548,2.809,0.9,2.2
srv-0117,2026-08-10,9.4,13.6,12.2,67.3,78.3,74.5,1871.0,3551.0,1309.7,561.3,56.13,2.44,3.244,1.1,1.6
srv-0117,2026-08-11,8.9,14.6,12.6,66.8,81.4,76.3,2589.1,6840.4,1812.4,776.7,77.67,2.065,2.601,1.6,1.2
srv-0117,2026-08-12,9.0,12.0,10.9,66.1,72.6,70.3,2134.4,5267.5,1494.1,640.3,64.03,2.843,4.577,2.2,1.8
srv-0117,2026-08-13,10.5,14.3,12.9,65.8,71.1,69.2,2350.6,4590.9,1645.4,705.2,70.52,2.489,3.523,2.1,3.0
srv-0117,2026-08-14,10.2,16.0,14.0,67.2,80.8,76.0,1933.7,4547.3,1353.6,580.1,58.01,3.003,3.906,2.6,3.6
srv-0117,2026-08-15,5.9,9.2,8.0,62.3,67.7,65.8,1176.7,2172.9,823.7,353.0,35.3,1.911,1.865,1.7,1.1
srv-0117,2026-08-16,6.2,8.7,7.8,62.6,68.8,66.6,989.3,2290.1,692.5,296.8,29.68,1.181,3.188,0.8,2.1
srv-0117,2026-08-17,11.5,15.7,14.2,67.6,81.7,76.8,2704.3,5192.7,1893.0,811.3,81.13,3.618,4.902,2.7,2.7
srv-0117,2026-08-18,10.5,17.2,14.9,66.2,79.5,74.8,2249.2,4978.4,1574.5,674.8,67.48,1.924,3.149,1.2,2.8
srv-0117,2026-08-19,8.1,11.2,10.1,65.8,71.3,69.4,1816.3,3502.9,1271.4,544.9,54.49,3.351,4.571,1.9,1.7
srv-0117,2026-08-20,7.8,12.6,10.9,65.5,70.6,68.8,1545.0,4124.2,1081.5,463.5,46.35,1.877,2.299,1.1,2.2
srv-0117,2026-08-21,8.5,11.6,10.5,65.6,76.9,72.9,1876.7,3709.9,1313.7,563.0,56.3,2.33,4.406,1.6,3.1
srv-0117,2026-08-22,5.9,13.3,10.7,62.9,70.2,67.7,1239.2,5030.3,867.4,371.8,37.18,3.105,4.741,2.3,3.3
srv-0117,2026-08-23,6.2,17.6,13.6,63.1,68.3,66.5,1167.7,4983.5,817.4,350.3,35.03,3.359,5.698,2.1,3.4
srv-0117,2026-08-24,9.4,12.6,11.5,65.3,73.4,70.5,2245.5,4486.3,1571.9,673.7,67.37,2.037,4.564,1.2,1.9
srv-0117,2026-08-25,9.2,15.3,13.1,66.1,76.4,72.8,1603.5,3426.2,1122.4,481.0,48.1,2.074,4.016,1.0,3.0
srv-0117,2026-08-26,10.5,25.7,20.4,66.5,79.9,75.2,1666.8,7452.5,1166.7,500.0,50.0,6.417,8.708,3.7,7.9
srv-0117,2026-08-27,8.9,15.0,12.9,65.4,71.6,69.4,1921.3,4687.5,1344.9,576.4,57.64,1.941,3.981,1.3,3.1
srv-0117,2026-08-28,11.2,16.6,14.7,66.6,73.7,71.2,2470.2,5595.2,1729.2,741.1,74.11,2.292,2.785,0.9,2.6
srv-0117,2026-08-29,5.6,9.2,7.9,62.7,70.8,68.0,1037.5,2437.1,726.2,311.2,31.12,1.277,3.035,0.9,2.4
srv-0117,2026-08-30,5.0,6.6,6.0,61.8,68.3,66.0,902.8,2455.7,632.0,270.8,27.08,1.411,2.48,0.9,1.3
srv-0117,2026-08-31,9.9,14.4,12.8,65.3,79.0,74.2,2230.3,4573.3,1561.2,669.1,66.91,2.164,3.965,1.9,1.6
srv-0117,2026-09-01,10.1,12.7,11.8,67.0,70.7,69.4,1867.9,4829.6,1307.5,560.4,56.04,4.132,5.671,3.5,3.3
srv-0117,2026-09-02,9.4,12.1,11.2,67.0,77.3,73.7,2247.0,5550.0,1572.9,674.1,67.41,3.976,2.624,1.9,1.9
srv-0117,2026-09-03,8.4,13.5,11.7,65.1,76.0,72.2,1760.2,3944.1,1232.1,528.0,52.8,3.221,4.237,2.3,1.8
srv-0117,2026-09-04,8.1,22.5,17.5,65.3,72.9,70.2,1592.1,6604.6,1114.5,477.6,47.76,4.92,6.825,4.5,2.6
srv-0117,2026-09-05,6.9,10.8,9.5,63.6,68.7,66.9,1583.8,4152.6,1108.7,475.1,47.51,2.046,3.171,1.1,1.3
srv-0117,2026-09-06,7.3,9.2,8.5,63.0,68.4,66.5,1233.6,2424.7,863.5,370.1,37.01,1.263,2.178,1.0,0.9
srv-0119,2026-08-08,27.0,34.4,31.8,49.9,55.1,53.3,75.2,146.1,41.3,33.8,3.76,2.977,3.252,1.6,1.8
srv-0119,2026-08-09,32.7,50.5,44.3,50.5,58.1,55.5,70.3,173.5,38.7,31.6,3.51,4.051,3.243,3.1,2.2
srv-0119,2026-08-10,40.4,59.1,52.5,52.2,59.9,57.2,97.1,241.3,53.4,43.7,4.85,6.062,3.454,4.9,1.8
srv-0119,2026-08-11,43.1,57.8,52.6,52.5,62.3,58.8,90.5,177.5,49.8,40.7,4.52,3.816,3.053,2.9,2.2
srv-0119,2026-08-12,40.3,99,78.5,52.2,56.9,55.3,119.0,434.7,65.4,53.5,5.95,7.264,9.392,3.3,5.2
srv-0119,2026-08-13,45.0,67.3,59.5,53.3,61.2,58.4,101.9,214.8,56.1,45.9,5.1,7.705,2.853,6.0,2.5
srv-0119,2026-08-14,38.9,57.3,50.9,52.5,58.3,56.3,100.0,280.1,55.0,45.0,5.0,6.383,2.634,5.1,2.3
srv-0119,2026-08-15,32.5,53.1,45.9,50.6,54.3,53.0,90.8,245.1,50.0,40.9,4.54,4.696,3.484,3.5,3.0
srv-0119,2026-08-16,25.6,37.4,33.3,49.4,53.2,51.9,61.4,126.3,33.8,27.6,3.07,1.986,3.1,1.1,2.3
srv-0119,2026-08-17,40.7,67.9,58.4,52.9,64.2,60.3,108.2,243.5,59.5,48.7,5.41,6.902,5.451,4.8,2.2
srv-0119,2026-08-18,40.9,53.0,48.8,53.7,59.5,57.5,131.7,324.3,72.4,59.2,6.58,4.366,4.985,3.3,4.3
srv-0119,2026-08-19,39.9,65.3,56.4,53.0,63.3,59.7,90.0,209.0,49.5,40.5,4.5,5.611,4.778,3.0,3.0
srv-0119,2026-08-20,37.2,60.8,52.5,52.5,60.6,57.7,100.6,272.3,55.3,45.3,5.03,3.429,4.309,1.5,1.9
srv-0119,2026-08-21,34.2,46.4,42.2,51.8,62.7,58.9,90.8,248.7,49.9,40.9,4.54,5.707,2.312,2.6,1.5
srv-0119,2026-08-22,27.9,46.5,40.0,49.7,57.8,55.0,65.4,126.7,35.9,29.4,3.27,3.653,3.109,2.0,3.1
srv-0119,2026-08-23,27.3,38.4,34.5,49.5,55.2,53.2,74.1,205.7,40.8,33.4,3.71,3.809,2.714,1.5,1.2
srv-0119,2026-08-24,40.3,55.5,50.2,51.8,58.5,56.1,104.6,196.6,57.5,47.1,5.23,6.058,3.118,3.6,3.1
srv-0119,2026-08-25,43.0,68.8,59.8,53.7,63.7,60.2,143.6,360.1,79.0,64.6,7.18,5.332,6.066,3.5,5.9
srv-0119,2026-08-26,42.7,71.3,61.3,53.0,60.1,57.7,86.4,183.8,47.5,38.9,4.32,5.574,5.013,2.6,3.5
srv-0119,2026-08-27,38.5,58.1,51.2,52.1,56.3,54.8,103.7,236.1,57.0,46.6,5.18,5.805,3.747,4.9,3.6
srv-0119,2026-08-28,48.1,68.0,61.0,53.7,57.6,56.2,123.3,233.3,67.8,55.5,6.16,5.857,3.095,5.0,2.1
srv-0119,2026-08-29,24.5,34.2,30.8,50.1,53.0,52.0,55.3,131.2,30.4,24.9,2.76,2.987,3.616,2.3,1.4
srv-0119,2026-08-30,20.8,27.0,24.8,49.2,57.6,54.7,61.8,156.2,34.0,27.8,3.09,3.062,2.888,2.2,1.7
srv-0119,2026-08-31,38.6,65.4,56.0,53.2,62.2,59.0,88.4,239.7,48.6,39.8,4.42,3.769,4.645,1.9,2.8
srv-0119,2026-09-01,39.7,57.4,51.2,53.2,61.0,58.3,119.8,216.2,65.9,53.9,5.99,7.424,4.593,4.5,2.4
srv-0119,2026-09-02,38.3,60.4,52.7,52.5,55.7,54.6,83.0,186.4,45.7,37.4,4.15,3.928,3.43,3.2,2.4
srv-0119,2026-09-03,35.8,59.0,50.8,51.6,61.5,58.1,104.3,209.5,57.3,46.9,5.21,3.578,3.733,1.6,3.0
srv-0119,2026-09-04,42.1,54.9,50.5,52.3,57.7,55.8,98.3,203.2,54.1,44.3,4.92,4.824,3.077,3.9,1.9
srv-0119,2026-09-05,23.6,31.9,29.0,49.7,60.1,56.5,51.7,97.8,28.4,23.3,2.58,2.637,2.292,1.5,1.9
srv-0119,2026-09-06,21.8,29.8,27.0,49.3,59.8,56.1,45.1,101.3,24.8,20.3,2.26,3.508,2.798,2.5,2.6
srv-0122,2026-08-08,3.6,5.7,5.0,56.9,62.7,60.7,43.2,100.0,23.8,19.5,2.16,3.069,4.444,2.7,3.5
srv-0122,2026-08-09,3.4,5.5,4.7,55.7,58.9,57.8,26.2,47.7,14.4,11.8,1.31,3.095,3.433,2.4,2.2
srv-0122,2026-08-10,5.3,8.6,7.4,58.7,71.1,66.8,49.1,129.6,27.0,22.1,2.46,5.845,8.578,3.8,4.5
srv-0122,2026-08-11,5.7,14.7,11.5,58.7,68.3,64.9,60.8,285.2,33.4,27.4,3.04,11.449,14.948,9.2,13.5
srv-0122,2026-08-12,6.4,9.6,8.5,60.3,64.7,63.1,75.7,141.0,41.6,34.1,3.78,7.063,7.499,4.9,4.5
srv-0122,2026-08-13,5.4,7.7,6.9,59.9,66.5,64.2,61.5,112.8,33.8,27.7,3.07,5.264,5.316,2.1,4.0
srv-0122,2026-08-14,6.0,7.7,7.1,60.0,69.6,66.2,59.7,160.3,32.8,26.9,2.99,6.462,8.336,4.4,8.2
srv-0122,2026-08-15,3.8,4.9,4.5,56.3,62.6,60.4,35.7,84.1,19.6,16.1,1.79,2.765,5.606,1.4,2.7
srv-0122,2026-08-16,4.1,12.0,9.3,57.1,65.7,62.7,45.6,203.1,25.1,20.5,2.28,4.486,8.982,2.7,4.8
srv-0122,2026-08-17,4.8,7.0,6.2,58.2,67.0,63.9,51.6,116.2,28.4,23.2,2.58,5.015,6.748,2.3,6.2
srv-0122,2026-08-18,4.5,6.7,5.9,58.9,65.5,63.2,65.9,163.8,36.2,29.7,3.3,3.6,8.77,2.7,7.3
srv-0122,2026-08-19,6.2,18.9,14.4,60.4,71.2,67.4,63.7,287.9,35.0,28.7,3.19,6.966,19.565,4.5,12.8
srv-0122,2026-08-20,6.5,10.7,9.3,59.9,65.5,63.6,54.5,124.4,30.0,24.5,2.73,6.455,7.37,5.9,6.6
srv-0122,2026-08-21,5.2,7.1,6.5,59.9,71.0,67.1,61.8,116.4,34.0,27.8,3.09,4.873,9.227,3.6,7.4
srv-0122,2026-08-22,4.1,6.3,5.6,57.1,67.8,64.0,50.6,116.1,27.8,22.8,2.53,4.555,5.398,4.0,3.4
srv-0122,2026-08-23,3.0,4.1,3.7,55.9,66.3,62.6,34.0,62.5,18.7,15.3,1.7,3.318,3.429,1.5,1.6
srv-0122,2026-08-24,5.7,8.3,7.4,60.5,68.0,65.4,56.0,143.9,30.8,25.2,2.8,3.927,7.736,3.3,7.0
srv-0122,2026-08-25,5.1,16.9,12.8,59.0,70.5,66.5,53.6,238.4,29.5,24.1,2.68,10.458,13.182,9.6,9.9
srv-0122,2026-08-26,4.9,6.8,6.1,58.9,69.5,65.8,64.3,141.6,35.3,28.9,3.21,5.611,5.993,2.2,5.9
srv-0122,2026-08-27,6.5,10.1,8.9,59.9,68.4,65.4,46.1,94.6,25.4,20.8,2.31,6.701,5.791,2.8,5.0
srv-0122,2026-08-28,5.0,6.4,6.0,59.7,66.8,64.3,52.0,118.1,28.6,23.4,2.6,4.584,5.477,2.8,5.3
srv-0122,2026-08-29,3.9,6.5,5.6,56.4,68.8,64.4,36.6,83.3,20.1,16.5,1.83,3.984,3.85,3.6,2.7
srv-0122,2026-08-30,3.6,6.1,5.3,55.8,63.5,60.8,32.0,76.2,17.6,14.4,1.6,2.279,3.112,1.2,2.4
srv-0122,2026-08-31,5.2,6.8,6.2,59.4,68.6,65.4,48.4,92.7,26.6,21.8,2.42,5.389,6.238,4.0,4.3
srv-0122,2026-09-01,4.8,7.7,6.7,59.3,63.6,62.1,44.6,117.4,24.5,20.1,2.23,6.042,6.455,4.4,5.6
srv-0122,2026-09-02,4.1,6.1,5.4,58.2,61.9,60.6,55.5,133.8,30.5,25.0,2.78,5.146,7.239,2.1,3.4
srv-0122,2026-09-03,6.1,9.9,8.6,60.1,71.5,67.5,65.6,173.6,36.1,29.5,3.28,6.718,6.937,3.0,3.5
srv-0122,2026-09-04,5.9,9.7,8.4,59.3,64.5,62.7,64.7,154.9,35.6,29.1,3.23,4.153,4.474,3.3,4.1
srv-0122,2026-09-05,3.9,5.5,5.0,56.3,63.3,60.9,31.9,80.2,17.6,14.4,1.6,3.11,5.933,2.4,3.4
srv-0122,2026-09-06,3.4,4.7,4.3,56.0,65.9,62.4,33.3,80.1,18.3,15.0,1.66,2.628,5.545,2.1,2.6
srv-0124,2026-08-08,17.9,28.0,24.4,80.1,91.5,87.5,52.8,107.4,29.0,23.8,2.64,4.085,2.716,2.1,2.2
srv-0124,2026-08-09,15.1,23.6,20.6,79.7,93.3,88.5,68.9,177.9,37.9,31.0,3.44,4.068,5.517,2.0,2.7
srv-0124,2026-08-10,26.9,37.8,34.0,85.2,91.7,89.4,122.7,256.8,67.5,55.2,6.13,3.937,5.64,3.4,5.3
srv-0124,2026-08-11,28.6,36.3,33.6,85.3,99,94.2,116.0,241.3,63.8,52.2,5.8,3.324,9.143,1.6,6.6
srv-0124,2026-08-12,22.5,28.6,26.4,83.2,87.8,86.2,99.2,180.6,54.6,44.7,4.96,5.681,4.968,4.2,2.2
srv-0124,2026-08-13,18.6,28.5,25.0,81.7,99,93.0,86.3,221.4,47.4,38.8,4.31,3.241,7.105,2.1,5.6
srv-0124,2026-08-14,20.3,32.3,28.1,83.0,98.0,92.8,65.2,178.2,35.9,29.3,3.26,4.186,5.132,3.0,4.2
srv-0124,2026-08-15,16.6,23.5,21.1,79.3,83.7,82.1,44.4,104.3,24.4,20.0,2.22,2.08,4.531,1.6,3.8
srv-0124,2026-08-16,16.4,23.7,21.1,80.0,96.0,90.4,49.5,105.5,27.2,22.3,2.48,2.242,4.291,1.8,3.6
srv-0124,2026-08-17,23.8,37.5,32.7,82.1,86.4,84.9,60.9,156.4,33.5,27.4,3.05,3.533,7.294,1.8,6.5
srv-0124,2026-08-18,21.5,31.4,27.9,83.7,98.0,93.0,101.1,250.7,55.6,45.5,5.05,4.958,5.066,3.0,2.4
srv-0124,2026-08-19,22.7,30.1,27.5,83.0,99,93.4,84.4,152.2,46.4,38.0,4.22,5.44,7.087,3.2,4.2
srv-0124,2026-08-20,22.7,32.6,29.1,83.4,97.8,92.8,104.8,241.2,57.7,47.2,5.24,3.728,6.891,2.4,5.2
srv-0124,2026-08-21,30.4,38.6,35.7,85.2,90.2,88.4,75.7,183.6,41.6,34.1,3.79,6.556,6.836,3.5,5.6
srv-0124,2026-08-22,12.0,20.0,17.2,78.1,85.9,83.2,57.6,144.0,31.7,25.9,2.88,1.856,4.006,1.5,3.1
srv-0124,2026-08-23,19.5,31.9,27.5,80.1,97.3,91.3,70.5,175.3,38.8,31.7,3.52,3.496,4.038,1.7,2.1
srv-0124,2026-08-24,20.6,30.7,27.1,81.8,91.8,88.3,66.9,186.1,36.8,30.1,3.34,2.516,3.778,1.0,3.8
srv-0124,2026-08-25,23.0,35.9,31.3,84.6,94.1,90.8,74.9,150.2,41.2,33.7,3.74,4.183,4.196,1.9,4.0
srv-0124,2026-08-26,26.8,38.0,34.1,84.3,96.8,92.5,87.3,192.7,48.0,39.3,4.37,3.097,7.04,2.0,5.3
srv-0124,2026-08-27,26.2,33.8,31.1,84.9,98.1,93.5,120.9,312.4,66.5,54.4,6.05,5.917,5.146,3.5,3.6
srv-0124,2026-08-28,22.2,29.8,27.2,83.3,96.8,92.1,95.7,193.3,52.7,43.1,4.79,5.918,7.046,5.3,6.0
srv-0124,2026-08-29,13.6,20.8,18.2,79.0,95.8,89.9,56.4,145.9,31.0,25.4,2.82,3.808,3.69,3.5,3.2
srv-0124,2026-08-30,14.7,21.0,18.8,78.4,90.4,86.2,42.1,100.4,23.2,19.0,2.11,3.506,2.651,2.6,1.6
srv-0124,2026-08-31,21.3,30.2,27.1,83.7,94.7,90.9,71.7,172.3,39.4,32.2,3.58,6.077,8.436,3.5,7.9
srv-0124,2026-09-01,30.9,39.1,36.2,85.4,90.4,88.6,118.5,222.3,65.1,53.3,5.92,5.154,4.763,4.7,4.2
srv-0124,2026-09-02,20.5,34.5,29.6,82.4,90.3,87.5,66.5,170.2,36.6,29.9,3.32,4.786,5.299,2.8,2.4
srv-0124,2026-09-03,25.6,39.6,34.7,83.3,95.8,91.5,99.5,245.4,54.7,44.8,4.98,4.349,4.854,3.6,4.5
srv-0124,2026-09-04,25.9,39.7,34.9,84.2,96.0,91.9,95.0,258.1,52.3,42.8,4.75,4.512,6.596,2.6,3.3
srv-0124,2026-09-05,13.8,17.4,16.1,78.6,95.3,89.5,44.6,95.6,24.6,20.1,2.23,1.757,4.973,1.3,4.7
srv-0124,2026-09-06,17.3,28.2,24.4,79.6,85.1,83.2,45.4,99.8,25.0,20.4,2.27,2.001,4.525,0.8,3.0
srv-0125,2026-08-08,5.6,8.1,7.2,73.1,80.4,77.9,809.4,1710.5,566.6,242.8,24.28,1.458,2.397,0.6,2.0
srv-0125,2026-08-09,5.2,7.1,6.4,72.6,87.2,82.1,1227.5,2323.0,859.2,368.2,36.82,2.105,2.365,1.5,1.5
srv-0125,2026-08-10,7.1,10.0,9.0,74.5,82.3,79.5,1060.5,2580.0,742.4,318.2,31.82,2.556,2.49,1.5,2.1
srv-0125,2026-08-11,7.6,12.0,10.5,75.8,85.4,82.0,1615.4,3921.4,1130.8,484.6,48.46,3.469,3.33,2.7,2.4
srv-0125,2026-08-12,6.4,9.7,8.5,75.7,91.9,86.2,1668.2,3171.3,1167.8,500.5,50.05,4.019,2.312,1.9,2.1
srv-0125,2026-08-13,8.6,12.9,11.4,77.1,86.7,83.3,1349.7,2654.9,944.8,404.9,40.49,2.466,4.063,1.2,2.6
srv-0125,2026-08-14,8.0,13.0,11.2,77.1,90.7,86.0,1367.8,3340.3,957.5,410.3,41.03,2.317,2.142,1.0,1.5
srv-0125,2026-08-15,4.5,12.9,10.0,71.1,82.1,78.2,819.0,2736.4,573.3,245.7,24.57,2.112,2.613,1.1,2.5
srv-0125,2026-08-16,5.3,7.9,7.0,72.7,76.9,75.4,1086.3,2139.8,760.4,325.9,32.59,2.846,1.181,2.3,0.4
srv-0125,2026-08-17,7.1,10.9,9.5,74.9,90.2,84.9,1136.0,3084.4,795.2,340.8,34.08,2.619,3.145,1.1,2.6
srv-0125,2026-08-18,7.3,9.8,8.9,75.5,89.3,84.5,1139.6,2851.6,797.7,341.9,34.19,2.924,1.607,2.1,1.2
srv-0125,2026-08-19,7.2,12.0,10.3,75.1,85.6,81.9,1100.0,2682.5,770.0,330.0,33.0,2.534,3.296,2.2,1.5
srv-0125,2026-08-20,7.3,19.4,15.1,75.4,82.4,79.9,1338.8,5884.0,937.1,401.6,40.16,5.902,5.874,5.3,3.4
srv-0125,2026-08-21,6.2,9.0,8.0,74.6,79.1,77.5,1388.1,3368.2,971.7,416.4,41.64,3.324,1.769,2.4,1.4
srv-0125,2026-08-22,4.4,6.7,5.9,71.3,79.7,76.8,937.2,1767.5,656.1,281.2,28.12,1.602,1.962,0.7,0.7
srv-0125,2026-08-23,5.2,7.6,6.8,72.4,81.8,78.5,1006.9,2660.9,704.8,302.1,30.21,2.008,2.374,1.5,1.3
srv-0125,2026-08-24,6.6,9.7,8.6,74.4,90.4,84.8,1331.7,3427.0,932.2,399.5,39.95,1.993,2.244,1.5,1.0
srv-0125,2026-08-25,7.1,10.1,9.0,75.2,80.5,78.6,1553.6,3009.5,1087.5,466.1,46.61,3.619,3.056,1.9,1.2
srv-0125,2026-08-26,6.9,11.0,9.5,76.6,81.0,79.5,1188.9,2777.5,832.3,356.7,35.67,2.244,3.044,1.1,2.0
srv-0125,2026-08-27,6.5,9.7,8.6,74.4,90.0,84.5,999.3,2083.7,699.5,299.8,29.98,1.733,1.831,0.6,0.8
srv-0125,2026-08-28,8.4,14.2,12.2,77.2,90.1,85.6,1901.0,4515.3,1330.7,570.3,57.03,2.266,2.543,1.5,1.3
srv-0125,2026-08-29,3.9,5.1,4.7,71.3,75.0,73.7,729.1,1787.5,510.4,218.7,21.87,2.309,1.736,1.1,1.1
srv-0125,2026-08-30,4.7,7.8,6.7,71.8,76.9,75.1,952.8,2164.5,667.0,285.9,28.59,1.957,1.172,0.8,1.1
srv-0125,2026-08-31,7.4,10.2,9.2,77.3,92.2,87.0,1853.6,3500.2,1297.5,556.1,55.61,4.013,1.874,3.0,1.7
srv-0125,2026-09-01,6.4,9.0,8.1,75.6,83.1,80.5,1375.7,2599.7,963.0,412.7,41.27,3.62,2.101,3.3,1.0
srv-0125,2026-09-02,7.0,11.3,9.8,76.8,87.1,83.5,1802.6,4306.2,1261.8,540.8,54.08,3.085,2.187,1.4,1.9
srv-0125,2026-09-03,7.6,12.3,10.7,75.3,81.0,79.0,1465.5,2804.6,1025.8,439.6,43.96,3.572,2.543,2.9,2.2
srv-0125,2026-09-04,7.4,10.4,9.3,76.3,85.4,82.2,1270.8,2381.5,889.6,381.3,38.13,2.365,2.463,2.2,2.4
srv-0125,2026-09-05,5.4,8.0,7.1,72.5,80.5,77.7,1115.1,2154.3,780.5,334.5,33.45,2.606,1.612,1.6,0.9
srv-0125,2026-09-06,4.9,7.2,6.4,73.0,77.4,75.9,1029.3,2026.9,720.5,308.8,30.88,2.436,1.784,1.1,0.8
srv-0126,2026-08-08,3.5,4.5,4.1,53.4,60.9,58.3,470.2,926.1,258.6,211.6,23.51,1.657,4.632,0.8,2.5
srv-0126,2026-08-09,4.2,5.3,4.9,54.1,60.5,58.3,518.3,1193.7,285.1,233.2,25.92,1.763,4.029,1.6,3.1
srv-0126,2026-08-10,5.4,8.3,7.3,56.7,59.9,58.8,612.5,1308.7,336.9,275.6,30.62,2.141,6.37,1.7,4.3
srv-0126,2026-08-11,6.2,8.8,7.9,56.5,59.5,58.5,715.5,1943.7,393.5,322.0,35.78,2.128,8.087,1.2,3.4
srv-0126,2026-08-12,4.3,6.5,5.7,55.5,67.7,63.5,768.7,2096.2,422.8,345.9,38.43,2.166,7.049,0.9,2.9
srv-0126,2026-08-13,6.7,9.3,8.4,57.3,62.5,60.7,686.5,1762.7,377.6,308.9,34.33,2.302,8.137,0.9,5.6
srv-0126,2026-08-14,4.9,8.0,6.9,55.6,66.3,62.5,769.5,2037.1,423.2,346.3,38.48,2.198,9.517,0.9,6.2
srv-0126,2026-08-15,3.6,5.0,4.5,54.1,62.7,59.7,481.8,1000.9,265.0,216.8,24.09,1.218,6.376,1.1,4.6
srv-0126,2026-08-16,3.9,6.2,5.4,53.8,64.0,60.5,426.8,1009.6,234.8,192.1,21.34,1.164,6.115,0.9,5.5
srv-0126,2026-08-17,6.8,8.7,8.0,57.9,69.1,65.2,1021.1,1949.0,561.6,459.5,51.05,3.287,8.216,1.5,4.0
srv-0126,2026-08-18,5.1,7.1,6.4,56.1,66.9,63.1,602.9,1215.8,331.6,271.3,30.15,2.113,6.697,1.7,2.7
srv-0126,2026-08-19,4.8,7.8,6.8,56.2,66.2,62.7,589.8,1112.8,324.4,265.4,29.49,1.959,9.512,1.4,6.2
srv-0126,2026-08-20,5.0,7.0,6.3,55.7,61.3,59.4,791.8,1882.6,435.5,356.3,39.59,1.816,9.8,1.0,9.6
srv-0126,2026-08-21,5.4,8.5,7.4,56.4,63.1,60.7,712.3,1320.0,391.8,320.5,35.62,1.413,8.687,0.9,6.3
srv-0126,2026-08-22,4.0,13.0,9.8,53.9,62.5,59.5,587.1,2649.1,322.9,264.2,29.35,3.166,11.253,2.8,5.0
srv-0126,2026-08-23,4.0,5.1,4.7,53.9,57.0,55.9,476.3,1156.2,262.0,214.4,23.82,1.611,6.286,0.8,3.9
srv-0126,2026-08-24,5.3,8.1,7.1,57.0,67.2,63.6,604.3,1089.7,332.4,272.0,30.22,2.471,7.358,1.4,4.0
srv-0126,2026-08-25,6.3,8.2,7.5,57.5,62.9,61.0,624.6,1182.3,343.5,281.1,31.23,2.061,7.175,1.1,3.0
srv-0126,2026-08-26,5.2,8.2,7.2,56.7,66.2,62.9,628.9,1454.4,345.9,283.0,31.45,2.722,8.411,1.9,6.3
srv-0126,2026-08-27,4.4,6.5,5.7,55.7,61.6,59.5,837.0,1934.9,460.3,376.6,41.85,2.14,7.245,1.1,4.6
srv-0126,2026-08-28,4.9,8.1,7.0,56.0,62.5,60.2,641.2,1369.6,352.6,288.5,32.06,2.264,7.182,1.4,7.2
srv-0126,2026-08-29,2.8,3.6,3.3,52.9,59.4,57.1,440.9,910.8,242.5,198.4,22.05,1.38,6.048,0.9,2.7
srv-0126,2026-08-30,2.7,4.5,3.9,53.0,62.4,59.1,406.7,1083.5,223.7,183.0,20.34,0.88,3.232,0.3,2.1
srv-0126,2026-08-31,5.7,8.4,7.5,56.0,66.4,62.7,846.8,2155.2,465.8,381.1,42.34,2.664,5.344,1.9,3.7
srv-0126,2026-09-01,5.8,8.6,7.6,56.1,61.5,59.6,729.9,1666.3,401.4,328.5,36.5,2.384,6.76,1.6,6.2
srv-0126,2026-09-02,4.8,7.2,6.4,56.2,66.3,62.8,597.0,1377.0,328.3,268.6,29.85,1.771,10.649,1.4,8.3
srv-0126,2026-09-03,5.8,9.6,8.2,56.1,68.2,63.9,602.6,1292.5,331.4,271.2,30.13,2.581,4.91,1.4,3.2
srv-0126,2026-09-04,6.6,10.5,9.1,57.4,64.3,61.9,968.2,2295.6,532.5,435.7,48.41,2.025,9.572,1.9,9.6
srv-0126,2026-09-05,3.3,4.6,4.1,53.0,61.4,58.5,453.3,1067.0,249.3,204.0,22.66,0.845,4.207,0.6,3.4
srv-0126,2026-09-06,3.4,4.4,4.1,53.4,64.8,60.8,551.1,1191.3,303.1,248.0,27.55,0.852,6.364,0.5,2.7
srv-0127,2026-08-08,15.9,24.8,21.7,65.2,77.3,73.1,282.0,753.4,155.1,126.9,14.1,2.67,2.768,1.7,1.4
srv-0127,2026-08-09,16.7,22.6,20.5,65.9,79.0,74.5,245.3,601.8,134.9,110.4,12.27,3.859,3.771,1.6,1.4
srv-0127,2026-08-10,20.4,30.4,26.9,67.6,72.0,70.4,373.3,709.6,205.3,168.0,18.66,5.883,4.643,4.2,1.8
srv-0127,2026-08-11,26.2,41.7,36.3,70.3,79.7,76.4,512.1,1272.9,281.6,230.4,25.6,4.699,4.563,2.2,1.9
srv-0127,2026-08-12,25.9,40.2,35.2,69.5,78.1,75.1,470.9,884.0,259.0,211.9,23.55,5.176,2.977,3.0,1.9
srv-0127,2026-08-13,25.1,39.0,34.2,69.0,80.7,76.6,382.6,786.0,210.4,172.1,19.13,6.505,3.566,5.1,3.0
srv-0127,2026-08-14,20.9,33.1,28.8,68.3,71.9,70.6,450.0,1258.3,247.5,202.5,22.5,3.937,3.202,1.8,3.2
srv-0127,2026-08-15,12.3,19.2,16.8,64.5,77.6,73.0,193.4,370.8,106.4,87.0,9.67,3.562,2.184,3.1,1.6
srv-0127,2026-08-16,15.8,26.3,22.6,65.5,72.0,69.7,295.5,651.9,162.5,133.0,14.78,4.021,2.48,2.5,1.4
srv-0127,2026-08-17,24.1,38.3,33.3,69.5,75.6,73.5,402.3,779.5,221.2,181.0,20.11,5.899,4.719,4.6,4.1
srv-0127,2026-08-18,22.6,28.6,26.5,67.7,82.6,77.4,328.6,702.7,180.7,147.9,16.43,3.184,2.769,1.8,2.8
srv-0127,2026-08-19,24.0,37.8,33.0,69.4,73.8,72.2,492.9,1242.1,271.1,221.8,24.64,4.764,3.608,2.0,2.2
srv-0127,2026-08-20,17.4,23.3,21.2,67.4,75.7,72.8,312.4,682.1,171.8,140.6,15.62,3.942,4.274,2.4,3.1
srv-0127,2026-08-21,24.9,71.0,54.9,70.0,82.3,78.0,352.6,1938.2,193.9,158.7,17.63,10.471,9.66,7.4,3.8
srv-0127,2026-08-22,15.1,41.7,32.4,65.8,73.3,70.7,264.9,1104.1,145.7,119.2,13.24,7.66,5.094,3.1,3.5
srv-0127,2026-08-23,14.6,18.5,17.2,65.5,70.7,68.9,281.2,602.8,154.7,126.6,14.06,4.678,2.839,2.0,2.6
srv-0127,2026-08-24,21.2,27.5,25.3,69.0,82.9,78.0,420.3,786.0,231.2,189.1,21.02,3.962,3.48,2.7,1.5
srv-0127,2026-08-25,21.0,34.0,29.4,67.5,75.3,72.6,419.9,1127.9,230.9,188.9,20.99,4.489,3.63,4.0,2.8
srv-0127,2026-08-26,24.9,42.1,36.1,69.4,74.4,72.6,487.5,1235.6,268.1,219.4,24.38,6.224,2.819,4.3,1.8
srv-0127,2026-08-27,18.6,28.3,24.9,68.2,74.7,72.4,356.9,830.7,196.3,160.6,17.84,4.554,4.676,3.2,3.9
srv-0127,2026-08-28,25.8,39.9,35.0,69.8,80.7,76.9,554.3,1171.7,304.9,249.4,27.71,5.639,5.647,3.2,5.0
srv-0127,2026-08-29,13.4,18.6,16.8,64.3,75.4,71.5,205.5,438.1,113.0,92.5,10.28,3.04,1.707,1.5,1.5
srv-0127,2026-08-30,16.0,23.7,21.0,65.6,74.7,71.5,291.9,613.0,160.6,131.4,14.6,3.813,3.894,1.6,1.9
srv-0127,2026-08-31,21.1,28.3,25.7,68.6,75.2,72.9,455.5,1155.8,250.5,205.0,22.78,5.915,2.618,4.7,2.5
srv-0127,2026-09-01,25.9,40.8,35.6,69.1,73.7,72.1,440.1,910.6,242.1,198.1,22.01,5.938,4.659,4.2,3.6
srv-0127,2026-09-02,24.1,33.4,30.2,69.5,83.5,78.6,444.9,851.8,244.7,200.2,22.25,7.228,5.093,4.4,3.7
srv-0127,2026-09-03,22.6,34.0,30.0,68.6,78.7,75.1,392.5,1027.1,215.9,176.6,19.62,6.279,3.149,3.8,2.3
srv-0127,2026-09-04,22.1,32.7,29.0,68.8,80.7,76.6,503.3,996.2,276.8,226.5,25.17,6.541,4.499,2.7,1.8
srv-0127,2026-09-05,12.7,41.1,31.2,65.4,71.0,69.0,264.3,1372.9,145.4,118.9,13.22,5.428,7.018,3.0,4.3
srv-0127,2026-09-06,17.0,25.9,22.8,66.1,78.6,74.2,266.2,580.9,146.4,119.8,13.31,3.299,4.282,1.8,3.2
srv-0128,2026-08-08,30.5,39.3,36.2,86.3,99,94.5,181.4,368.3,99.8,81.6,9.07,2.231,2.459,1.8,1.9
srv-0128,2026-08-09,21.5,32.4,28.6,84.9,92.0,89.5,159.1,331.8,87.5,71.6,7.96,2.214,1.801,1.5,1.0
srv-0128,2026-08-10,32.7,43.1,39.5,88.8,99,95.4,196.9,371.3,108.3,88.6,9.84,3.192,3.721,1.4,2.7
srv-0128,2026-08-11,36.5,54.9,48.5,88.6,95.3,92.9,234.2,520.2,128.8,105.4,11.71,5.037,3.966,4.5,2.7
srv-0128,2026-08-12,37.5,57.1,50.2,88.5,98.4,94.9,231.4,461.7,127.3,104.1,11.57,4.255,3.151,3.2,1.2
srv-0128,2026-08-13,39.7,58.4,51.9,89.8,94.9,93.1,175.7,346.4,96.6,79.1,8.78,4.274,4.544,3.8,1.9
srv-0128,2026-08-14,39.3,50.7,46.7,90.1,95.4,93.5,182.7,433.8,100.5,82.2,9.14,5.726,4.656,4.1,3.1
srv-0128,2026-08-15,21.3,27.4,25.3,84.7,94.4,91.0,121.7,315.2,66.9,54.8,6.09,2.788,1.452,2.6,0.7
srv-0128,2026-08-16,27.3,45.5,39.1,85.2,98.6,93.9,127.5,297.9,70.1,57.4,6.37,3.511,1.88,1.9,1.6
srv-0128,2026-08-17,33.1,99,75.9,89.1,99,95.5,247.8,1301.5,136.3,111.5,12.39,8.885,9.617,3.5,9.1
srv-0128,2026-08-18,36.4,61.5,52.7,90.2,97.4,94.9,235.8,521.0,129.7,106.1,11.79,4.522,4.062,3.2,1.8
srv-0128,2026-08-19,43.2,73.0,62.5,89.8,99,95.8,270.3,645.6,148.7,121.6,13.52,4.847,5.065,2.9,5.1
srv-0128,2026-08-20,37.7,52.9,47.6,88.6,97.1,94.1,205.7,437.9,113.1,92.5,10.28,5.026,4.205,3.7,3.2
srv-0128,2026-08-21,37.2,60.7,52.5,88.3,94.3,92.2,235.5,657.2,129.5,106.0,11.77,3.103,3.492,1.5,2.1
srv-0128,2026-08-22,24.5,38.7,33.7,85.3,97.7,93.3,168.4,468.1,92.6,75.8,8.42,2.715,3.112,2.5,2.4
srv-0128,2026-08-23,28.3,38.8,35.1,86.4,99,94.6,179.2,459.1,98.6,80.6,8.96,2.185,2.758,1.7,1.2
srv-0128,2026-08-24,45.6,65.3,58.4,90.1,99,95.9,254.8,477.7,140.2,114.7,12.74,5.086,2.882,3.1,1.7
srv-0128,2026-08-25,40.4,66.9,57.6,89.7,99,95.8,212.0,412.9,116.6,95.4,10.6,5.24,3.992,2.1,1.6
srv-0128,2026-08-26,50.7,69.0,62.6,92.0,97.7,95.7,313.0,766.2,172.2,140.9,15.65,4.823,4.42,2.5,1.9
srv-0128,2026-08-27,41.6,66.2,57.6,90.4,99,96.0,216.4,579.6,119.0,97.4,10.82,3.444,3.483,2.7,1.7
srv-0128,2026-08-28,42.1,59.0,53.1,91.2,96.9,94.9,213.1,513.3,117.2,95.9,10.66,5.303,4.602,4.8,4.0
srv-0128,2026-08-29,22.7,36.2,31.4,84.5,92.8,89.9,145.2,378.0,79.9,65.3,7.26,3.209,2.882,2.5,1.7
srv-0128,2026-08-30,27.6,36.6,33.4,85.5,98.5,94.0,142.7,312.1,78.5,64.2,7.14,3.455,2.784,1.3,2.6
srv-0128,2026-08-31,39.5,55.7,50.0,89.7,95.3,93.4,240.3,564.7,132.2,108.2,12.02,2.674,4.644,1.1,4.4
srv-0128,2026-09-01,41.6,70.0,60.1,89.6,99,95.7,184.1,404.6,101.3,82.8,9.21,4.544,2.814,3.8,2.6
srv-0128,2026-09-02,37.2,57.3,50.3,88.7,99,95.4,159.5,400.2,87.7,71.8,7.97,4.317,2.989,1.8,2.5
srv-0128,2026-09-03,35.0,99,76.6,88.3,99,95.3,188.5,693.8,103.7,84.8,9.42,5.402,7.072,2.5,5.6
srv-0128,2026-09-04,36.6,52.0,46.6,89.7,99,95.8,235.1,426.5,129.3,105.8,11.76,5.37,4.314,2.0,3.0
srv-0128,2026-09-05,31.4,52.4,45.0,86.3,96.7,93.1,152.7,370.6,84.0,68.7,7.63,3.586,1.914,3.3,1.5
srv-0128,2026-09-06,26.4,36.6,33.0,84.9,99,94.1,119.2,226.1,65.5,53.6,5.96,2.02,2.027,1.0,1.5
srv-0129,2026-08-08,6.8,11.4,9.8,32.1,35.7,34.5,2339.1,6026.4,1637.4,701.7,70.17,3.017,1.941,1.6,1.9
srv-0129,2026-08-09,8.1,11.7,10.4,32.2,38.0,36.0,1627.0,4041.9,1138.9,488.1,48.81,2.732,1.793,1.8,1.7
srv-0129,2026-08-10,8.4,10.6,9.8,33.0,39.1,37.0,1991.3,5281.2,1393.9,597.4,59.74,2.604,2.766,1.4,2.0
srv-0129,2026-08-11,8.4,13.8,11.9,33.2,37.3,35.9,2349.4,6455.1,1644.6,704.8,70.48,4.342,1.586,1.8,1.1
srv-0129,2026-08-12,11.8,19.6,16.9,34.0,37.4,36.2,3671.7,7123.3,2570.2,1101.5,110.15,2.647,3.152,1.8,2.5
srv-0129,2026-08-13,8.1,13.4,11.6,33.0,38.4,36.5,1819.4,4567.2,1273.5,545.8,54.58,2.685,2.03,2.0,1.8
srv-0129,2026-08-14,8.5,10.8,10.0,33.0,38.2,36.4,2898.9,7104.8,2029.2,869.7,86.97,3.375,3.027,2.5,2.8
srv-0129,2026-08-15,6.1,8.3,7.5,31.7,33.6,32.9,1452.5,3155.8,1016.8,435.8,43.58,2.528,1.274,2.3,0.6
srv-0129,2026-08-16,7.1,10.3,9.2,31.9,33.9,33.2,1918.5,4447.6,1343.0,575.6,57.56,2.427,1.791,1.2,1.3
srv-0129,2026-08-17,9.6,14.2,12.6,33.1,40.3,37.8,1950.2,4850.7,1365.1,585.1,58.51,2.331,2.233,2.0,1.0
srv-0129,2026-08-18,11.0,14.8,13.5,33.4,38.8,36.9,2088.3,4877.5,1461.8,626.5,62.65,4.44,2.426,2.1,2.2
srv-0129,2026-08-19,11.5,15.8,14.3,33.7,36.1,35.2,2916.4,7020.5,2041.5,874.9,87.49,4.392,2.818,3.2,2.7
srv-0129,2026-08-20,8.2,13.3,11.5,33.0,35.6,34.7,2414.6,5599.2,1690.2,724.4,72.44,2.462,2.347,1.6,1.3
srv-0129,2026-08-21,8.2,11.8,10.6,33.0,35.8,34.9,3003.0,7836.8,2102.1,900.9,90.09,3.243,3.036,2.1,3.1
srv-0129,2026-08-22,6.3,8.4,7.6,31.5,35.7,34.2,1645.4,3608.5,1151.8,493.6,49.36,1.752,1.565,1.0,0.8
srv-0129,2026-08-23,7.3,11.7,10.2,32.0,36.5,34.9,1974.1,4515.2,1381.9,592.2,59.22,2.561,1.935,1.0,1.3
srv-0129,2026-08-24,11.3,31.7,24.6,34.2,40.8,38.5,2336.0,9638.0,1635.2,700.8,70.08,6.359,6.455,3.3,4.8
srv-0129,2026-08-25,10.5,14.9,13.3,33.7,36.7,35.6,2109.7,4123.8,1476.8,632.9,63.29,4.294,2.003,1.9,1.8
srv-0129,2026-08-26,11.7,17.9,15.8,34.0,41.0,38.5,3425.6,7358.9,2397.9,1027.7,102.77,3.151,1.931,2.8,1.9
srv-0129,2026-08-27,9.2,14.3,12.5,33.4,36.1,35.2,3064.8,7791.2,2145.4,919.5,91.95,4.297,3.059,1.6,2.8
srv-0129,2026-08-28,10.3,13.3,12.3,34.1,36.0,35.3,3204.9,8075.9,2243.4,961.5,96.15,2.671,2.476,1.6,1.3
srv-0129,2026-08-29,6.8,9.4,8.5,32.4,37.7,35.8,1784.4,3577.4,1249.1,535.3,53.53,2.603,2.318,2.4,1.8
srv-0129,2026-08-30,5.3,7.2,6.6,31.6,35.7,34.2,1390.3,3667.0,973.2,417.1,41.71,1.97,1.243,1.7,1.2
srv-0129,2026-08-31,9.4,15.6,13.4,33.6,38.9,37.0,2169.0,4049.6,1518.3,650.7,65.07,4.079,2.387,1.9,1.5
srv-0129,2026-09-01,11.1,17.6,15.3,33.6,40.6,38.1,3000.8,5835.9,2100.6,900.3,90.03,2.944,3.484,2.1,3.2
srv-0129,2026-09-02,11.9,16.3,14.7,34.2,36.7,35.8,2779.6,6292.8,1945.8,833.9,83.39,3.765,2.954,3.2,1.7
srv-0129,2026-09-03,11.5,16.0,14.4,33.8,36.8,35.8,2717.2,6002.1,1902.0,815.2,81.52,3.187,2.627,2.9,1.2
srv-0129,2026-09-04,9.9,12.5,11.6,33.5,39.2,37.2,2575.8,5924.7,1803.1,772.7,77.27,3.413,3.421,2.7,1.6
srv-0129,2026-09-05,8.6,13.9,12.0,32.3,38.2,36.1,2164.9,5668.9,1515.4,649.5,64.95,3.468,1.283,2.8,0.5
srv-0129,2026-09-06,6.3,10.5,9.0,32.0,35.9,34.5,2185.2,5786.5,1529.7,655.6,65.56,1.688,1.778,0.7,0.8
srv-0130,2026-08-08,21.5,29.1,26.4,65.5,72.1,69.8,55.0,128.9,30.2,24.7,2.75,0.914,11.765,0.5,11.2
srv-0130,2026-08-09,15.2,24.1,21.0,64.2,75.8,71.8,53.4,107.5,29.4,24.0,2.67,1.236,7.148,0.6,6.3
srv-0130,2026-08-10,32.3,53.6,46.1,69.7,81.9,77.6,99.4,263.2,54.7,44.7,4.97,1.353,25.186,1.2,25.2
srv-0130,2026-08-11,23.8,33.9,30.4,67.1,79.0,74.8,78.7,142.7,43.3,35.4,3.94,1.793,12.298,0.9,7.0
srv-0130,2026-08-12,35.1,52.1,46.1,69.8,83.6,78.8,82.3,197.2,45.3,37.0,4.11,1.565,24.201,1.4,21.3
srv-0130,2026-08-13,24.2,87.9,65.6,68.1,76.5,73.6,83.1,462.0,45.7,37.4,4.15,2.797,48.466,1.2,23.6
srv-0130,2026-08-14,26.8,42.4,36.9,67.6,79.0,75.0,85.6,187.7,47.1,38.5,4.28,1.381,11.383,1.2,7.2
srv-0130,2026-08-15,22.1,29.2,26.7,65.3,74.4,71.2,69.1,150.2,38.0,31.1,3.46,0.941,8.425,0.4,6.9
srv-0130,2026-08-16,19.9,29.6,26.2,65.4,71.1,69.1,53.8,134.1,29.6,24.2,2.69,1.425,8.301,0.8,7.0
srv-0130,2026-08-17,31.6,43.6,39.4,68.3,81.5,76.8,108.4,281.2,59.6,48.8,5.42,1.261,13.651,1.1,12.6
srv-0130,2026-08-18,33.8,53.7,46.7,69.2,74.1,72.3,89.4,235.3,49.2,40.2,4.47,2.032,17.738,1.5,13.6
srv-0130,2026-08-19,30.0,41.4,37.4,68.5,75.4,73.0,112.6,273.1,61.9,50.7,5.63,1.121,17.243,0.8,16.2
srv-0130,2026-08-20,32.9,45.4,41.0,69.0,76.0,73.5,115.9,315.1,63.8,52.2,5.8,2.299,15.361,1.7,10.2
srv-0130,2026-08-21,35.0,55.4,48.3,69.8,79.6,76.2,127.1,326.9,69.9,57.2,6.36,2.0,18.05,1.1,10.9
srv-0130,2026-08-22,16.2,26.3,22.8,64.1,76.4,72.1,64.9,140.4,35.7,29.2,3.24,1.065,12.907,0.7,12.3
srv-0130,2026-08-23,22.1,35.7,30.9,65.5,75.2,71.8,64.6,127.4,35.5,29.1,3.23,1.043,14.595,0.4,9.8
srv-0130,2026-08-24,26.5,43.0,37.2,67.0,77.3,73.7,83.9,151.2,46.1,37.7,4.19,0.92,15.277,0.8,7.9
srv-0130,2026-08-25,23.0,34.3,30.4,67.0,79.8,75.4,99.1,215.1,54.5,44.6,4.95,1.226,21.15,0.9,18.7
srv-0130,2026-08-26,23.2,74.4,56.5,67.0,74.1,71.6,82.0,461.7,45.1,36.9,4.1,4.194,37.075,2.1,21.6
srv-0130,2026-08-27,23.5,35.7,31.5,67.2,73.0,71.0,75.4,161.6,41.5,33.9,3.77,1.221,17.662,0.6,15.8
srv-0130,2026-08-28,24.3,32.4,29.6,67.2,78.3,74.4,68.7,130.5,37.8,30.9,3.43,1.094,13.867,0.6,11.4
srv-0130,2026-08-29,16.3,59.1,44.1,65.0,69.0,67.6,73.1,308.8,40.2,32.9,3.65,3.216,21.052,2.8,12.0
srv-0130,2026-08-30,18.9,28.9,25.4,64.3,71.0,68.7,64.8,123.4,35.6,29.1,3.24,1.17,7.87,0.5,6.4
srv-0130,2026-08-31,24.4,30.6,28.4,67.6,79.4,75.3,83.6,223.4,46.0,37.6,4.18,1.773,13.554,1.4,10.1
srv-0130,2026-09-01,24.1,94.1,69.6,67.5,74.3,71.9,70.4,297.6,38.7,31.7,3.52,4.335,44.404,3.8,34.9
srv-0130,2026-09-02,29.2,43.8,38.7,67.6,77.3,73.9,69.0,192.8,38.0,31.1,3.45,1.084,22.805,0.7,11.3
srv-0130,2026-09-03,28.9,40.9,36.7,68.2,77.7,74.4,81.4,185.9,44.8,36.6,4.07,2.167,23.346,1.8,12.5
srv-0130,2026-09-04,29.0,99,74.5,67.9,80.3,75.9,95.7,615.6,52.7,43.1,4.79,2.796,34.551,1.7,29.9
srv-0130,2026-09-05,17.8,22.6,20.9,65.5,70.6,68.8,55.0,105.7,30.2,24.7,2.75,1.07,11.284,1.0,7.1
srv-0130,2026-09-06,20.1,30.8,27.0,64.9,75.7,71.9,51.7,122.3,28.5,23.3,2.59,1.244,11.36,0.7,5.1
srv-0135,2026-08-08,15.6,22.5,20.0,43.4,51.6,48.8,656.4,1619.6,361.0,295.4,32.82,2.646,1.701,1.9,1.5
srv-0135,2026-08-09,15.8,26.0,22.5,43.6,48.3,46.7,778.4,1806.3,428.1,350.3,38.92,2.28,2.012,1.6,1.0
srv-0135,2026-08-10,29.9,42.7,38.3,47.2,56.4,53.2,1102.9,2775.8,606.6,496.3,55.15,6.293,2.788,3.7,2.7
srv-0135,2026-08-11,31.5,45.2,40.4,47.3,57.1,53.7,1090.7,2198.7,599.9,490.8,54.54,5.604,4.568,2.8,3.8
srv-0135,2026-08-12,23.4,71.4,54.6,46.7,54.4,51.7,1053.5,4801.5,579.4,474.1,52.67,14.078,4.805,12.7,2.5
srv-0135,2026-08-13,23.6,33.7,30.2,46.1,52.6,50.3,1268.1,3209.5,697.5,570.7,63.41,4.205,3.604,1.7,3.2
srv-0135,2026-08-14,26.2,33.0,30.7,46.8,56.8,53.3,1333.2,3484.9,733.2,599.9,66.66,7.824,4.33,5.8,4.1
srv-0135,2026-08-15,15.3,40.7,31.8,43.6,51.2,48.5,655.6,2994.7,360.6,295.0,32.78,7.279,3.363,4.9,3.2
srv-0135,2026-08-16,17.2,26.0,23.0,43.9,49.1,47.3,713.7,1839.7,392.5,321.1,35.68,2.949,1.838,1.4,1.1
srv-0135,2026-08-17,24.2,30.6,28.4,47.0,55.3,52.4,1401.9,3599.5,771.0,630.8,70.09,7.619,2.205,5.5,1.7
srv-0135,2026-08-18,24.3,35.3,31.4,46.3,53.1,50.7,1029.4,2182.2,566.2,463.2,51.47,4.269,3.829,3.8,2.0
srv-0135,2026-08-19,21.2,71.9,54.1,45.9,51.3,49.4,901.4,4857.6,495.8,405.6,45.07,8.168,7.183,5.7,3.7
srv-0135,2026-08-20,27.4,46.1,39.5,46.9,53.3,51.1,1308.6,2977.4,719.7,588.9,65.43,7.186,2.801,4.7,1.3
srv-0135,2026-08-21,21.9,55.7,43.9,45.9,51.6,49.6,972.5,4756.3,534.9,437.6,48.63,11.483,7.293,7.1,5.8
srv-0135,2026-08-22,19.9,26.7,24.3,44.7,53.5,50.4,947.5,1730.5,521.1,426.4,47.37,2.909,2.873,1.2,1.3
srv-0135,2026-08-23,16.7,27.8,23.9,44.0,51.1,48.6,637.2,1315.2,350.4,286.7,31.86,3.125,1.889,2.4,0.9
srv-0135,2026-08-24,23.7,34.9,31.0,45.5,54.9,51.6,1212.7,2844.0,667.0,545.7,60.63,4.406,3.366,3.0,1.7
srv-0135,2026-08-25,23.4,38.6,33.3,45.7,51.8,49.7,1104.8,2066.1,607.6,497.2,55.24,5.41,1.798,3.0,0.8
srv-0135,2026-08-26,21.8,37.0,31.7,46.2,52.6,50.4,1321.5,2575.3,726.8,594.7,66.08,6.603,2.155,4.9,1.0
srv-0135,2026-08-27,24.2,31.0,28.6,46.3,55.5,52.3,1223.8,3388.0,673.1,550.7,61.19,3.612,2.661,2.2,2.1
srv-0135,2026-08-28,26.7,34.6,31.9,46.8,51.4,49.8,1259.9,2573.8,693.0,567.0,63.0,4.993,3.094,2.1,2.3
srv-0135,2026-08-29,18.2,26.9,23.8,44.4,53.1,50.1,679.2,1850.2,373.5,305.6,33.96,3.782,2.841,2.2,1.4
srv-0135,2026-08-30,18.0,26.2,23.4,44.4,51.6,49.1,738.4,1752.5,406.1,332.3,36.92,4.27,1.679,2.5,0.9
srv-0135,2026-08-31,26.6,45.1,38.6,47.3,50.2,49.2,1655.8,4158.5,910.7,745.1,82.79,4.801,4.283,2.3,2.6
srv-0135,2026-09-01,30.1,49.3,42.6,47.2,51.1,49.7,1345.6,3364.2,740.1,605.5,67.28,5.009,3.616,2.5,2.1
srv-0135,2026-09-02,27.4,78.5,60.6,46.5,56.0,52.7,1054.4,5338.4,579.9,474.5,52.72,8.208,8.311,6.7,5.1
srv-0135,2026-09-03,24.6,31.6,29.2,46.3,51.2,49.5,976.2,2228.5,536.9,439.3,48.81,7.169,1.947,5.5,0.9
srv-0135,2026-09-04,24.6,41.3,35.5,45.7,48.2,47.4,803.3,1727.8,441.8,361.5,40.17,3.392,2.143,2.3,2.0
srv-0135,2026-09-05,17.0,25.0,22.2,44.1,48.7,47.1,844.7,1882.8,464.6,380.1,42.23,2.996,1.931,2.4,2.0
srv-0135,2026-09-06,14.4,23.5,20.3,43.5,50.3,47.9,567.6,1530.6,312.2,255.4,28.38,2.248,1.712,1.6,1.5
srv-0136,2026-08-08,7.4,10.8,9.6,47.6,57.1,53.8,77.8,179.4,42.8,35.0,3.89,2.284,1.944,1.8,1.6
srv-0136,2026-08-09,8.0,12.3,10.8,47.8,51.8,50.4,92.9,196.5,51.1,41.8,4.65,2.608,2.304,1.8,2.2
srv-0136,2026-08-10,10.5,14.0,12.8,49.8,54.0,52.5,109.8,233.0,60.4,49.4,5.49,3.004,3.91,1.5,3.8
srv-0136,2026-08-11,11.9,16.8,15.1,50.2,60.7,57.0,122.9,297.7,67.6,55.3,6.15,5.319,3.583,3.3,2.9
srv-0136,2026-08-12,13.0,21.5,18.5,50.6,58.0,55.4,136.5,313.4,75.1,61.4,6.83,2.854,4.19,1.7,3.8
srv-0136,2026-08-13,12.2,15.5,14.4,51.2,62.2,58.4,195.9,503.8,107.8,88.2,9.8,4.689,2.261,2.3,2.2
srv-0136,2026-08-14,15.4,20.2,18.5,51.5,60.3,57.2,172.5,417.7,94.9,77.6,8.63,6.068,3.619,4.4,1.6
srv-0136,2026-08-15,7.0,21.5,16.4,47.7,56.1,53.2,108.0,556.7,59.4,48.6,5.4,4.159,2.602,3.8,1.8
srv-0136,2026-08-16,8.7,12.5,11.2,48.1,55.9,53.1,129.4,347.6,71.2,58.2,6.47,3.364,2.173,2.6,1.3
srv-0136,2026-08-17,15.0,23.2,20.3,51.3,61.7,58.1,214.7,468.3,118.1,96.6,10.74,5.421,4.018,2.8,1.7
srv-0136,2026-08-18,12.5,18.7,16.5,50.1,52.8,51.9,116.1,256.8,63.9,52.3,5.81,2.997,3.248,2.1,2.3
srv-0136,2026-08-19,10.0,16.1,14.0,49.5,55.0,53.1,132.7,354.8,73.0,59.7,6.63,3.591,2.165,3.2,2.1
srv-0136,2026-08-20,11.8,19.0,16.5,50.1,59.6,56.3,142.5,366.6,78.4,64.1,7.12,4.884,2.219,4.0,2.2
srv-0136,2026-08-21,13.9,21.3,18.7,50.8,54.5,53.3,187.8,348.3,103.3,84.5,9.39,3.049,3.778,2.6,1.5
srv-0136,2026-08-22,8.7,14.4,12.4,47.9,58.2,54.6,116.8,326.5,64.2,52.6,5.84,3.593,1.498,2.6,1.4
srv-0136,2026-08-23,7.2,11.5,10.0,47.2,50.7,49.4,97.9,251.5,53.9,44.1,4.9,2.58,1.681,1.2,0.8
srv-0136,2026-08-24,10.3,13.2,12.2,49.6,57.8,54.9,166.6,303.7,91.7,75.0,8.33,2.524,3.361,1.8,3.1
srv-0136,2026-08-25,12.5,39.0,29.7,49.6,55.6,53.5,125.4,688.5,69.0,56.4,6.27,7.382,5.737,3.8,5.0
srv-0136,2026-08-26,12.6,16.3,15.0,50.6,61.4,57.6,158.8,440.1,87.3,71.4,7.94,3.344,4.438,1.6,3.0
srv-0136,2026-08-27,13.1,21.8,18.8,51.1,57.2,55.1,158.4,371.1,87.1,71.3,7.92,3.399,3.319,2.1,2.1
srv-0136,2026-08-28,13.1,19.7,17.4,51.0,57.6,55.3,184.6,404.8,101.5,83.1,9.23,3.901,4.359,2.8,3.7
srv-0136,2026-08-29,6.2,9.4,8.3,47.1,53.3,51.1,107.0,277.2,58.9,48.2,5.35,1.589,1.145,0.9,0.6
srv-0136,2026-08-30,7.7,11.3,10.0,47.1,50.7,49.4,92.4,193.5,50.8,41.6,4.62,1.654,1.438,1.4,0.7
srv-0136,2026-08-31,10.8,29.8,23.2,49.9,54.8,53.1,139.8,584.6,76.9,62.9,6.99,8.44,4.248,7.3,3.7
srv-0136,2026-09-01,12.9,17.7,16.0,50.2,53.7,52.5,124.9,313.1,68.7,56.2,6.24,2.761,2.607,2.5,1.0
srv-0136,2026-09-02,10.7,16.7,14.6,49.4,54.5,52.7,108.3,291.5,59.6,48.7,5.41,3.938,1.981,2.2,1.2
srv-0136,2026-09-03,13.8,22.8,19.7,51.1,58.5,55.9,166.7,345.3,91.7,75.0,8.33,3.455,4.032,2.5,4.0
srv-0136,2026-09-04,14.4,23.8,20.5,51.0,55.4,53.9,157.1,294.9,86.4,70.7,7.86,4.347,3.003,3.2,1.1
srv-0136,2026-09-05,9.8,16.1,13.9,48.3,58.6,55.0,101.1,182.6,55.6,45.5,5.05,3.536,2.658,3.1,2.3
srv-0136,2026-09-06,6.9,9.7,8.7,47.1,51.7,50.1,106.6,196.2,58.6,48.0,5.33,2.482,1.888,1.5,0.8
srv-0137,2026-08-08,21.3,60.8,47.0,84.4,96.5,92.3,420.4,1612.5,294.3,126.1,12.61,3.018,2.008,1.2,1.5
srv-0137,2026-08-09,25.3,35.8,32.1,86.5,94.3,91.6,760.9,1758.2,532.6,228.3,22.83,1.68,0.796,0.7,0.4
srv-0137,2026-08-10,37.4,63.5,54.3,91.4,99,96.4,1053.2,2735.0,737.2,316.0,31.6,3.561,1.659,2.6,1.1
srv-0137,2026-08-11,36.0,58.4,50.5,88.9,96.7,94.0,715.0,1298.7,500.5,214.5,21.45,2.589,1.685,1.1,1.4
srv-0137,2026-08-12,31.6,72.5,58.2,89.1,99,95.5,881.8,3374.3,617.2,264.5,26.45,3.564,2.485,1.7,1.0
srv-0137,2026-08-13,41.8,99,79.0,90.4,99,96.0,854.5,3677.6,598.1,256.3,25.63,3.609,2.226,2.0,1.4
srv-0137,2026-08-14,35.5,56.1,48.9,88.7,93.2,91.6,924.4,2319.6,647.0,277.3,27.73,3.356,1.006,1.4,0.9
srv-0137,2026-08-15,26.7,70.8,55.4,86.3,99,94.5,679.6,2588.7,475.7,203.9,20.39,3.907,2.114,2.1,1.6
srv-0137,2026-08-16,23.9,33.6,30.2,84.3,95.9,91.8,404.2,1125.8,282.9,121.3,12.13,1.526,1.23,1.4,1.1
srv-0137,2026-08-17,36.8,55.6,49.0,90.4,97.3,94.9,875.9,2395.1,613.1,262.8,26.28,3.597,1.723,3.0,1.4
srv-0137,2026-08-18,41.4,62.2,54.9,90.3,95.4,93.6,780.8,2009.2,546.6,234.2,23.42,2.289,1.133,1.4,0.5
srv-0137,2026-08-19,34.6,45.9,41.9,88.0,99,95.2,786.2,1881.2,550.3,235.9,23.59,1.749,1.784,1.3,1.4
srv-0137,2026-08-20,42.3,65.0,57.0,90.7,99,96.1,1163.9,2548.4,814.7,349.2,34.92,3.869,1.882,2.4,1.3
srv-0137,2026-08-21,34.9,49.8,44.6,89.0,99,95.5,860.0,1770.8,602.0,258.0,25.8,3.868,1.87,2.4,1.1
srv-0137,2026-08-22,30.2,48.0,41.8,86.6,92.2,90.2,762.3,1501.0,533.6,228.7,22.87,1.692,1.546,1.0,1.5
srv-0137,2026-08-23,25.4,38.1,33.7,86.6,99,94.6,795.9,1828.9,557.1,238.8,23.88,2.955,1.567,2.6,1.6
srv-0137,2026-08-24,35.1,51.5,45.8,90.6,99,96.1,710.8,1590.0,497.6,213.2,21.32,4.599,1.812,3.4,1.5
srv-0137,2026-08-25,39.1,57.5,51.1,89.9,99,95.8,889.7,1973.1,622.8,266.9,26.69,2.323,1.072,1.1,0.9
srv-0137,2026-08-26,43.4,96.8,78.1,91.3,99,96.3,1056.4,4473.3,739.5,316.9,31.69,4.804,2.98,2.6,1.4
srv-0137,2026-08-27,40.6,67.4,58.0,90.5,99,96.0,985.8,2009.6,690.0,295.7,29.57,4.315,1.315,2.9,0.9
srv-0137,2026-08-28,30.9,42.8,38.6,88.5,97.2,94.1,881.3,2461.1,616.9,264.4,26.44,2.9,1.773,1.2,1.6
srv-0137,2026-08-29,30.4,38.8,35.8,86.4,96.8,93.2,520.7,1142.3,364.5,156.2,15.62,2.458,1.632,1.5,1.0
srv-0137,2026-08-30,26.3,39.6,35.0,85.9,90.7,89.0,524.3,1374.4,367.0,157.3,15.73,1.772,1.138,1.0,0.9
srv-0137,2026-08-31,31.5,49.1,42.9,89.7,99,95.7,884.2,1864.4,619.0,265.3,26.53,3.652,1.693,2.9,1.3
srv-0137,2026-09-01,35.6,54.0,47.6,90.6,96.0,94.1,947.2,2622.6,663.0,284.2,28.42,3.078,1.908,1.5,1.3
srv-0137,2026-09-02,34.6,95.2,74.0,90.2,95.9,93.9,712.5,3149.8,498.7,213.7,21.37,7.011,3.711,4.5,1.5
srv-0137,2026-09-03,38.6,60.5,52.8,90.9,99,96.2,860.0,1682.8,602.0,258.0,25.8,3.197,2.047,2.2,1.5
srv-0137,2026-09-04,34.7,50.5,45.0,89.9,99,95.8,763.0,1908.7,534.1,228.9,22.89,2.277,1.738,1.5,1.2
srv-0137,2026-09-05,22.8,34.4,30.3,84.5,93.6,90.4,576.6,1467.8,403.6,173.0,17.3,1.867,1.294,1.4,1.2
srv-0137,2026-09-06,23.7,35.3,31.2,84.7,99,94.0,621.4,1459.4,435.0,186.4,18.64,1.579,1.079,1.3,0.5
srv-0138,2026-08-08,3.0,5.1,4.4,35.0,39.1,37.6,209.9,415.0,115.5,94.5,10.5,3.483,2.107,1.4,1.9
srv-0138,2026-08-09,4.0,5.0,4.6,35.5,37.6,36.9,205.1,494.2,112.8,92.3,10.26,3.905,3.222,2.1,2.8
srv-0138,2026-08-10,5.5,7.4,6.7,36.7,40.9,39.4,305.6,645.7,168.1,137.5,15.28,3.523,2.96,3.1,1.6
srv-0138,2026-08-11,5.3,6.8,6.3,36.5,43.8,41.2,256.5,675.0,141.1,115.4,12.83,5.292,3.213,4.2,2.9
srv-0138,2026-08-12,5.9,17.2,13.2,37.0,43.3,41.1,221.4,950.0,121.8,99.6,11.07,13.51,5.523,12.1,4.3
srv-0138,2026-08-13,5.0,7.6,6.7,36.3,40.6,39.1,307.3,562.1,169.0,138.3,15.37,5.463,2.086,3.1,0.9
srv-0138,2026-08-14,5.8,8.5,7.5,37.6,45.3,42.6,303.3,622.4,166.8,136.5,15.17,4.351,3.355,3.3,1.3
srv-0138,2026-08-15,3.2,5.0,4.3,35.1,37.3,36.5,177.4,400.0,97.6,79.8,8.87,2.465,1.588,1.6,0.9
srv-0138,2026-08-16,3.3,5.1,4.5,35.0,39.3,37.8,141.8,354.9,78.0,63.8,7.09,4.102,2.008,2.3,1.4
srv-0138,2026-08-17,5.3,8.7,7.5,37.7,44.7,42.3,283.4,733.6,155.9,127.5,14.17,5.25,3.015,4.0,2.6
srv-0138,2026-08-18,4.7,6.9,6.1,36.4,43.2,40.8,265.0,569.1,145.8,119.3,13.25,4.648,3.2,1.9,1.6
srv-0138,2026-08-19,4.7,6.6,5.9,36.9,39.4,38.5,322.3,794.0,177.3,145.1,16.12,3.524,4.199,2.4,4.3
srv-0138,2026-08-20,5.3,8.9,7.7,37.4,41.7,40.2,345.4,628.0,190.0,155.4,17.27,3.535,3.351,2.8,3.3
srv-0138,2026-08-21,4.4,7.4,6.4,36.5,38.7,37.9,199.1,434.8,109.5,89.6,9.95,3.77,3.7,2.5,1.5
srv-0138,2026-08-22,2.7,3.6,3.3,34.5,41.7,39.2,175.4,439.9,96.5,78.9,8.77,3.254,1.761,1.8,0.7
srv-0138,2026-08-23,3.6,5.4,4.7,35.5,38.7,37.6,226.2,531.3,124.4,101.8,11.31,3.702,3.277,2.1,1.3
srv-0138,2026-08-24,6.0,8.1,7.4,37.1,41.6,40.0,310.9,621.2,171.0,139.9,15.55,4.005,2.761,1.8,1.7
srv-0138,2026-08-25,6.1,10.0,8.6,37.1,45.0,42.3,252.2,505.3,138.7,113.5,12.61,6.611,2.346,5.7,1.8
srv-0138,2026-08-26,5.6,7.3,6.7,37.5,40.7,39.6,363.9,721.8,200.1,163.7,18.19,4.513,2.849,3.9,2.1
srv-0138,2026-08-27,5.3,7.2,6.5,37.3,40.6,39.4,359.1,672.5,197.5,161.6,17.96,6.874,2.175,4.6,0.9
srv-0138,2026-08-28,6.4,9.5,8.4,37.5,40.0,39.1,331.5,874.4,182.3,149.2,16.58,4.914,2.779,4.3,2.3
srv-0138,2026-08-29,3.7,6.2,5.3,35.5,37.9,37.1,208.8,406.6,114.8,94.0,10.44,2.678,1.789,2.4,1.3
srv-0138,2026-08-30,3.4,5.1,4.5,35.5,37.3,36.7,185.7,428.3,102.1,83.6,9.28,4.373,3.295,3.4,2.7
srv-0138,2026-08-31,4.0,6.2,5.4,36.1,43.2,40.7,183.6,456.0,101.0,82.6,9.18,5.325,2.088,3.8,1.0
srv-0138,2026-09-01,5.8,7.7,7.1,37.5,40.4,39.4,267.7,633.0,147.2,120.5,13.38,5.363,4.234,2.7,2.4
srv-0138,2026-09-02,4.1,6.0,5.3,36.4,39.4,38.4,252.9,541.1,139.1,113.8,12.64,4.789,2.995,1.9,1.4
srv-0138,2026-09-03,4.4,5.9,5.4,36.5,41.9,40.0,241.9,615.1,133.0,108.9,12.1,3.921,2.028,3.4,1.4
srv-0138,2026-09-04,4.4,5.8,5.3,36.8,44.6,41.9,247.5,541.3,136.1,111.4,12.37,4.493,2.85,3.9,1.2
srv-0138,2026-09-05,3.1,5.2,4.5,35.2,40.3,38.5,184.4,446.0,101.4,83.0,9.22,2.701,1.945,2.1,1.5
srv-0138,2026-09-06,3.6,5.0,4.5,35.5,41.6,39.5,217.5,500.9,119.7,97.9,10.88,3.108,2.243,2.2,1.6
srv-0139,2026-08-08,8.9,13.8,12.1,62.7,73.6,69.8,588.4,1083.9,323.6,264.8,29.42,3.624,1.094,1.6,1.0
srv-0139,2026-08-09,8.3,11.0,10.0,62.6,73.6,69.7,487.3,895.9,268.0,219.3,24.37,2.614,1.105,1.2,0.6
srv-0139,2026-08-10,13.4,21.1,18.4,67.1,79.7,75.3,1081.3,2859.1,594.7,486.6,54.07,3.671,1.752,3.1,1.7
srv-0139,2026-08-11,11.8,15.0,13.9,65.6,74.4,71.4,879.4,1940.3,483.7,395.7,43.97,3.958,2.477,1.6,2.3
srv-0139,2026-08-12,14.6,23.4,20.4,67.2,73.5,71.3,765.4,1775.7,421.0,344.4,38.27,4.059,1.782,3.3,0.9
srv-0139,2026-08-13,14.6,20.4,18.4,65.9,71.3,69.4,734.0,1516.0,403.7,330.3,36.7,3.258,2.15,2.9,1.0
srv-0139,2026-08-14,11.8,16.1,14.6,65.7,78.4,74.0,939.4,2300.7,516.6,422.7,46.97,3.756,2.261,2.0,1.6
srv-0139,2026-08-15,10.4,14.6,13.1,63.9,77.7,72.9,529.3,1382.1,291.1,238.2,26.47,2.415,1.652,1.2,1.2
srv-0139,2026-08-16,10.3,14.3,12.9,64.3,67.9,66.6,578.2,1333.2,318.0,260.2,28.91,3.554,2.158,3.2,1.8
srv-0139,2026-08-17,16.7,28.1,24.1,67.9,79.3,75.3,1094.0,2306.8,601.7,492.3,54.7,5.813,2.451,5.0,1.5
srv-0139,2026-08-18,12.2,15.4,14.3,65.7,76.6,72.8,643.8,1701.0,354.1,289.7,32.19,4.291,1.757,3.7,1.8
srv-0139,2026-08-19,13.3,17.6,16.1,67.2,78.1,74.3,693.9,1333.1,381.6,312.3,34.69,3.765,2.95,2.0,2.3
srv-0139,2026-08-20,15.2,21.9,19.6,67.7,81.6,76.7,1137.4,2604.9,625.5,511.8,56.87,3.649,2.492,1.4,2.1
srv-0139,2026-08-21,15.9,24.3,21.3,66.9,78.0,74.1,882.7,2333.9,485.5,397.2,44.13,4.344,2.268,2.0,1.4
srv-0139,2026-08-22,10.9,17.5,15.2,64.3,70.3,68.2,775.6,1932.6,426.6,349.0,38.78,3.518,2.321,2.4,2.2
srv-0139,2026-08-23,9.0,12.1,11.0,63.1,71.7,68.7,589.9,1509.9,324.4,265.4,29.49,3.173,1.572,2.2,1.1
srv-0139,2026-08-24,11.8,18.3,16.0,66.0,75.3,72.1,851.0,2209.7,468.0,382.9,42.55,3.438,1.706,2.0,1.6
srv-0139,2026-08-25,14.6,20.9,18.7,67.8,75.3,72.7,956.3,1979.3,525.9,430.3,47.81,7.267,3.175,3.4,2.8
srv-0139,2026-08-26,10.9,18.4,15.8,65.5,77.0,73.0,766.2,1593.5,421.4,344.8,38.31,5.834,2.437,3.4,1.8
srv-0139,2026-08-27,13.4,21.3,18.5,65.7,75.8,72.3,808.0,1658.5,444.4,363.6,40.4,4.07,2.04,3.7,1.0
srv-0139,2026-08-28,16.2,21.5,19.7,67.0,73.5,71.2,1025.1,2350.3,563.8,461.3,51.26,6.126,1.785,2.8,1.8
srv-0139,2026-08-29,11.4,16.6,14.8,64.1,68.5,67.0,512.0,1117.3,281.6,230.4,25.6,4.995,1.897,2.9,1.9
srv-0139,2026-08-30,8.9,13.1,11.6,63.4,71.8,68.8,705.7,1826.6,388.1,317.6,35.29,2.267,1.211,2.0,0.9
srv-0139,2026-08-31,14.3,19.0,17.3,66.5,80.9,75.9,975.6,2642.0,536.6,439.0,48.78,4.54,1.806,3.9,0.7
srv-0139,2026-09-01,17.6,23.2,21.2,67.9,81.6,76.8,922.1,2513.2,507.2,415.0,46.11,6.442,2.06,5.2,1.0
srv-0139,2026-09-02,15.5,24.3,21.2,68.2,80.0,75.8,985.7,2215.5,542.2,443.6,49.29,6.585,1.764,2.9,0.9
srv-0139,2026-09-03,14.4,19.2,17.5,67.4,82.1,77.0,1071.6,2474.2,589.4,482.2,53.58,5.733,2.465,5.0,2.4
srv-0139,2026-09-04,14.2,19.1,17.4,67.3,74.6,72.0,944.4,2632.6,519.4,425.0,47.22,6.807,2.941,5.2,1.6
srv-0139,2026-09-05,9.3,13.2,11.8,64.3,72.9,69.9,604.0,1551.5,332.2,271.8,30.2,4.645,1.435,2.2,1.4
srv-0139,2026-09-06,9.3,12.6,11.5,63.6,68.4,66.7,463.5,1172.5,254.9,208.6,23.18,3.588,0.989,2.6,0.7
srv-0140,2026-08-08,21.2,33.3,29.0,27.9,31.0,29.9,653.0,1659.1,457.1,195.9,19.59,0.962,1.361,0.7,1.2
srv-0140,2026-08-09,21.6,33.6,29.4,28.3,34.1,32.1,664.4,1454.2,465.1,199.3,19.93,0.942,1.663,0.4,0.7
srv-0140,2026-08-10,36.2,59.7,51.5,30.3,35.2,33.5,1047.5,2886.7,733.3,314.3,31.43,2.34,2.991,1.9,1.2
srv-0140,2026-08-11,35.3,51.8,46.0,30.3,34.4,33.0,1394.5,3518.3,976.2,418.4,41.84,1.665,2.256,1.5,1.3
srv-0140,2026-08-12,43.3,58.9,53.5,30.1,36.1,34.0,1001.7,2545.2,701.2,300.5,30.05,2.309,3.536,2.0,2.1
srv-0140,2026-08-13,36.6,46.6,43.1,29.8,36.1,33.9,1004.0,1909.6,702.8,301.2,30.12,1.473,1.964,1.3,1.6
srv-0140,2026-08-14,36.4,58.3,50.7,30.2,32.4,31.6,1239.7,2689.3,867.8,371.9,37.19,2.586,1.663,1.8,1.2
srv-0140,2026-08-15,22.2,32.7,29.1,28.0,30.3,29.5,629.0,1276.3,440.3,188.7,18.87,1.355,1.142,1.1,1.0
srv-0140,2026-08-16,26.1,35.7,32.4,28.6,34.5,32.4,731.7,1739.6,512.2,219.5,21.95,0.895,1.253,0.7,1.1
srv-0140,2026-08-17,34.9,55.6,48.3,29.3,34.4,32.6,703.6,1652.3,492.5,211.1,21.11,1.401,1.589,1.3,1.5
srv-0140,2026-08-18,36.5,48.0,44.0,29.7,35.0,33.1,833.6,1952.4,583.5,250.1,25.01,1.442,2.422,0.7,2.3
srv-0140,2026-08-19,33.4,53.0,46.2,29.8,34.3,32.7,1000.8,2027.0,700.6,300.2,30.02,1.289,2.142,0.6,1.1
srv-0140,2026-08-20,41.9,68.8,59.4,30.3,35.6,33.8,1329.8,2451.3,930.8,398.9,39.89,1.525,2.386,1.1,1.1
srv-0140,2026-08-21,39.4,52.8,48.1,30.5,36.5,34.4,1126.0,2508.3,788.2,337.8,33.78,2.659,3.853,1.7,2.0
srv-0140,2026-08-22,24.4,34.8,31.2,28.5,33.7,31.9,630.2,1699.4,441.2,189.1,18.91,1.588,2.247,0.8,2.1
srv-0140,2026-08-23,24.4,34.6,31.0,28.3,30.2,29.6,778.4,1538.2,544.9,233.5,23.35,0.763,1.944,0.3,1.6
srv-0140,2026-08-24,32.7,43.0,39.4,29.5,33.3,32.0,731.5,1405.3,512.0,219.4,21.94,1.817,2.655,1.2,2.6
srv-0140,2026-08-25,34.3,56.6,48.8,29.3,34.8,32.8,975.4,2028.6,682.8,292.6,29.26,1.019,2.918,0.6,2.1
srv-0140,2026-08-26,47.4,65.0,58.9,30.5,34.4,33.0,1104.4,2322.6,773.1,331.3,33.13,1.956,2.85,1.2,1.1
srv-0140,2026-08-27,33.5,42.4,39.3,29.9,32.0,31.2,872.2,1657.3,610.6,261.7,26.17,2.249,3.038,1.8,1.5
srv-0140,2026-08-28,32.6,50.6,44.3,29.8,33.0,31.9,919.3,2312.7,643.5,275.8,27.58,1.393,2.733,1.3,1.2
srv-0140,2026-08-29,20.8,26.0,24.2,28.0,29.9,29.2,679.0,1448.7,475.3,203.7,20.37,1.053,1.746,0.7,1.1
srv-0140,2026-08-30,27.3,37.7,34.1,28.6,34.3,32.3,861.6,2016.4,603.1,258.5,25.85,1.456,1.276,1.1,0.6
srv-0140,2026-08-31,30.8,41.7,37.9,29.7,33.3,32.1,1157.4,2221.8,810.2,347.2,34.72,2.142,3.185,1.6,3.2
srv-0140,2026-09-01,34.7,58.2,50.0,30.2,32.4,31.6,836.5,1763.2,585.5,250.9,25.09,1.28,2.775,0.8,1.1
srv-0140,2026-09-02,28.9,42.6,37.8,29.5,34.0,32.4,794.4,1590.4,556.1,238.3,23.83,1.073,1.655,0.7,1.1
srv-0140,2026-09-03,32.5,47.8,42.5,30.0,33.0,31.9,876.9,1672.6,613.8,263.1,26.31,2.317,1.926,2.0,0.7
srv-0140,2026-09-04,39.5,56.8,50.8,29.8,35.5,33.5,908.4,2270.9,635.9,272.5,27.25,1.758,2.168,0.8,0.9
srv-0140,2026-09-05,28.8,46.3,40.2,28.7,34.7,32.6,925.8,1922.0,648.1,277.8,27.78,1.231,1.748,0.8,0.8
srv-0140,2026-09-06,29.7,48.6,42.0,28.7,34.8,32.7,874.2,1919.8,612.0,262.3,26.23,1.731,1.519,0.8,1.5
srv-0141,2026-08-08,16.3,27.3,23.5,67.8,73.4,71.4,598.0,1135.1,328.9,269.1,29.9,3.287,2.839,1.9,1.1
srv-0141,2026-08-09,14.5,20.8,18.6,67.8,75.4,72.7,562.8,1520.4,309.5,253.3,28.14,1.626,1.52,0.9,0.7
srv-0141,2026-08-10,22.6,33.6,29.7,70.4,81.3,77.5,744.6,1591.9,409.5,335.1,37.23,2.439,2.981,1.5,1.7
srv-0141,2026-08-11,28.2,44.0,38.4,72.5,80.2,77.5,687.6,1753.7,378.2,309.4,34.38,3.991,3.857,3.2,1.5
srv-0141,2026-08-12,26.5,43.8,37.8,72.5,81.4,78.3,801.6,1689.0,440.9,360.7,40.08,4.877,2.923,2.0,2.2
srv-0141,2026-08-13,21.7,27.5,25.5,71.3,85.7,80.7,896.3,2024.5,492.9,403.3,44.81,4.453,3.532,1.9,1.4
srv-0141,2026-08-14,21.2,33.7,29.4,70.3,84.4,79.4,693.0,1259.3,381.2,311.9,34.65,3.855,3.42,1.8,3.1
srv-0141,2026-08-15,12.2,17.4,15.6,66.8,75.9,72.7,372.6,1022.5,204.9,167.7,18.63,1.555,1.199,0.9,0.8
srv-0141,2026-08-16,13.7,21.3,18.6,66.7,77.1,73.5,380.2,907.8,209.1,171.1,19.01,2.677,1.395,2.3,1.4
srv-0141,2026-08-17,21.3,32.2,28.4,71.1,77.7,75.4,636.5,1412.4,350.1,286.4,31.82,4.033,2.264,3.6,2.0
srv-0141,2026-08-18,19.9,25.4,23.5,69.9,81.5,77.4,665.6,1449.5,366.1,299.5,33.28,4.148,3.337,2.6,3.2
srv-0141,2026-08-19,23.1,38.8,33.3,70.3,81.9,77.8,572.6,1476.5,314.9,257.7,28.63,3.694,3.518,2.6,3.3
srv-0141,2026-08-20,23.8,30.8,28.4,71.8,75.9,74.4,821.7,2041.9,451.9,369.7,41.08,4.366,3.927,3.3,1.6
srv-0141,2026-08-21,20.8,28.9,26.1,71.4,82.9,78.9,750.0,1913.1,412.5,337.5,37.5,3.71,2.088,1.9,1.0
srv-0141,2026-08-22,16.2,22.3,20.2,68.0,80.6,76.2,443.7,955.7,244.1,199.7,22.19,1.954,2.596,1.6,1.0
srv-0141,2026-08-23,17.1,24.6,22.0,67.8,81.3,76.6,640.1,1781.7,352.1,288.1,32.01,2.963,2.932,1.7,1.2
srv-0141,2026-08-24,20.1,32.9,28.4,70.2,83.1,78.5,626.0,1520.9,344.3,281.7,31.3,4.47,3.739,3.3,3.0
srv-0141,2026-08-25,25.1,31.4,29.2,71.6,81.4,78.0,619.8,1251.2,340.9,278.9,30.99,2.755,3.329,2.2,1.7
srv-0141,2026-08-26,25.9,35.0,31.8,72.5,76.8,75.3,674.3,1738.6,370.9,303.4,33.71,5.173,4.677,3.8,1.9
srv-0141,2026-08-27,21.8,64.1,49.3,70.1,74.6,73.0,580.8,2635.9,319.5,261.4,29.04,5.886,7.489,4.9,3.4
srv-0141,2026-08-28,23.7,34.4,30.7,70.7,82.4,78.3,601.9,1568.0,331.1,270.9,30.1,3.179,3.303,2.1,2.3
srv-0141,2026-08-29,13.1,20.7,18.0,67.2,80.2,75.6,478.0,983.7,262.9,215.1,23.9,2.918,1.28,1.2,0.9
srv-0141,2026-08-30,14.6,21.7,19.2,66.8,72.8,70.7,549.8,1470.6,302.4,247.4,27.49,2.86,2.478,1.3,1.1
srv-0141,2026-08-31,26.9,72.9,56.8,72.9,82.1,78.9,945.1,4261.3,519.8,425.3,47.25,10.827,10.08,7.5,5.1
srv-0141,2026-09-01,20.9,27.9,25.5,70.3,79.7,76.4,841.1,2107.1,462.6,378.5,42.06,3.476,2.267,2.0,1.5
srv-0141,2026-09-02,23.8,33.9,30.4,72.6,81.9,78.6,1034.8,2036.3,569.1,465.7,51.74,5.179,3.853,4.2,3.1
srv-0141,2026-09-03,21.6,27.1,25.2,69.9,85.2,79.8,751.0,1366.9,413.0,337.9,37.55,4.182,2.538,2.3,2.2
srv-0141,2026-09-04,26.3,43.2,37.3,72.7,88.5,82.9,1002.5,2136.9,551.4,451.1,50.12,5.009,2.856,3.3,1.5
srv-0141,2026-09-05,16.0,25.6,22.2,67.8,79.5,75.4,532.8,1046.6,293.1,239.8,26.64,1.949,2.283,1.2,1.5
srv-0141,2026-09-06,15.1,19.6,18.0,67.2,73.1,71.1,515.9,1210.9,283.7,232.2,25.8,2.816,1.596,1.3,1.4
srv-0144,2026-08-08,5.2,7.9,6.9,60.4,71.0,67.3,257.8,474.5,141.8,116.0,12.89,3.405,2.053,1.4,1.2
srv-0144,2026-08-09,6.6,11.2,9.6,61.6,66.3,64.7,429.4,1135.4,236.2,193.2,21.47,4.022,1.526,2.3,1.4
srv-0144,2026-08-10,8.3,13.2,11.5,63.8,68.6,66.9,427.2,778.1,235.0,192.2,21.36,6.431,2.138,2.5,0.8
srv-0144,2026-08-11,9.3,29.8,22.7,64.9,79.1,74.2,705.5,3425.4,388.0,317.5,35.27,8.834,3.883,5.3,2.0
srv-0144,2026-08-12,8.1,13.5,11.6,63.5,69.2,67.2,590.4,1271.1,324.7,265.7,29.52,6.391,3.146,3.2,2.0
srv-0144,2026-08-13,9.6,14.0,12.4,65.2,70.4,68.6,610.6,1261.4,335.8,274.8,30.53,6.53,2.524,3.2,1.4
srv-0144,2026-08-14,11.7,19.5,16.7,65.4,70.1,68.4,527.2,1400.8,289.9,237.2,26.36,5.941,3.098,3.7,2.5
srv-0144,2026-08-15,6.5,10.0,8.7,61.0,68.5,65.8,294.4,575.7,161.9,132.5,14.72,3.941,1.447,2.8,0.5
srv-0144,2026-08-16,5.3,7.7,6.9,60.8,68.6,65.8,354.1,819.4,194.8,159.4,17.71,4.625,2.111,3.1,1.9
srv-0144,2026-08-17,9.3,11.7,10.8,64.7,71.1,68.9,469.3,1294.5,258.1,211.2,23.47,5.33,1.753,4.1,0.9
srv-0144,2026-08-18,8.9,13.2,11.7,64.6,71.6,69.1,678.3,1418.2,373.1,305.2,33.92,7.011,3.585,3.2,2.7
srv-0144,2026-08-19,11.6,15.2,13.9,65.9,72.8,70.4,504.7,1200.6,277.6,227.1,25.24,4.779,3.945,2.7,1.7
srv-0144,2026-08-20,10.0,13.6,12.4,65.9,78.4,74.0,489.8,1036.4,269.4,220.4,24.49,6.007,2.628,4.2,2.1
srv-0144,2026-08-21,9.7,15.8,13.6,63.5,71.7,68.9,602.6,1105.8,331.4,271.2,30.13,4.939,3.071,4.5,1.4
srv-0144,2026-08-22,6.3,10.2,8.8,60.7,64.7,63.3,264.3,702.2,145.4,119.0,13.22,2.807,1.852,1.7,1.7
srv-0144,2026-08-23,7.7,10.6,9.6,61.7,68.5,66.1,428.9,1069.2,235.9,193.0,21.44,2.746,1.745,1.5,0.8
srv-0144,2026-08-24,8.9,13.3,11.8,64.7,71.2,68.9,644.9,1204.3,354.7,290.2,32.25,4.331,2.547,2.9,1.1
srv-0144,2026-08-25,8.8,14.8,12.7,64.1,72.2,69.4,494.2,1359.8,271.8,222.4,24.71,6.172,2.28,5.3,2.3
srv-0144,2026-08-26,10.4,31.9,24.4,65.1,75.2,71.7,456.5,2490.1,251.1,205.4,22.83,10.863,4.328,9.1,3.4
srv-0144,2026-08-27,7.7,11.9,10.4,63.1,75.4,71.1,427.7,947.5,235.2,192.5,21.38,6.202,3.046,4.0,2.7
srv-0144,2026-08-28,11.7,19.5,16.7,65.5,76.1,72.4,569.6,1295.3,313.3,256.3,28.48,4.374,2.737,2.2,2.4
srv-0144,2026-08-29,5.6,8.2,7.3,61.2,67.9,65.6,337.5,904.1,185.6,151.9,16.88,4.592,2.384,4.0,2.3
srv-0144,2026-08-30,7.6,10.3,9.4,61.9,70.4,67.5,503.3,1406.1,276.8,226.5,25.16,3.479,1.716,1.9,0.8
srv-0144,2026-08-31,9.1,14.0,12.3,63.4,71.6,68.7,450.2,844.8,247.6,202.6,22.51,6.061,2.87,2.6,2.8
srv-0144,2026-09-01,7.8,10.1,9.3,63.1,68.8,66.8,502.1,1110.3,276.2,225.9,25.1,3.662,2.398,3.3,2.4
srv-0144,2026-09-02,9.2,12.7,11.5,64.3,74.5,70.9,460.9,966.7,253.5,207.4,23.05,7.359,3.362,3.0,3.1
srv-0144,2026-09-03,9.7,12.6,11.6,65.5,79.1,74.4,600.1,1417.3,330.1,270.1,30.01,5.789,2.001,4.4,1.4
srv-0144,2026-09-04,11.1,18.7,16.0,65.9,75.7,72.3,609.2,1113.5,335.1,274.1,30.46,4.658,4.204,3.0,3.7
srv-0144,2026-09-05,6.3,19.6,15.0,61.5,70.0,67.0,448.7,2092.4,246.8,201.9,22.44,8.843,3.334,7.0,2.8
srv-0144,2026-09-06,5.7,7.8,7.1,61.1,73.6,69.2,372.4,872.9,204.8,167.6,18.62,2.476,1.231,1.6,0.8
srv-0145,2026-08-08,13.3,19.7,17.5,38.3,44.5,42.4,332.6,926.0,182.9,149.7,16.63,3.743,1.838,1.9,1.7
srv-0145,2026-08-09,15.7,22.9,20.4,38.8,42.7,41.3,482.4,1160.2,265.3,217.1,24.12,4.592,1.178,2.3,0.8
srv-0145,2026-08-10,24.0,36.6,32.2,40.2,45.3,43.5,645.4,1742.9,354.9,290.4,32.27,3.248,2.795,2.4,2.7
srv-0145,2026-08-11,29.8,91.5,69.9,41.8,47.7,45.6,693.6,3808.4,381.5,312.1,34.68,17.007,8.058,13.0,6.8
srv-0145,2026-08-12,21.3,68.2,51.8,40.1,42.2,41.5,484.7,2672.9,266.6,218.1,24.23,12.822,3.61,10.4,2.4
srv-0145,2026-08-13,24.3,32.6,29.7,40.7,44.6,43.2,640.0,1253.4,352.0,288.0,32.0,4.781,2.294,3.2,1.1
srv-0145,2026-08-14,26.9,38.7,34.6,41.6,45.9,44.4,696.3,1665.4,383.0,313.3,34.81,7.763,2.207,3.6,2.1
srv-0145,2026-08-15,12.6,18.8,16.6,38.4,40.5,39.7,453.5,895.5,249.4,204.1,22.67,2.973,1.832,1.9,1.6
srv-0145,2026-08-16,14.4,22.2,19.5,38.3,41.0,40.0,406.9,804.2,223.8,183.1,20.35,2.869,1.106,2.2,1.1
srv-0145,2026-08-17,27.8,39.1,35.1,41.1,47.7,45.4,905.0,2316.2,497.8,407.3,45.25,6.162,2.266,5.3,1.6
srv-0145,2026-08-18,24.6,38.6,33.7,40.5,46.3,44.3,591.1,1220.5,325.1,266.0,29.55,5.073,2.387,3.6,1.5
srv-0145,2026-08-19,25.9,39.5,34.8,41.4,47.2,45.2,631.9,1374.3,347.6,284.4,31.6,5.528,2.635,3.2,1.8
srv-0145,2026-08-20,26.4,40.3,35.4,41.2,44.2,43.1,864.9,1956.9,475.7,389.2,43.24,7.511,3.646,4.7,3.1
srv-0145,2026-08-21,22.4,37.3,32.1,41.1,49.1,46.3,797.4,1888.6,438.6,358.8,39.87,6.442,2.786,5.2,2.2
srv-0145,2026-08-22,15.2,20.8,18.9,38.8,40.8,40.1,378.1,707.3,208.0,170.2,18.91,3.839,1.191,2.4,1.0
srv-0145,2026-08-23,18.0,22.8,21.1,39.1,47.3,44.5,443.6,1158.3,244.0,199.6,22.18,5.316,1.931,4.4,1.3
srv-0145,2026-08-24,23.9,31.7,28.9,41.4,43.6,42.8,735.5,1905.6,404.5,331.0,36.77,5.391,1.781,3.0,0.9
srv-0145,2026-08-25,27.3,39.5,35.2,41.6,49.7,46.9,1007.1,2206.0,553.9,453.2,50.36,7.855,2.446,5.1,1.9
srv-0145,2026-08-26,26.3,44.2,38.0,41.2,46.4,44.5,914.2,2096.7,502.8,411.4,45.71,6.005,3.188,3.4,2.4
srv-0145,2026-08-27,22.9,32.4,29.1,40.7,46.2,44.3,768.3,2062.8,422.6,345.7,38.41,3.865,2.58,3.5,1.6
srv-0145,2026-08-28,27.5,44.3,38.4,41.3,44.7,43.5,722.7,1529.0,397.5,325.2,36.14,5.12,3.332,2.9,1.7
srv-0145,2026-08-29,15.2,20.5,18.6,38.5,44.9,42.7,399.7,821.8,219.8,179.9,19.99,4.077,1.558,3.7,1.4
srv-0145,2026-08-30,14.2,21.9,19.2,39.0,47.2,44.4,598.6,1145.8,329.2,269.4,29.93,2.501,2.372,1.0,1.2
srv-0145,2026-08-31,27.1,45.8,39.2,41.1,46.0,44.2,700.2,1686.3,385.1,315.1,35.01,4.923,2.245,3.5,1.6
srv-0145,2026-09-01,25.0,37.4,33.1,41.2,46.0,44.3,620.9,1456.5,341.5,279.4,31.05,6.163,1.871,3.2,1.1
srv-0145,2026-09-02,27.9,76.0,59.2,41.7,48.0,45.8,644.5,3028.1,354.5,290.0,32.23,10.171,4.337,6.7,2.0
srv-0145,2026-09-03,23.9,30.1,27.9,40.6,46.9,44.7,621.0,1484.8,341.5,279.4,31.05,5.852,2.508,4.1,2.2
srv-0145,2026-09-04,18.8,62.4,47.1,40.1,46.5,44.3,668.1,3439.0,367.4,300.6,33.4,10.159,4.318,3.8,3.5
srv-0145,2026-09-05,16.6,26.9,23.3,39.1,41.3,40.5,404.6,1047.6,222.5,182.1,20.23,3.548,1.327,2.5,0.8
srv-0145,2026-09-06,15.3,50.9,38.4,39.4,43.4,42.0,533.2,2179.7,293.2,239.9,26.66,5.778,3.265,3.3,1.6
srv-0146,2026-08-08,26.8,41.4,36.3,72.6,77.4,75.7,104.4,254.6,57.4,47.0,5.22,4.396,5.433,1.9,4.0
srv-0146,2026-08-09,26.3,42.0,36.5,72.9,83.1,79.5,111.0,226.8,61.1,50.0,5.55,3.443,5.43,2.5,3.7
srv-0146,2026-08-10,35.6,55.5,48.5,75.0,84.5,81.2,159.9,343.4,88.0,72.0,8.0,3.701,7.274,1.5,4.8
srv-0146,2026-08-11,42.7,71.0,61.1,76.1,86.9,83.1,186.6,506.6,102.6,84.0,9.33,6.937,5.941,4.6,3.6
srv-0146,2026-08-12,35.4,51.8,46.1,75.7,92.1,86.4,198.2,458.2,109.0,89.2,9.91,6.695,7.824,4.9,6.4
srv-0146,2026-08-13,45.9,74.3,64.4,77.6,91.3,86.5,220.8,422.5,121.4,99.4,11.04,4.562,8.803,1.9,6.5
srv-0146,2026-08-14,44.2,71.1,61.7,77.5,82.9,81.0,169.7,362.3,93.4,76.4,8.49,5.715,6.547,4.7,6.1
srv-0146,2026-08-15,24.5,36.7,32.4,72.5,83.8,79.9,135.9,344.2,74.7,61.1,6.79,4.081,5.409,2.1,3.4
srv-0146,2026-08-16,24.4,30.7,28.5,72.1,86.0,81.2,132.0,343.2,72.6,59.4,6.6,3.798,2.913,2.1,2.8
srv-0146,2026-08-17,48.6,67.0,60.6,78.1,86.6,83.6,250.2,547.7,137.6,112.6,12.51,5.112,4.534,2.0,2.3
srv-0146,2026-08-18,41.7,62.5,55.3,76.3,83.0,80.6,174.8,351.2,96.2,78.7,8.74,5.462,5.831,2.5,4.3
srv-0146,2026-08-19,34.8,48.2,43.5,76.3,82.8,80.5,184.4,406.6,101.4,83.0,9.22,3.876,5.222,2.0,4.3
srv-0146,2026-08-20,42.4,55.7,51.1,77.3,91.7,86.6,189.7,514.9,104.3,85.4,9.48,5.051,8.776,4.6,4.0
srv-0146,2026-08-21,37.1,56.8,49.9,75.9,83.8,81.0,206.2,527.9,113.4,92.8,10.31,6.68,7.931,6.0,3.2
srv-0146,2026-08-22,26.1,40.2,35.3,72.3,79.6,77.1,130.2,264.7,71.6,58.6,6.51,4.391,3.798,2.8,2.9
srv-0146,2026-08-23,20.6,29.0,26.1,71.5,82.9,78.9,88.0,163.0,48.4,39.6,4.4,3.954,2.874,2.7,1.7
srv-0146,2026-08-24,37.8,54.6,48.7,77.0,91.0,86.1,151.7,407.8,83.4,68.2,7.58,7.497,7.712,2.9,4.0
srv-0146,2026-08-25,42.2,59.1,53.2,75.9,80.7,79.0,194.3,461.5,106.9,87.4,9.72,3.645,3.644,3.4,1.9
srv-0146,2026-08-26,35.8,99,76.9,76.5,90.0,85.3,178.6,850.3,98.2,80.4,8.93,12.223,14.406,7.0,9.4
srv-0146,2026-08-27,45.8,75.1,64.8,77.2,81.9,80.2,158.3,420.4,87.0,71.2,7.91,5.251,8.764,3.6,8.9
srv-0146,2026-08-28,43.4,65.4,57.7,76.2,81.9,79.9,155.5,322.0,85.5,70.0,7.77,6.767,5.159,3.1,4.4
srv-0146,2026-08-29,24.2,40.4,34.7,72.8,84.7,80.6,120.6,266.5,66.3,54.3,6.03,3.305,5.36,2.2,2.6
srv-0146,2026-08-30,26.1,40.6,35.5,71.7,84.6,80.1,90.0,210.9,49.5,40.5,4.5,3.578,2.995,3.3,1.3
srv-0146,2026-08-31,48.4,75.0,65.7,77.6,83.8,81.6,161.5,295.0,88.8,72.7,8.08,5.816,4.536,4.8,3.6
srv-0146,2026-09-01,37.4,61.0,52.8,76.2,83.5,81.0,166.7,457.9,91.7,75.0,8.33,4.596,4.162,4.1,1.8
srv-0146,2026-09-02,33.4,44.4,40.5,75.1,79.4,77.9,156.1,325.4,85.9,70.3,7.81,5.631,3.325,5.1,3.1
srv-0146,2026-09-03,44.6,74.3,63.9,77.7,82.3,80.7,216.2,491.8,118.9,97.3,10.81,7.978,8.24,4.2,6.4
srv-0146,2026-09-04,39.3,61.2,53.6,76.4,84.4,81.6,171.0,337.5,94.0,76.9,8.55,5.872,8.131,5.3,7.3
srv-0146,2026-09-05,26.9,39.0,34.7,73.4,85.8,81.5,113.7,245.8,62.5,51.1,5.68,3.559,2.847,1.8,2.2
srv-0146,2026-09-06,21.3,33.2,29.1,71.7,80.6,77.5,124.2,315.3,68.3,55.9,6.21,3.314,4.55,2.6,3.1
srv-0147,2026-08-08,20.7,33.1,28.8,64.8,71.1,68.9,87.3,230.9,48.0,39.3,4.36,3.23,5.475,2.5,4.7
srv-0147,2026-08-09,17.4,24.3,21.9,64.6,70.3,68.3,80.1,196.9,44.1,36.1,4.01,2.68,5.144,1.7,3.5
srv-0147,2026-08-10,25.8,38.3,33.9,66.4,79.2,74.8,140.4,268.8,77.2,63.2,7.02,3.379,4.209,2.2,2.0
srv-0147,2026-08-11,24.3,40.9,35.1,67.5,76.0,73.0,119.1,319.5,65.5,53.6,5.95,5.953,6.318,2.6,5.9
srv-0147,2026-08-12,28.6,38.0,34.7,68.6,72.3,71.0,153.8,310.9,84.6,69.2,7.69,3.518,5.691,2.4,3.8
srv-0147,2026-08-13,26.4,43.5,37.5,68.9,79.3,75.7,196.2,447.0,107.9,88.3,9.81,4.573,5.227,4.1,4.3
srv-0147,2026-08-14,27.8,46.4,39.8,67.8,77.6,74.2,155.7,407.2,85.6,70.1,7.78,6.229,7.502,2.8,5.2
srv-0147,2026-08-15,19.8,26.5,24.2,64.8,72.0,69.5,89.1,205.5,49.0,40.1,4.45,3.223,5.722,2.0,3.5
srv-0147,2026-08-16,19.7,31.7,27.5,64.8,75.7,71.9,136.6,282.8,75.2,61.5,6.83,2.665,4.338,2.1,3.2
srv-0147,2026-08-17,26.3,34.8,31.8,67.2,80.6,75.9,123.2,312.8,67.8,55.4,6.16,2.907,4.45,1.7,2.2
srv-0147,2026-08-18,28.0,37.1,33.9,67.4,78.9,74.9,120.5,325.9,66.3,54.2,6.03,5.827,4.721,2.6,2.3
srv-0147,2026-08-19,28.8,47.8,41.2,68.3,82.4,77.5,162.8,362.3,89.5,73.3,8.14,3.237,8.352,2.0,4.8
srv-0147,2026-08-20,26.3,34.8,31.8,68.2,82.2,77.3,150.5,389.8,82.8,67.7,7.53,6.671,8.113,2.8,4.6
srv-0147,2026-08-21,21.2,34.0,29.5,66.5,72.5,70.4,153.4,310.9,84.4,69.0,7.67,4.374,6.867,2.0,6.8
srv-0147,2026-08-22,17.3,22.4,20.6,63.4,66.8,65.6,79.2,169.3,43.6,35.6,3.96,2.57,4.018,1.5,1.6
srv-0147,2026-08-23,16.0,20.8,19.2,63.3,70.6,68.0,68.4,174.7,37.6,30.8,3.42,3.659,4.786,2.8,2.7
srv-0147,2026-08-24,30.6,48.3,42.1,68.3,81.8,77.1,198.3,552.4,109.1,89.2,9.91,6.222,6.499,3.0,6.3
srv-0147,2026-08-25,27.4,46.3,39.7,68.3,82.8,77.7,195.8,469.1,107.7,88.1,9.79,4.889,4.309,4.5,3.0
srv-0147,2026-08-26,27.5,43.6,37.9,68.5,81.8,77.2,155.1,406.1,85.3,69.8,7.75,5.459,5.618,3.8,3.2
srv-0147,2026-08-27,24.4,41.3,35.4,67.6,76.9,73.7,162.2,401.9,89.2,73.0,8.11,5.795,6.145,3.0,5.5
srv-0147,2026-08-28,32.5,46.5,41.6,68.8,78.0,74.8,151.4,415.4,83.2,68.1,7.57,5.755,8.453,4.4,5.5
srv-0147,2026-08-29,18.4,30.6,26.3,64.6,75.1,71.4,96.5,229.1,53.1,43.4,4.82,2.284,3.299,1.6,2.5
srv-0147,2026-08-30,16.4,26.3,22.9,64.1,69.6,67.7,102.0,196.3,56.1,45.9,5.1,3.641,3.742,2.9,2.5
srv-0147,2026-08-31,23.4,34.6,30.7,67.5,78.3,74.5,184.8,401.0,101.6,83.2,9.24,4.699,6.535,2.5,5.6
srv-0147,2026-09-01,26.1,38.3,34.0,68.4,75.1,72.7,161.6,332.4,88.9,72.7,8.08,3.89,7.104,2.5,6.4
srv-0147,2026-09-02,30.5,43.4,38.9,68.5,79.8,75.8,182.0,329.2,100.1,81.9,9.1,6.881,7.725,5.1,7.8
srv-0147,2026-09-03,26.5,42.9,37.2,67.5,74.1,71.8,182.3,484.1,100.3,82.0,9.11,5.642,5.014,4.7,4.8
srv-0147,2026-09-04,26.4,41.8,36.4,66.6,77.8,73.9,135.9,261.2,74.8,61.2,6.8,4.333,7.389,2.5,7.4
srv-0147,2026-09-05,16.2,24.2,21.4,64.5,69.6,67.8,116.2,284.4,63.9,52.3,5.81,3.337,4.42,1.2,4.1
srv-0147,2026-09-06,16.8,27.6,23.8,64.6,77.5,72.9,113.4,246.0,62.4,51.0,5.67,2.713,4.956,1.7,3.9
srv-0151,2026-08-08,22.0,36.1,31.1,69.5,84.1,79.0,74.0,145.6,40.7,33.3,3.7,0.564,0.566,0.2,0.4
srv-0151,2026-08-09,20.6,26.7,24.6,68.9,80.2,76.3,58.4,107.5,32.1,26.3,2.92,0.492,0.542,0.2,0.5
srv-0151,2026-08-10,37.2,48.3,44.4,74.3,84.7,81.1,112.1,277.9,61.7,50.5,5.61,1.334,0.597,1.0,0.4
srv-0151,2026-08-11,39.6,54.3,49.1,74.4,86.2,82.1,159.4,433.4,87.7,71.7,7.97,1.642,0.91,1.1,0.7
srv-0151,2026-08-12,33.5,55.8,48.0,73.9,82.9,79.8,124.4,257.4,68.4,56.0,6.22,1.378,1.062,0.6,0.5
srv-0151,2026-08-13,26.0,43.1,37.2,72.2,76.0,74.7,136.8,341.4,75.2,61.6,6.84,0.779,0.421,0.7,0.3
srv-0151,2026-08-14,34.4,51.0,45.2,72.5,81.0,78.1,135.6,265.2,74.6,61.0,6.78,0.983,0.807,0.8,0.8
srv-0151,2026-08-15,27.0,45.3,38.9,70.6,79.1,76.1,99.0,255.6,54.5,44.6,4.95,0.912,0.611,0.6,0.5
srv-0151,2026-08-16,18.5,25.9,23.3,69.2,73.8,72.2,79.1,208.6,43.5,35.6,3.95,0.764,0.467,0.6,0.2
srv-0151,2026-08-17,35.8,51.4,45.9,74.2,82.8,79.8,132.1,280.1,72.7,59.5,6.61,1.162,0.671,0.6,0.6
srv-0151,2026-08-18,33.7,43.6,40.1,72.3,78.7,76.5,97.9,199.3,53.9,44.1,4.9,1.109,0.747,0.7,0.5
srv-0151,2026-08-19,32.1,50.7,44.2,73.5,83.2,79.8,153.5,341.1,84.4,69.1,7.68,1.031,1.007,0.9,0.7
srv-0151,2026-08-20,35.5,55.0,48.2,73.7,80.8,78.3,119.0,281.6,65.4,53.5,5.95,0.727,0.742,0.6,0.7
srv-0151,2026-08-21,33.0,53.1,46.0,73.7,82.2,79.2,157.0,342.9,86.3,70.6,7.85,1.527,0.985,0.8,0.9
srv-0151,2026-08-22,22.2,35.6,30.9,69.5,73.6,72.2,64.8,169.0,35.6,29.2,3.24,0.656,0.664,0.3,0.4
srv-0151,2026-08-23,21.4,26.9,25.0,70.3,75.3,73.5,115.4,215.9,63.5,51.9,5.77,0.762,0.569,0.4,0.3
srv-0151,2026-08-24,31.9,51.2,44.5,72.7,87.4,82.3,125.3,236.2,68.9,56.4,6.26,0.703,0.876,0.5,0.8
srv-0151,2026-08-25,35.6,57.6,49.9,74.1,84.4,80.8,141.7,259.8,77.9,63.8,7.09,0.861,0.923,0.5,0.7
srv-0151,2026-08-26,35.1,51.3,45.6,74.2,81.6,79.0,157.5,361.6,86.6,70.9,7.88,1.156,1.031,0.9,0.4
srv-0151,2026-08-27,35.0,56.0,48.7,73.4,79.3,77.3,116.5,243.4,64.1,52.4,5.83,0.846,0.52,0.5,0.4
srv-0151,2026-08-28,35.0,47.4,43.1,74.4,80.3,78.2,126.3,324.3,69.5,56.8,6.31,1.506,0.664,1.2,0.6
srv-0151,2026-08-29,22.4,29.4,27.0,69.8,84.1,79.1,80.6,218.5,44.3,36.3,4.03,0.619,0.61,0.5,0.5
srv-0151,2026-08-30,23.5,34.3,30.5,69.6,75.5,73.5,78.1,199.3,43.0,35.1,3.9,0.653,0.403,0.5,0.3
srv-0151,2026-08-31,28.2,40.9,36.4,72.5,85.9,81.2,123.5,273.0,67.9,55.6,6.17,0.736,0.529,0.3,0.4
srv-0151,2026-09-01,32.9,51.7,45.1,74.1,81.4,78.9,120.0,318.9,66.0,54.0,6.0,0.861,0.724,0.5,0.3
srv-0151,2026-09-02,32.6,53.2,46.0,72.4,86.3,81.4,122.5,320.4,67.4,55.1,6.13,1.303,0.66,0.8,0.4
srv-0151,2026-09-03,33.6,46.1,41.8,73.0,83.3,79.7,132.6,286.1,72.9,59.7,6.63,0.922,0.698,0.5,0.5
srv-0151,2026-09-04,40.3,61.9,54.4,74.8,87.3,82.9,155.4,385.3,85.5,69.9,7.77,0.894,0.734,0.5,0.4
srv-0151,2026-09-05,25.4,33.0,30.3,70.9,81.8,78.0,119.3,282.3,65.6,53.7,5.97,0.811,0.546,0.3,0.2
srv-0151,2026-09-06,22.8,36.0,31.4,70.0,74.2,72.7,112.2,226.4,61.7,50.5,5.61,0.555,0.686,0.2,0.3
srv-0152,2026-08-08,4.6,6.8,6.0,44.2,52.2,49.4,21.1,58.0,11.6,9.5,1.06,0.745,0.435,0.6,0.3
srv-0152,2026-08-09,4.0,5.8,5.2,44.5,52.6,49.8,22.2,56.5,12.2,10.0,1.11,0.89,0.712,0.7,0.6
srv-0152,2026-08-10,7.7,11.8,10.3,47.9,51.9,50.5,49.9,102.3,27.4,22.5,2.5,1.27,0.764,0.7,0.4
srv-0152,2026-08-11,6.7,10.7,9.3,47.2,56.6,53.3,36.1,73.2,19.8,16.2,1.8,1.483,0.985,0.8,0.5
srv-0152,2026-08-12,7.0,9.1,8.4,47.6,54.6,52.1,58.0,120.2,31.9,26.1,2.9,0.97,0.875,0.8,0.7
srv-0152,2026-08-13,6.6,10.8,9.3,46.9,54.5,51.8,45.1,117.6,24.8,20.3,2.25,0.787,1.003,0.4,0.8
srv-0152,2026-08-14,9.1,12.9,11.6,47.8,55.6,52.9,52.3,135.7,28.8,23.5,2.61,1.368,0.933,0.8,0.5
srv-0152,2026-08-15,4.3,6.7,5.8,44.9,48.5,47.2,26.8,52.5,14.8,12.1,1.34,1.032,0.43,0.6,0.3
srv-0152,2026-08-16,5.7,8.7,7.6,45.3,51.4,49.3,26.6,72.9,14.6,12.0,1.33,0.693,0.545,0.5,0.5
srv-0152,2026-08-17,6.6,8.4,7.8,46.3,55.6,52.4,45.0,115.4,24.7,20.2,2.25,0.995,0.892,0.9,0.6
srv-0152,2026-08-18,8.1,13.2,11.4,47.7,54.7,52.2,47.0,118.5,25.9,21.2,2.35,1.579,0.598,1.4,0.3
srv-0152,2026-08-19,6.1,15.6,12.3,46.8,49.6,48.6,40.5,150.3,22.3,18.2,2.03,2.072,1.567,1.1,0.6
srv-0152,2026-08-20,7.5,10.8,9.7,47.1,50.4,49.2,54.0,103.1,29.7,24.3,2.7,0.83,0.573,0.4,0.4
srv-0152,2026-08-21,7.1,12.0,10.3,47.6,52.5,50.8,51.9,95.4,28.5,23.3,2.59,1.198,1.186,1.0,0.6
srv-0152,2026-08-22,5.3,6.7,6.2,45.3,51.8,49.5,38.3,88.9,21.0,17.2,1.91,0.72,0.563,0.5,0.4
srv-0152,2026-08-23,5.9,9.6,8.3,45.2,52.7,50.1,24.9,57.8,13.7,11.2,1.24,0.993,0.384,0.8,0.3
srv-0152,2026-08-24,7.7,9.9,9.1,47.7,50.9,49.8,44.8,86.8,24.6,20.1,2.24,1.65,0.727,1.3,0.4
srv-0152,2026-08-25,7.2,10.5,9.3,47.5,50.3,49.3,56.0,142.0,30.8,25.2,2.8,1.266,0.855,0.7,0.8
srv-0152,2026-08-26,7.8,11.4,10.1,47.9,50.9,49.8,49.8,100.6,27.4,22.4,2.49,1.535,0.674,0.7,0.4
srv-0152,2026-08-27,9.2,15.6,13.4,48.1,54.6,52.3,44.8,85.6,24.6,20.1,2.24,1.362,0.782,0.9,0.7
srv-0152,2026-08-28,6.8,11.5,9.9,46.6,49.9,48.7,32.2,76.4,17.7,14.5,1.61,0.821,0.995,0.4,0.9
srv-0152,2026-08-29,4.2,7.1,6.1,44.5,53.9,50.6,32.9,78.2,18.1,14.8,1.64,0.61,0.628,0.6,0.6
srv-0152,2026-08-30,4.3,7.0,6.1,44.9,53.9,50.8,32.0,62.2,17.6,14.4,1.6,1.048,0.761,0.5,0.8
srv-0152,2026-08-31,6.4,16.5,12.9,46.3,51.7,49.8,45.3,146.0,24.9,20.4,2.27,1.53,0.889,1.3,0.4
srv-0152,2026-09-01,7.7,12.5,10.8,48.0,50.8,49.8,38.6,83.6,21.3,17.4,1.93,1.778,1.245,1.0,0.9
srv-0152,2026-09-02,9.1,13.1,11.7,48.1,54.2,52.0,52.2,106.7,28.7,23.5,2.61,0.885,1.195,0.8,0.5
srv-0152,2026-09-03,9.4,14.9,13.0,48.1,55.5,52.9,47.7,128.0,26.2,21.5,2.39,1.544,0.83,0.8,0.7
srv-0152,2026-09-04,9.1,13.8,12.1,48.1,55.8,53.1,41.5,113.6,22.8,18.7,2.07,0.903,0.97,0.6,0.7
srv-0152,2026-09-05,5.3,8.5,7.4,45.2,50.4,48.6,32.2,82.4,17.7,14.5,1.61,0.978,0.767,0.8,0.7
srv-0152,2026-09-06,4.6,6.1,5.6,44.7,49.9,48.1,25.2,65.4,13.8,11.3,1.26,0.688,0.596,0.4,0.5
srv-0153,2026-08-08,13.7,18.7,17.0,54.6,63.9,60.6,185.3,506.5,101.9,83.4,9.27,1.022,0.57,0.5,0.4
srv-0153,2026-08-09,17.1,27.6,23.9,55.3,63.6,60.7,232.2,643.5,127.7,104.5,11.61,1.196,0.613,0.9,0.4
srv-0153,2026-08-10,25.0,32.0,29.6,58.0,65.2,62.7,436.9,1093.9,240.3,196.6,21.85,0.957,0.845,0.4,0.4
srv-0153,2026-08-11,23.1,32.1,28.9,57.4,65.1,62.4,365.3,773.0,200.9,164.4,18.27,1.302,0.652,0.5,0.4
srv-0153,2026-08-12,30.1,46.2,40.5,58.6,70.8,66.6,444.9,1233.8,244.7,200.2,22.25,1.095,0.941,0.9,0.6
srv-0153,2026-08-13,24.3,30.8,28.5,57.9,60.9,59.9,309.1,780.1,170.0,139.1,15.46,1.638,0.575,1.2,0.5
srv-0153,2026-08-14,27.3,44.1,38.2,57.3,63.2,61.2,452.7,1105.1,249.0,203.7,22.63,1.278,0.923,1.1,0.5
srv-0153,2026-08-15,19.1,28.3,25.1,55.7,65.6,62.1,270.9,643.2,149.0,121.9,13.55,0.72,0.617,0.5,0.3
srv-0153,2026-08-16,15.0,21.0,18.9,54.6,65.0,61.3,233.7,601.1,128.5,105.1,11.68,1.095,0.339,0.7,0.2
srv-0153,2026-08-17,22.2,29.1,26.7,57.0,65.5,62.5,366.1,933.7,201.3,164.7,18.3,1.354,0.728,1.2,0.7
srv-0153,2026-08-18,26.6,41.9,36.5,58.1,70.9,66.4,457.5,1006.8,251.6,205.9,22.88,1.844,0.72,1.0,0.4
srv-0153,2026-08-19,23.2,33.6,30.0,56.7,65.6,62.5,287.3,793.5,158.0,129.3,14.36,1.032,0.68,0.6,0.3
srv-0153,2026-08-20,23.6,29.8,27.6,57.8,63.2,61.3,327.9,636.5,180.3,147.5,16.39,1.342,0.921,0.7,0.7
srv-0153,2026-08-21,23.6,36.1,31.7,56.8,67.4,63.7,264.5,688.2,145.5,119.0,13.23,0.925,0.802,0.6,0.6
srv-0153,2026-08-22,18.0,23.1,21.3,55.5,64.9,61.6,235.8,476.9,129.7,106.1,11.79,1.307,0.543,1.2,0.2
srv-0153,2026-08-23,17.1,24.5,21.9,55.2,65.9,62.2,209.7,521.6,115.4,94.4,10.49,0.97,0.733,0.6,0.6
srv-0153,2026-08-24,20.4,29.6,26.4,56.8,67.9,64.0,273.0,723.2,150.2,122.9,13.65,1.487,0.931,1.1,0.5
srv-0153,2026-08-25,24.3,33.1,30.0,57.2,69.6,65.2,387.9,812.6,213.3,174.6,19.4,0.909,0.843,0.5,0.7
srv-0153,2026-08-26,26.8,41.3,36.2,58.3,61.2,60.2,463.8,869.4,255.1,208.7,23.19,0.965,1.053,0.6,0.8
srv-0153,2026-08-27,28.5,41.5,37.0,58.3,65.0,62.6,391.5,882.7,215.3,176.2,19.57,1.463,0.869,0.7,0.6
srv-0153,2026-08-28,29.5,37.9,35.0,58.0,62.1,60.7,470.4,1195.0,258.7,211.7,23.52,1.471,1.115,0.6,1.1
srv-0153,2026-08-29,14.7,18.7,17.3,54.6,65.0,61.4,252.6,573.6,139.0,113.7,12.63,0.885,0.592,0.6,0.5
srv-0153,2026-08-30,15.8,19.8,18.4,55.4,61.9,59.6,332.1,882.8,182.7,149.4,16.6,0.767,0.631,0.4,0.3
srv-0153,2026-08-31,26.9,41.7,36.5,58.4,66.2,63.5,480.1,1016.7,264.0,216.0,24.0,1.772,1.083,1.0,1.1
srv-0153,2026-09-01,26.2,39.9,35.1,57.4,68.1,64.3,463.9,1253.9,255.1,208.7,23.19,1.172,0.492,0.9,0.2
srv-0153,2026-09-02,28.9,36.9,34.1,58.5,71.3,66.8,324.1,642.9,178.2,145.8,16.2,1.152,1.128,1.0,1.0
srv-0153,2026-09-03,20.1,31.4,27.4,56.9,68.2,64.2,380.7,788.7,209.4,171.3,19.03,1.292,0.839,1.2,0.8
srv-0153,2026-09-04,25.0,38.4,33.7,57.3,67.4,63.9,366.8,818.4,201.8,165.1,18.34,1.159,0.932,0.5,0.5
srv-0153,2026-09-05,17.2,24.8,22.2,55.5,59.0,57.8,274.0,641.5,150.7,123.3,13.7,0.852,0.624,0.5,0.3
srv-0153,2026-09-06,17.3,28.6,24.7,55.1,59.7,58.1,226.2,473.4,124.4,101.8,11.31,1.054,0.728,0.6,0.5
srv-0155,2026-08-08,14.7,20.0,18.2,84.2,98.0,93.2,142.3,348.8,78.3,64.0,7.12,0.674,0.982,0.5,0.7
srv-0155,2026-08-09,14.4,19.4,17.7,83.1,96.2,91.6,129.8,302.3,71.4,58.4,6.49,0.521,0.494,0.4,0.5
srv-0155,2026-08-10,23.4,33.0,29.6,87.6,99,95.0,140.4,330.3,77.2,63.2,7.02,0.564,0.739,0.4,0.4
srv-0155,2026-08-11,18.2,23.4,21.6,86.0,98.2,93.9,133.6,320.5,73.5,60.1,6.68,0.737,0.649,0.4,0.4
srv-0155,2026-08-12,28.1,42.2,37.3,88.9,94.0,92.2,200.6,533.1,110.3,90.3,10.03,0.983,0.783,0.6,0.6
srv-0155,2026-08-13,27.4,37.1,33.7,88.5,99,95.3,168.6,347.2,92.7,75.9,8.43,0.988,1.49,0.6,0.7
srv-0155,2026-08-14,25.4,33.1,30.4,87.9,99,95.1,167.6,423.5,92.2,75.4,8.38,0.793,0.897,0.5,0.4
srv-0155,2026-08-15,14.7,18.6,17.2,83.6,91.8,88.9,136.2,354.1,74.9,61.3,6.81,0.521,0.489,0.4,0.4
srv-0155,2026-08-16,14.7,23.0,20.1,83.7,99,93.6,123.6,297.8,68.0,55.6,6.18,0.558,0.579,0.2,0.3
srv-0155,2026-08-17,23.2,30.9,28.2,86.3,99,94.5,111.7,214.5,61.4,50.2,5.58,0.844,0.661,0.6,0.5
srv-0155,2026-08-18,22.9,31.0,28.2,86.7,93.1,90.8,150.1,311.2,82.6,67.5,7.51,0.641,0.676,0.3,0.6
srv-0155,2026-08-19,25.5,34.1,31.1,88.0,92.9,91.2,208.7,401.3,114.8,93.9,10.43,0.691,1.547,0.3,0.9
srv-0155,2026-08-20,26.0,36.5,32.8,89.1,99,95.5,196.2,538.0,107.9,88.3,9.81,1.067,1.164,0.6,0.7
srv-0155,2026-08-21,28.0,42.1,37.2,88.7,95.6,93.2,157.3,384.4,86.5,70.8,7.86,0.542,1.546,0.4,0.8
srv-0155,2026-08-22,15.7,21.7,19.6,82.9,99,93.4,105.6,209.1,58.1,47.5,5.28,0.468,0.625,0.4,0.2
srv-0155,2026-08-23,12.3,15.5,14.4,82.6,86.7,85.3,111.5,250.6,61.3,50.2,5.57,0.345,0.87,0.2,0.8
srv-0155,2026-08-24,22.1,32.5,28.9,88.4,97.6,94.4,176.7,335.5,97.2,79.5,8.84,0.777,1.042,0.5,0.8
srv-0155,2026-08-25,20.1,25.4,23.6,86.5,99,94.6,141.0,347.2,77.6,63.5,7.05,0.648,1.296,0.5,1.0
srv-0155,2026-08-26,22.2,36.2,31.3,86.7,99,94.7,117.7,314.5,64.7,53.0,5.89,0.759,0.824,0.7,0.8
srv-0155,2026-08-27,21.1,30.2,27.0,86.2,90.9,89.2,157.9,288.8,86.8,71.1,7.9,0.566,1.172,0.2,1.2
srv-0155,2026-08-28,27.4,35.4,32.6,88.7,99,95.4,183.1,377.6,100.7,82.4,9.16,0.794,1.23,0.4,0.7
srv-0155,2026-08-29,17.4,22.1,20.4,83.6,93.7,90.2,102.2,191.2,56.2,46.0,5.11,0.539,0.51,0.3,0.4
srv-0155,2026-08-30,17.0,23.7,21.4,83.2,88.6,86.7,109.9,264.1,60.4,49.4,5.49,0.411,0.586,0.3,0.6
srv-0155,2026-08-31,19.0,30.8,26.6,86.5,99,94.6,176.8,382.2,97.2,79.6,8.84,0.505,0.796,0.2,0.6
srv-0155,2026-09-01,28.7,44.7,39.1,89.3,99,95.6,154.5,375.2,85.0,69.5,7.72,0.882,1.691,0.4,0.9
srv-0155,2026-09-02,19.9,28.3,25.4,87.0,94.1,91.6,143.4,388.3,78.9,64.5,7.17,0.523,0.984,0.4,0.8
srv-0155,2026-09-03,22.3,36.2,31.3,89.2,94.5,92.6,224.4,509.9,123.4,101.0,11.22,1.124,1.193,0.9,1.2
srv-0155,2026-09-04,22.1,35.0,30.5,87.6,95.9,93.0,148.2,410.3,81.5,66.7,7.41,0.67,1.187,0.5,0.7
srv-0155,2026-09-05,17.7,25.2,22.6,83.6,88.0,86.4,101.5,214.7,55.8,45.7,5.07,0.665,0.779,0.3,0.6
srv-0155,2026-09-06,16.2,36.4,29.3,83.3,91.1,88.4,133.0,390.4,73.2,59.9,6.65,0.557,1.247,0.2,0.8
srv-0157,2026-08-08,11.6,18.9,16.3,72.0,84.8,80.4,39.4,85.3,21.7,17.8,1.97,0.795,0.426,0.6,0.2
srv-0157,2026-08-09,11.5,17.3,15.2,71.9,80.9,77.8,38.3,88.1,21.1,17.2,1.91,1.219,0.427,0.8,0.2
srv-0157,2026-08-10,11.9,16.4,14.8,74.2,78.4,76.9,51.8,118.1,28.5,23.3,2.59,1.064,0.702,0.6,0.4
srv-0157,2026-08-11,14.5,19.6,17.8,74.6,80.2,78.3,50.7,127.7,27.9,22.8,2.53,1.356,0.763,0.6,0.6
srv-0157,2026-08-12,12.6,17.2,15.6,75.4,88.9,84.2,55.8,102.7,30.7,25.1,2.79,0.934,0.827,0.7,0.6
srv-0157,2026-08-13,16.5,23.3,20.9,76.0,83.3,80.8,62.6,172.0,34.5,28.2,3.13,1.181,1.16,1.0,0.9
srv-0157,2026-08-14,17.4,22.7,20.9,76.0,90.7,85.6,70.4,186.8,38.7,31.7,3.52,1.357,1.231,1.2,0.5
srv-0157,2026-08-15,10.0,14.4,12.9,72.0,86.9,81.7,54.6,123.0,30.0,24.6,2.73,1.203,0.844,0.9,0.5
srv-0157,2026-08-16,11.1,14.8,13.5,72.1,76.9,75.2,42.1,95.8,23.2,19.0,2.11,1.124,0.618,0.7,0.4
srv-0157,2026-08-17,10.8,16.1,14.2,73.7,87.8,82.8,69.6,139.0,38.3,31.3,3.48,0.793,0.674,0.4,0.5
srv-0157,2026-08-18,13.2,20.8,18.2,73.8,77.9,76.5,50.3,140.5,27.7,22.6,2.52,1.139,0.696,0.8,0.3
srv-0157,2026-08-19,14.9,21.5,19.2,75.8,85.6,82.2,68.1,188.5,37.4,30.6,3.4,1.713,0.849,0.7,0.6
srv-0157,2026-08-20,17.6,29.8,25.5,76.6,84.0,81.4,90.4,199.9,49.7,40.7,4.52,1.233,0.942,1.0,0.6
srv-0157,2026-08-21,15.3,20.0,18.4,75.5,81.1,79.1,67.1,126.2,36.9,30.2,3.35,1.882,1.248,1.3,1.0
srv-0157,2026-08-22,8.7,13.2,11.6,71.5,81.7,78.1,41.8,107.5,23.0,18.8,2.09,1.15,0.741,0.9,0.4
srv-0157,2026-08-23,8.5,12.1,10.8,71.2,81.4,77.8,44.4,82.9,24.4,20.0,2.22,1.166,0.407,0.8,0.3
srv-0157,2026-08-24,14.8,21.8,19.4,76.7,86.2,82.9,63.9,151.8,35.1,28.8,3.2,1.303,1.096,1.1,0.6
srv-0157,2026-08-25,12.5,18.3,16.3,75.1,81.6,79.3,78.0,215.0,42.9,35.1,3.9,1.445,0.97,0.8,0.6
srv-0157,2026-08-26,13.7,19.0,17.2,73.9,86.7,82.2,52.2,108.4,28.7,23.5,2.61,1.167,0.503,0.4,0.2
srv-0157,2026-08-27,13.0,16.7,15.4,74.3,90.0,84.5,64.7,141.6,35.6,29.1,3.24,1.574,0.715,0.9,0.4
srv-0157,2026-08-28,13.2,18.1,16.4,73.7,78.2,76.6,44.5,93.0,24.5,20.0,2.23,1.277,1.014,0.7,0.9
srv-0157,2026-08-29,10.6,16.0,14.1,71.6,80.1,77.1,51.2,111.7,28.2,23.1,2.56,1.095,0.651,0.7,0.6
srv-0157,2026-08-30,8.1,11.9,10.6,70.2,74.2,72.8,42.5,104.1,23.4,19.1,2.13,0.522,0.672,0.3,0.6
srv-0157,2026-08-31,11.6,17.7,15.5,73.8,86.0,81.8,45.7,92.3,25.2,20.6,2.29,1.592,0.512,1.2,0.5
srv-0157,2026-09-01,11.2,19.0,16.3,73.7,84.8,80.9,65.4,130.4,36.0,29.4,3.27,1.323,0.909,0.6,0.8
srv-0157,2026-09-02,12.5,16.4,15.0,73.4,86.6,82.0,59.1,128.2,32.5,26.6,2.96,1.067,1.033,0.7,0.7
srv-0157,2026-09-03,13.8,18.6,16.9,76.0,84.0,81.2,67.8,126.4,37.3,30.5,3.39,1.447,1.027,1.3,0.5
srv-0157,2026-09-04,12.5,15.9,14.7,74.8,89.3,84.3,62.9,154.0,34.6,28.3,3.15,1.816,1.162,1.6,0.9
srv-0157,2026-09-05,7.4,11.3,9.9,70.1,83.8,79.0,35.3,68.4,19.4,15.9,1.77,0.733,0.34,0.6,0.2
srv-0157,2026-09-06,9.9,19.7,16.3,71.0,77.9,75.5,42.5,177.0,23.4,19.1,2.13,1.79,1.07,1.4,0.6
srv-0161,2026-08-08,22.3,29.5,27.0,26.0,31.0,29.3,165.5,442.6,91.0,74.5,8.27,0.545,1.098,0.2,1.0
srv-0161,2026-08-09,25.8,36.1,32.5,26.5,28.9,28.1,217.8,437.9,119.8,98.0,10.89,1.239,1.237,0.5,0.8
srv-0161,2026-08-10,35.4,53.1,46.9,27.3,31.8,30.2,247.1,632.1,135.9,111.2,12.36,1.411,1.388,1.2,0.7
srv-0161,2026-08-11,34.3,56.1,48.5,27.3,28.7,28.2,203.4,402.2,111.9,91.5,10.17,1.219,1.713,0.6,0.7
srv-0161,2026-08-12,38.5,63.8,55.0,27.1,31.5,29.9,258.6,548.4,142.3,116.4,12.93,1.469,1.551,1.0,0.7
srv-0161,2026-08-13,37.3,48.8,44.8,27.3,29.4,28.6,200.7,380.2,110.4,90.3,10.03,1.501,0.956,0.6,0.9
srv-0161,2026-08-14,44.2,61.1,55.2,27.7,31.8,30.4,248.5,459.6,136.7,111.8,12.43,1.294,1.588,0.9,1.4
srv-0161,2026-08-15,27.2,42.2,36.9,26.3,28.8,27.9,191.2,530.6,105.2,86.0,9.56,0.989,0.693,0.6,0.6
srv-0161,2026-08-16,24.7,33.5,30.5,25.9,28.4,27.5,173.2,444.5,95.3,77.9,8.66,1.043,1.115,0.9,0.5
srv-0161,2026-08-17,36.1,45.2,42.0,27.1,29.1,28.4,217.0,547.0,119.4,97.7,10.85,1.185,1.427,0.9,1.3
srv-0161,2026-08-18,43.7,70.4,61.1,28.0,29.9,29.2,328.7,631.5,180.8,147.9,16.44,1.319,1.608,0.6,0.8
srv-0161,2026-08-19,40.9,59.7,53.1,27.9,30.2,29.4,246.8,511.3,135.8,111.1,12.34,1.871,1.003,1.5,0.6
srv-0161,2026-08-20,37.1,62.6,53.7,27.7,30.9,29.8,221.8,617.5,122.0,99.8,11.09,1.209,1.737,0.5,0.8
srv-0161,2026-08-21,50.9,67.6,61.8,28.2,30.3,29.6,321.9,658.8,177.1,144.9,16.1,1.785,1.988,0.9,2.0
srv-0161,2026-08-22,25.2,42.3,36.3,26.2,29.4,28.3,166.5,300.2,91.6,74.9,8.33,0.826,1.122,0.5,0.5
srv-0161,2026-08-23,32.3,46.1,41.2,26.5,32.0,30.1,153.8,380.8,84.6,69.2,7.69,0.943,0.971,0.5,0.9
srv-0161,2026-08-24,44.6,75.6,64.8,27.7,31.4,30.1,305.5,732.4,168.0,137.5,15.28,0.889,1.586,0.6,0.9
srv-0161,2026-08-25,40.0,62.6,54.7,27.1,29.2,28.4,226.1,548.6,124.3,101.7,11.3,1.067,1.559,0.5,1.0
srv-0161,2026-08-26,37.6,96.5,75.9,27.3,31.5,30.0,215.8,853.2,118.7,97.1,10.79,1.682,1.899,1.0,1.1
srv-0161,2026-08-27,47.6,60.8,56.2,27.7,32.5,30.8,256.1,650.4,140.9,115.3,12.81,1.761,1.341,1.2,1.2
srv-0161,2026-08-28,46.7,66.4,59.5,27.7,29.2,28.7,261.0,674.0,143.5,117.4,13.05,1.809,1.914,1.3,1.6
srv-0161,2026-08-29,23.8,36.3,31.9,26.1,30.1,28.7,187.4,471.6,103.1,84.3,9.37,0.737,0.688,0.5,0.3
srv-0161,2026-08-30,24.2,38.5,33.5,26.0,28.3,27.4,150.5,298.0,82.7,67.7,7.52,0.54,0.784,0.4,0.6
srv-0161,2026-08-31,42.9,68.7,59.7,27.3,31.1,29.8,245.9,663.9,135.3,110.7,12.3,1.628,1.604,1.3,1.2
srv-0161,2026-09-01,37.4,60.2,52.2,27.8,32.0,30.5,283.3,532.2,155.8,127.5,14.16,1.313,1.366,1.2,0.9
srv-0161,2026-09-02,45.3,64.6,57.9,27.8,31.1,30.0,209.8,386.3,115.4,94.4,10.49,1.423,1.979,0.7,1.0
srv-0161,2026-09-03,34.8,58.0,49.9,27.2,32.4,30.6,255.3,621.6,140.4,114.9,12.77,1.551,0.863,1.0,0.4
srv-0161,2026-09-04,45.9,60.5,55.4,27.8,30.5,29.5,276.2,575.7,151.9,124.3,13.81,1.183,1.456,0.6,1.3
srv-0161,2026-09-05,27.4,36.0,33.0,26.1,31.2,29.4,171.5,451.9,94.3,77.2,8.57,1.096,1.202,0.8,0.9
srv-0161,2026-09-06,31.7,53.7,46.0,26.6,28.0,27.5,173.4,356.4,95.4,78.0,8.67,0.764,1.19,0.6,0.5
srv-0162,2026-08-08,6.3,8.2,7.5,35.4,41.7,39.5,181.7,466.1,99.9,81.8,9.08,0.364,0.81,0.2,0.4
srv-0162,2026-08-09,8.8,13.6,11.9,36.0,42.7,40.4,258.8,574.1,142.3,116.5,12.94,0.66,1.139,0.4,1.1
srv-0162,2026-08-10,13.3,17.6,16.1,38.1,46.1,43.3,290.5,532.9,159.8,130.7,14.53,0.821,1.304,0.7,0.7
srv-0162,2026-08-11,10.8,17.4,15.1,37.7,40.3,39.4,257.1,582.4,141.4,115.7,12.86,1.107,1.132,0.5,0.9
srv-0162,2026-08-12,12.4,19.8,17.2,37.8,41.3,40.1,364.3,810.8,200.4,163.9,18.21,0.781,1.139,0.4,1.0
srv-0162,2026-08-13,10.8,14.0,12.9,37.1,39.3,38.5,213.0,475.6,117.1,95.8,10.65,0.926,0.905,0.4,0.7
srv-0162,2026-08-14,9.7,24.5,19.3,36.9,42.7,40.7,242.4,807.5,133.3,109.1,12.12,0.764,1.396,0.5,1.2
srv-0162,2026-08-15,6.1,8.1,7.4,35.4,37.3,36.6,225.0,434.1,123.8,101.3,11.25,0.544,0.844,0.4,0.5
srv-0162,2026-08-16,6.0,8.3,7.5,35.4,42.9,40.3,208.8,444.4,114.9,94.0,10.44,0.41,0.976,0.2,0.7
srv-0162,2026-08-17,12.6,20.1,17.5,37.6,40.0,39.1,358.8,721.8,197.3,161.4,17.94,0.74,0.975,0.4,0.8
srv-0162,2026-08-18,10.2,15.9,13.9,36.8,41.1,39.6,204.6,408.0,112.5,92.1,10.23,0.737,1.267,0.5,1.2
srv-0162,2026-08-19,11.3,18.5,16.0,37.4,42.2,40.5,324.5,713.4,178.5,146.0,16.22,0.83,1.093,0.4,0.9
srv-0162,2026-08-20,9.4,15.5,13.3,36.7,38.9,38.1,298.7,565.8,164.3,134.4,14.94,0.439,0.665,0.2,0.6
srv-0162,2026-08-21,10.4,15.1,13.5,36.8,43.3,41.0,288.4,776.0,158.6,129.8,14.42,0.708,1.11,0.3,0.9
srv-0162,2026-08-22,7.7,13.0,11.1,36.1,39.0,38.0,188.4,406.3,103.6,84.8,9.42,0.599,0.531,0.3,0.3
srv-0162,2026-08-23,8.4,14.3,12.2,36.0,43.2,40.7,181.4,365.6,99.8,81.6,9.07,0.659,1.001,0.3,0.5
srv-0162,2026-08-24,11.8,18.8,16.3,37.8,41.5,40.2,374.1,855.3,205.8,168.3,18.71,1.107,1.618,0.7,0.6
srv-0162,2026-08-25,8.9,12.4,11.1,36.7,43.3,41.0,293.7,554.7,161.5,132.2,14.69,0.712,1.323,0.7,0.6
srv-0162,2026-08-26,13.1,22.0,18.9,38.0,42.9,41.2,256.1,623.7,140.9,115.3,12.81,1.075,0.827,0.6,0.3
srv-0162,2026-08-27,10.1,15.8,13.8,37.1,41.5,40.0,289.5,587.3,159.2,130.3,14.47,0.662,0.917,0.5,0.5
srv-0162,2026-08-28,8.5,13.5,11.8,36.8,42.7,40.7,222.4,413.6,122.3,100.1,11.12,0.558,1.11,0.3,0.7
srv-0162,2026-08-29,7.9,10.3,9.5,35.6,39.2,37.9,147.7,275.7,81.2,66.4,7.38,0.669,0.464,0.4,0.4
srv-0162,2026-08-30,6.9,11.7,10.0,36.0,38.8,37.8,162.0,443.7,89.1,72.9,8.1,0.381,0.978,0.2,0.8
srv-0162,2026-08-31,9.7,14.1,12.5,37.0,40.5,39.3,237.9,463.7,130.9,107.1,11.9,0.723,1.162,0.5,0.8
srv-0162,2026-09-01,10.8,16.2,14.3,38.1,43.2,41.4,374.8,822.0,206.1,168.7,18.74,0.816,1.549,0.7,1.3
srv-0162,2026-09-02,9.3,12.1,11.2,36.8,42.8,40.7,248.2,560.7,136.5,111.7,12.41,0.849,0.966,0.7,0.7
srv-0162,2026-09-03,10.7,15.0,13.5,37.7,39.9,39.1,298.5,780.5,164.2,134.3,14.92,0.693,0.9,0.5,0.7
srv-0162,2026-09-04,11.9,18.0,15.9,37.4,40.8,39.6,332.0,662.9,182.6,149.4,16.6,0.989,0.938,0.9,0.4
srv-0162,2026-09-05,6.4,10.1,8.8,35.3,41.1,39.1,136.5,295.0,75.1,61.4,6.82,0.41,0.729,0.3,0.7
srv-0162,2026-09-06,6.8,9.0,8.2,35.9,40.2,38.7,240.7,546.1,132.4,108.3,12.03,0.735,0.761,0.6,0.3
srv-0163,2026-08-08,28.1,42.7,37.6,57.8,68.1,64.5,62.5,133.7,34.3,28.1,3.12,0.921,0.609,0.4,0.5
srv-0163,2026-08-09,22.1,31.8,28.4,57.1,69.6,65.2,67.6,148.8,37.2,30.4,3.38,0.703,0.83,0.4,0.3
srv-0163,2026-08-10,47.8,69.1,61.6,61.3,67.5,65.3,129.1,274.9,71.0,58.1,6.46,1.351,1.508,1.0,1.2
srv-0163,2026-08-11,48.4,77.0,67.0,61.3,73.6,69.3,97.6,232.9,53.7,43.9,4.88,1.267,1.072,0.5,0.9
srv-0163,2026-08-12,38.5,89.4,71.6,59.5,65.6,63.5,98.1,354.6,54.0,44.1,4.91,1.549,2.574,1.0,2.4
srv-0163,2026-08-13,40.2,92.1,73.9,60.4,63.4,62.4,82.0,299.5,45.1,36.9,4.1,2.277,2.295,1.1,1.5
srv-0163,2026-08-14,46.0,66.5,59.3,60.5,64.9,63.4,105.8,248.2,58.2,47.6,5.29,1.88,1.663,0.7,1.3
srv-0163,2026-08-15,23.2,59.4,46.8,56.8,64.3,61.7,45.2,198.4,24.9,20.3,2.26,1.344,1.457,0.6,1.3
srv-0163,2026-08-16,23.5,38.6,33.3,57.5,62.0,60.4,77.5,207.2,42.6,34.9,3.87,0.83,0.999,0.7,0.9
srv-0163,2026-08-17,39.3,52.2,47.7,61.0,65.9,64.2,114.9,236.6,63.2,51.7,5.75,1.319,1.735,0.7,1.1
srv-0163,2026-08-18,33.0,52.9,45.9,59.3,63.8,62.2,95.9,208.3,52.8,43.2,4.8,1.247,1.538,0.5,1.4
srv-0163,2026-08-19,39.0,60.6,53.1,59.8,66.1,63.9,99.9,214.6,55.0,45.0,5.0,1.174,0.861,0.7,0.8
srv-0163,2026-08-20,42.3,70.4,60.6,60.3,68.8,65.8,82.6,154.0,45.5,37.2,4.13,1.18,1.188,0.9,1.1
srv-0163,2026-08-21,38.7,49.4,45.6,59.5,66.8,64.3,100.0,222.3,55.0,45.0,5.0,1.313,0.991,0.7,0.8
srv-0163,2026-08-22,26.0,42.6,36.8,56.7,63.0,60.8,50.3,101.1,27.7,22.6,2.52,0.696,0.808,0.4,0.6
srv-0163,2026-08-23,25.1,36.8,32.7,57.5,63.1,61.1,54.9,122.2,30.2,24.7,2.74,1.184,0.907,0.5,0.4
srv-0163,2026-08-24,37.5,51.0,46.3,60.2,66.5,64.3,97.7,181.5,53.7,44.0,4.88,1.76,1.014,1.2,0.7
srv-0163,2026-08-25,42.4,68.2,59.2,60.4,70.0,66.6,83.0,198.2,45.7,37.4,4.15,1.712,1.19,1.3,0.6
srv-0163,2026-08-26,44.3,72.2,62.4,60.7,65.4,63.8,105.9,252.8,58.2,47.6,5.29,1.747,1.678,1.5,1.2
srv-0163,2026-08-27,44.5,70.2,61.2,60.4,66.0,64.0,87.2,238.0,47.9,39.2,4.36,1.197,1.488,1.0,0.9
srv-0163,2026-08-28,41.0,51.9,48.1,60.6,70.4,67.0,101.2,233.1,55.7,45.5,5.06,1.393,1.183,1.2,1.2
srv-0163,2026-08-29,28.5,47.1,40.6,57.0,67.8,64.0,73.9,194.6,40.6,33.2,3.69,0.543,0.549,0.4,0.5
srv-0163,2026-08-30,30.4,38.3,35.5,57.5,62.3,60.6,60.3,159.2,33.2,27.1,3.01,1.235,0.941,1.0,0.7
srv-0163,2026-08-31,44.7,99,80.0,61.5,70.0,67.0,139.7,430.8,76.8,62.9,6.99,1.572,2.628,1.4,2.1
srv-0163,2026-09-01,42.3,99,79.2,59.8,71.3,67.3,116.1,494.7,63.8,52.2,5.8,2.651,2.364,1.3,1.6
srv-0163,2026-09-02,45.4,63.7,57.3,60.8,67.4,65.1,92.4,176.7,50.8,41.6,4.62,1.056,1.043,0.8,0.7
srv-0163,2026-09-03,34.8,91.7,71.8,59.6,66.3,64.0,100.7,357.4,55.4,45.3,5.03,2.533,2.627,2.0,2.5
srv-0163,2026-09-04,43.5,69.6,60.4,60.2,72.2,68.0,80.7,184.7,44.4,36.3,4.03,1.381,1.075,1.2,0.5
srv-0163,2026-09-05,20.9,30.7,27.3,56.5,59.7,58.6,62.2,135.9,34.2,28.0,3.11,0.883,1.005,0.4,1.0
srv-0163,2026-09-06,19.9,46.9,37.5,56.5,65.2,62.2,57.2,187.9,31.5,25.7,2.86,1.353,0.871,1.2,0.5
srv-0167,2026-08-08,24.0,35.8,31.7,72.8,82.7,79.2,102.2,184.3,56.2,46.0,5.11,0.859,1.234,0.6,1.1
srv-0167,2026-08-09,23.1,34.8,30.7,73.2,87.9,82.7,85.1,158.4,46.8,38.3,4.26,0.607,1.214,0.3,1.2
srv-0167,2026-08-10,33.1,53.3,46.2,74.8,78.7,77.3,95.6,259.3,52.6,43.0,4.78,1.149,0.792,1.0,0.5
srv-0167,2026-08-11,42.5,57.7,52.4,77.3,92.7,87.3,120.9,317.3,66.5,54.4,6.04,1.581,1.063,0.6,0.4
srv-0167,2026-08-12,35.5,56.1,48.9,77.1,82.4,80.5,133.8,366.6,73.6,60.2,6.69,1.257,1.429,0.6,1.3
srv-0167,2026-08-13,39.7,64.8,56.0,76.4,81.0,79.4,114.8,219.3,63.2,51.7,5.74,1.263,1.513,1.0,0.8
srv-0167,2026-08-14,36.0,51.9,46.3,76.0,88.0,83.8,146.4,387.3,80.5,65.9,7.32,1.125,1.573,0.7,1.1
srv-0167,2026-08-15,23.0,36.4,31.7,73.2,79.3,77.2,108.6,289.1,59.8,48.9,5.43,0.872,1.188,0.8,0.5
srv-0167,2026-08-16,22.0,27.6,25.7,71.6,78.7,76.2,62.5,149.8,34.4,28.1,3.12,0.707,0.721,0.6,0.3
srv-0167,2026-08-17,34.8,57.4,49.5,76.1,86.0,82.6,157.5,403.6,86.6,70.9,7.88,1.056,1.274,0.4,1.0
srv-0167,2026-08-18,35.6,58.8,50.7,74.8,89.6,84.4,144.6,316.5,79.5,65.1,7.23,1.217,0.816,0.6,0.5
srv-0167,2026-08-19,36.0,49.9,45.0,77.1,87.1,83.6,137.2,343.7,75.5,61.7,6.86,1.146,1.369,1.0,1.3
srv-0167,2026-08-20,34.0,45.4,41.4,75.8,84.7,81.6,139.9,327.7,76.9,62.9,6.99,1.169,0.991,0.8,0.5
srv-0167,2026-08-21,33.8,47.8,42.9,76.4,85.7,82.4,166.1,445.6,91.4,74.8,8.31,1.635,0.999,0.7,0.9
srv-0167,2026-08-22,28.0,43.2,37.9,72.8,77.7,76.0,106.9,199.1,58.8,48.1,5.34,0.805,1.224,0.3,0.5
srv-0167,2026-08-23,20.1,25.6,23.7,72.1,77.0,75.3,107.5,221.7,59.1,48.4,5.38,0.989,0.54,0.4,0.3
srv-0167,2026-08-24,37.2,46.6,43.3,75.6,83.3,80.6,134.9,374.6,74.2,60.7,6.75,0.945,1.439,0.8,1.3
srv-0167,2026-08-25,28.3,41.7,37.1,75.0,83.5,80.5,101.2,248.4,55.7,45.6,5.06,0.965,1.627,0.5,0.7
srv-0167,2026-08-26,45.0,56.5,52.5,77.7,81.6,80.2,120.6,295.9,66.3,54.3,6.03,0.945,1.899,0.8,1.1
srv-0167,2026-08-27,43.7,56.3,51.9,78.0,92.6,87.5,120.7,307.0,66.4,54.3,6.03,1.213,1.055,1.0,0.8
srv-0167,2026-08-28,30.0,42.2,37.9,75.0,83.4,80.4,101.9,187.0,56.1,45.9,5.1,0.68,0.874,0.4,0.3
srv-0167,2026-08-29,21.9,27.5,25.5,72.9,85.2,80.9,109.4,210.3,60.2,49.2,5.47,1.098,0.923,0.9,0.5
srv-0167,2026-08-30,24.2,31.7,29.0,72.9,85.5,81.1,119.4,287.4,65.7,53.7,5.97,0.612,0.939,0.5,0.8
srv-0167,2026-08-31,41.0,51.5,47.8,77.4,90.5,85.9,151.8,322.0,83.5,68.3,7.59,1.652,1.177,1.0,0.6
srv-0167,2026-09-01,35.4,44.4,41.2,75.3,84.7,81.5,156.7,391.9,86.2,70.5,7.84,0.813,1.112,0.4,0.9
srv-0167,2026-09-02,43.1,56.9,52.1,77.6,88.5,84.7,185.1,333.6,101.8,83.3,9.25,1.704,0.953,1.1,0.9
srv-0167,2026-09-03,34.4,52.5,46.2,75.2,80.7,78.8,93.5,200.0,51.4,42.1,4.68,1.142,1.484,0.7,0.8
srv-0167,2026-09-04,32.4,48.9,43.1,75.7,85.9,82.3,120.1,312.8,66.1,54.0,6.0,1.535,1.571,1.3,1.2
srv-0167,2026-09-05,21.4,34.9,30.2,72.6,78.7,76.6,79.2,211.3,43.6,35.6,3.96,1.074,0.667,0.6,0.3
srv-0167,2026-09-06,26.7,43.7,37.7,72.8,80.7,77.9,110.2,254.5,60.6,49.6,5.51,0.836,0.937,0.4,0.5
srv-0168,2026-08-08,25.3,40.6,35.2,58.8,70.1,66.1,53.9,105.7,29.6,24.3,2.7,0.835,0.374,0.7,0.3
srv-0168,2026-08-09,22.1,27.9,25.8,58.4,64.1,62.1,44.9,112.9,24.7,20.2,2.25,0.827,0.352,0.7,0.3
srv-0168,2026-08-10,31.6,49.8,43.4,60.6,71.2,67.5,56.5,152.4,31.1,25.4,2.83,0.845,0.886,0.3,0.9
srv-0168,2026-08-11,35.4,56.8,49.3,61.3,72.2,68.4,84.4,158.0,46.4,38.0,4.22,1.059,0.917,0.5,0.6
srv-0168,2026-08-12,45.4,73.2,63.5,62.5,71.5,68.3,84.7,209.6,46.6,38.1,4.23,1.413,1.147,0.8,0.8
srv-0168,2026-08-13,42.2,69.2,59.8,62.1,69.9,67.2,63.1,131.5,34.7,28.4,3.15,1.225,0.934,1.0,0.8
srv-0168,2026-08-14,41.4,57.2,51.7,62.5,70.2,67.5,95.8,232.8,52.7,43.1,4.79,1.46,0.855,0.6,0.6
srv-0168,2026-08-15,21.9,35.0,30.4,58.2,67.1,64.0,48.1,96.8,26.5,21.7,2.41,0.738,0.364,0.4,0.3
srv-0168,2026-08-16,23.8,38.5,33.4,58.3,65.7,63.1,46.2,116.3,25.4,20.8,2.31,1.075,0.374,0.7,0.1
srv-0168,2026-08-17,38.8,49.8,45.9,61.5,75.0,70.3,54.0,132.3,29.7,24.3,2.7,1.017,0.841,0.6,0.4
srv-0168,2026-08-18,31.8,52.6,45.4,60.6,69.5,66.4,58.2,140.6,32.0,26.2,2.91,0.86,0.493,0.5,0.4
srv-0168,2026-08-19,46.5,69.5,61.4,63.1,66.4,65.2,101.5,220.0,55.9,45.7,5.08,1.01,0.676,0.8,0.5
srv-0168,2026-08-20,42.0,69.0,59.6,62.2,72.9,69.2,71.4,177.2,39.3,32.1,3.57,1.224,0.906,0.8,0.7
srv-0168,2026-08-21,45.7,65.4,58.5,62.4,67.2,65.5,77.6,210.5,42.7,34.9,3.88,1.088,1.123,0.5,0.6
srv-0168,2026-08-22,19.7,52.8,41.3,57.8,68.8,65.0,38.9,115.2,21.4,17.5,1.94,1.409,0.691,1.1,0.6
srv-0168,2026-08-23,27.6,39.3,35.2,59.0,66.6,64.0,58.3,149.0,32.1,26.2,2.92,1.161,0.506,0.8,0.3
srv-0168,2026-08-24,34.5,44.9,41.2,61.1,64.9,63.6,53.2,145.3,29.3,24.0,2.66,0.764,0.836,0.3,0.3
srv-0168,2026-08-25,38.3,52.8,47.7,61.4,70.2,67.1,81.0,154.7,44.5,36.4,4.05,1.131,0.535,0.9,0.2
srv-0168,2026-08-26,36.7,54.4,48.2,61.3,65.5,64.1,55.5,148.1,30.5,25.0,2.78,0.893,0.959,0.7,0.4
srv-0168,2026-08-27,43.5,57.9,52.9,62.2,65.5,64.3,63.4,135.9,34.8,28.5,3.17,1.165,0.862,1.0,0.5
srv-0168,2026-08-28,47.2,61.2,56.3,63.1,68.9,66.9,79.6,160.4,43.8,35.8,3.98,1.344,1.062,0.6,0.6
srv-0168,2026-08-29,32.5,52.1,45.2,59.2,67.7,64.7,48.2,123.6,26.5,21.7,2.41,1.0,0.513,0.5,0.3
srv-0168,2026-08-30,23.7,31.6,28.8,58.2,65.4,62.9,38.4,71.1,21.1,17.3,1.92,0.655,0.642,0.6,0.4
srv-0168,2026-08-31,36.3,47.0,43.3,60.4,71.1,67.4,51.4,134.1,28.3,23.1,2.57,0.997,0.917,0.4,0.7
srv-0168,2026-09-01,38.7,50.4,46.3,62.0,66.5,64.9,83.3,165.2,45.8,37.5,4.16,1.78,0.624,1.3,0.3
srv-0168,2026-09-02,39.0,62.7,54.4,61.7,73.7,69.5,83.6,207.0,46.0,37.6,4.18,1.273,0.521,0.6,0.4
srv-0168,2026-09-03,46.5,68.1,60.5,61.9,68.7,66.3,90.2,172.3,49.6,40.6,4.51,1.231,0.739,0.6,0.4
srv-0168,2026-09-04,40.0,56.5,50.7,62.6,74.4,70.2,69.8,176.9,38.4,31.4,3.49,1.171,0.785,0.5,0.5
srv-0168,2026-09-05,24.4,35.1,31.3,58.3,68.3,64.8,52.6,140.8,28.9,23.7,2.63,0.991,0.525,0.4,0.3
srv-0168,2026-09-06,24.6,40.7,35.1,57.8,64.4,62.1,41.0,106.4,22.5,18.4,2.05,0.573,0.351,0.3,0.2
srv-0171,2026-08-08,10.2,15.6,13.7,34.2,35.9,35.3,359.6,869.5,197.8,161.8,17.98,0.563,0.609,0.4,0.4
srv-0171,2026-08-09,9.0,11.5,10.6,33.8,38.0,36.6,317.4,845.5,174.5,142.8,15.87,0.347,0.436,0.3,0.4
srv-0171,2026-08-10,15.3,19.7,18.1,36.5,38.5,37.8,535.2,1080.9,294.4,240.9,26.76,0.725,0.631,0.5,0.3
srv-0171,2026-08-11,15.1,20.0,18.3,35.3,40.0,38.4,478.4,1051.2,263.1,215.3,23.92,0.755,0.572,0.4,0.2
srv-0171,2026-08-12,14.0,19.6,17.7,36.2,42.3,40.2,524.2,1426.2,288.3,235.9,26.21,0.937,0.758,0.5,0.5
srv-0171,2026-08-13,13.1,16.7,15.4,35.5,41.9,39.6,542.7,1201.6,298.5,244.2,27.14,0.573,0.816,0.4,0.5
srv-0171,2026-08-14,15.7,25.0,21.7,35.9,39.4,38.2,472.9,883.6,260.1,212.8,23.64,0.685,0.533,0.4,0.5
srv-0171,2026-08-15,9.4,14.8,12.9,33.4,38.5,36.7,261.6,589.0,143.9,117.7,13.08,0.46,0.368,0.3,0.2
srv-0171,2026-08-16,10.1,23.7,19.0,34.3,36.4,35.6,314.7,1125.1,173.1,141.6,15.74,0.665,0.666,0.6,0.4
srv-0171,2026-08-17,18.4,25.0,22.7,36.5,39.1,38.2,641.6,1234.8,352.9,288.7,32.08,1.017,1.086,0.5,0.5
srv-0171,2026-08-18,17.0,24.0,21.5,36.5,41.2,39.6,556.6,1488.5,306.1,250.5,27.83,0.883,0.901,0.5,0.8
srv-0171,2026-08-19,12.6,18.9,16.7,35.1,42.6,40.0,348.4,846.9,191.6,156.8,17.42,0.936,0.794,0.8,0.5
srv-0171,2026-08-20,15.4,23.6,20.8,35.9,43.0,40.5,398.7,817.0,219.3,179.4,19.93,0.665,0.941,0.4,0.4
srv-0171,2026-08-21,12.7,16.2,15.0,35.0,41.0,38.9,464.1,1207.1,255.3,208.8,23.2,0.852,0.651,0.4,0.3
srv-0171,2026-08-22,11.1,18.1,15.6,33.9,37.9,36.5,306.9,732.7,168.8,138.1,15.35,0.404,0.622,0.4,0.4
srv-0171,2026-08-23,11.9,19.1,16.6,34.4,40.4,38.3,401.7,1119.6,220.9,180.7,20.08,0.537,0.559,0.4,0.5
srv-0171,2026-08-24,16.8,26.9,23.4,36.1,40.6,39.0,525.8,1374.7,289.2,236.6,26.29,0.707,0.885,0.6,0.4
srv-0171,2026-08-25,13.0,20.5,17.9,35.6,42.1,39.8,569.5,1321.0,313.2,256.3,28.48,1.027,0.894,0.7,0.4
srv-0171,2026-08-26,14.1,22.8,19.8,35.6,38.4,37.4,347.2,961.2,191.0,156.2,17.36,0.774,0.788,0.6,0.8
srv-0171,2026-08-27,16.9,26.9,23.4,36.1,41.5,39.6,478.4,935.1,263.1,215.3,23.92,0.907,1.065,0.8,0.9
srv-0171,2026-08-28,13.1,19.3,17.1,35.7,40.8,39.0,432.2,836.6,237.7,194.5,21.61,0.769,0.575,0.3,0.4
srv-0171,2026-08-29,10.2,15.2,13.4,33.8,40.4,38.1,238.0,601.7,130.9,107.1,11.9,0.385,0.618,0.2,0.4
srv-0171,2026-08-30,10.5,13.2,12.3,34.0,40.6,38.3,384.5,855.8,211.5,173.0,19.23,0.518,0.619,0.4,0.6
srv-0171,2026-08-31,13.8,17.9,16.5,35.2,41.8,39.5,352.3,846.9,193.7,158.5,17.61,0.869,0.941,0.4,0.7
srv-0171,2026-09-01,14.8,22.6,19.9,35.5,41.6,39.5,567.1,1168.1,311.9,255.2,28.36,0.53,0.737,0.3,0.3
srv-0171,2026-09-02,14.3,21.0,18.7,36.2,41.1,39.4,394.2,870.3,216.8,177.4,19.71,0.965,0.676,0.6,0.6
srv-0171,2026-09-03,13.5,19.0,17.1,35.3,37.9,37.0,488.6,1110.5,268.7,219.9,24.43,0.686,0.891,0.4,0.9
srv-0171,2026-09-04,14.1,23.0,19.9,36.2,44.0,41.3,435.2,1168.2,239.3,195.8,21.76,0.729,0.967,0.3,1.0
srv-0171,2026-09-05,8.8,13.2,11.7,33.8,39.3,37.4,288.9,761.6,158.9,130.0,14.44,0.437,0.609,0.4,0.4
srv-0171,2026-09-06,8.0,10.3,9.5,33.5,35.9,35.0,217.2,579.3,119.4,97.7,10.86,0.333,0.326,0.1,0.3
srv-0172,2026-08-08,23.0,30.2,27.7,66.5,78.0,74.0,119.5,240.2,65.7,53.8,5.98,1.024,1.177,0.5,1.0
srv-0172,2026-08-09,22.8,31.1,28.2,66.4,73.9,71.3,82.5,149.0,45.4,37.1,4.13,0.951,1.179,0.5,1.1
srv-0172,2026-08-10,29.9,47.7,41.5,68.4,80.2,76.1,97.7,232.4,53.7,44.0,4.88,0.992,1.117,0.8,1.1
srv-0172,2026-08-11,29.6,43.7,38.8,68.4,75.8,73.2,95.2,202.5,52.3,42.8,4.76,1.173,1.079,1.0,0.6
srv-0172,2026-08-12,28.5,36.4,33.6,69.4,78.6,75.4,125.1,295.0,68.8,56.3,6.26,1.371,0.995,0.5,0.4
srv-0172,2026-08-13,34.2,56.8,48.9,70.2,73.8,72.5,131.6,272.4,72.4,59.2,6.58,1.471,1.247,1.0,0.9
srv-0172,2026-08-14,33.0,44.3,40.4,69.5,74.4,72.7,138.4,385.1,76.1,62.3,6.92,1.249,1.477,1.1,1.4
srv-0172,2026-08-15,22.9,38.1,32.8,66.3,75.6,72.4,95.0,232.0,52.2,42.7,4.75,0.805,0.709,0.6,0.6
srv-0172,2026-08-16,17.1,22.1,20.4,65.3,73.1,70.4,96.4,262.4,53.0,43.4,4.82,0.43,0.504,0.2,0.3
srv-0172,2026-08-17,33.6,56.6,48.5,70.4,84.2,79.4,137.4,276.0,75.5,61.8,6.87,0.908,1.923,0.6,0.8
srv-0172,2026-08-18,26.3,35.6,32.4,68.9,78.1,74.9,120.2,256.9,66.1,54.1,6.01,1.347,0.849,0.7,0.7
srv-0172,2026-08-19,27.3,35.7,32.7,69.4,79.4,75.9,105.5,284.5,58.0,47.5,5.27,1.246,0.937,0.9,0.5
srv-0172,2026-08-20,30.3,48.6,42.2,70.6,81.1,77.4,171.5,367.5,94.3,77.2,8.58,1.52,1.072,0.6,0.4
srv-0172,2026-08-21,23.6,30.8,28.3,68.0,73.1,71.4,126.9,252.5,69.8,57.1,6.34,0.603,0.743,0.4,0.7
srv-0172,2026-08-22,22.5,38.0,32.6,66.4,71.6,69.8,103.1,285.9,56.7,46.4,5.15,0.749,0.992,0.7,0.7
srv-0172,2026-08-23,19.0,28.0,24.8,66.4,76.2,72.7,99.6,248.1,54.8,44.8,4.98,0.897,0.807,0.8,0.7
srv-0172,2026-08-24,32.0,42.6,38.9,70.0,73.8,72.5,173.1,323.1,95.2,77.9,8.65,0.907,0.857,0.7,0.3
srv-0172,2026-08-25,24.9,40.7,35.2,68.6,73.7,71.9,153.4,347.1,84.3,69.0,7.67,0.808,1.319,0.6,0.5
srv-0172,2026-08-26,32.9,50.6,44.4,69.1,79.0,75.5,101.9,199.3,56.0,45.9,5.1,0.853,1.086,0.4,0.5
srv-0172,2026-08-27,31.7,49.6,43.3,70.3,74.4,72.9,179.5,365.9,98.7,80.8,8.97,0.905,1.714,0.4,1.4
srv-0172,2026-08-28,35.1,51.9,46.0,70.5,78.1,75.4,125.2,295.3,68.9,56.4,6.26,1.128,1.764,0.8,1.7
srv-0172,2026-08-29,22.3,28.6,26.4,66.7,80.2,75.5,77.7,150.0,42.7,35.0,3.89,0.586,0.862,0.4,0.4
srv-0172,2026-08-30,18.3,25.4,22.9,65.1,70.0,68.3,84.6,172.0,46.5,38.1,4.23,0.491,0.969,0.3,0.7
srv-0172,2026-08-31,35.4,45.2,41.8,70.2,82.2,78.0,146.4,365.2,80.5,65.9,7.32,1.317,1.513,1.1,0.9
srv-0172,2026-09-01,29.6,40.3,36.5,69.4,83.2,78.4,123.2,324.6,67.8,55.5,6.16,1.086,1.036,1.0,0.5
srv-0172,2026-09-02,26.9,35.6,32.5,68.1,72.3,70.8,103.3,193.1,56.8,46.5,5.16,1.19,1.273,1.0,0.5
srv-0172,2026-09-03,32.4,49.2,43.3,70.4,78.2,75.5,156.5,366.8,86.1,70.4,7.82,1.049,1.843,0.9,1.6
srv-0172,2026-09-04,34.8,50.3,44.9,70.5,78.9,76.0,115.5,286.4,63.5,52.0,5.77,1.047,1.056,0.6,0.5
srv-0172,2026-09-05,24.1,63.3,49.6,66.6,80.8,75.9,111.3,398.6,61.2,50.1,5.57,1.315,1.78,0.7,1.6
srv-0172,2026-09-06,19.6,25.7,23.6,65.7,78.0,73.7,97.6,203.3,53.7,43.9,4.88,0.562,0.853,0.3,0.3
srv-0173,2026-08-08,19.8,33.2,28.5,48.5,51.0,50.1,81.8,175.0,45.0,36.8,4.09,0.527,0.844,0.3,0.5
srv-0173,2026-08-09,16.8,25.0,22.1,48.4,58.6,55.0,95.1,193.0,52.3,42.8,4.76,0.685,0.725,0.6,0.6
srv-0173,2026-08-10,29.3,41.8,37.4,50.6,53.2,52.3,128.2,287.1,70.5,57.7,6.41,0.603,0.863,0.4,0.4
srv-0173,2026-08-11,27.4,42.3,37.1,50.8,56.6,54.6,171.4,378.4,94.3,77.1,8.57,0.576,1.091,0.5,1.1
srv-0173,2026-08-12,34.5,54.8,47.7,51.3,62.5,58.6,168.2,356.9,92.5,75.7,8.41,0.955,1.15,0.7,0.5
srv-0173,2026-08-13,32.2,46.1,41.2,50.8,61.5,57.7,126.6,262.2,69.6,57.0,6.33,1.107,1.354,0.5,1.4
srv-0173,2026-08-14,33.8,45.7,41.6,51.3,59.5,56.7,139.2,365.6,76.5,62.6,6.96,0.783,0.864,0.6,0.6
srv-0173,2026-08-15,24.5,40.0,34.6,49.3,54.0,52.3,130.3,323.2,71.7,58.6,6.52,0.83,0.969,0.5,0.5
srv-0173,2026-08-16,23.4,36.6,32.0,49.1,58.0,54.9,96.3,184.9,53.0,43.3,4.82,0.46,0.879,0.2,0.7
srv-0173,2026-08-17,36.9,54.2,48.2,52.0,56.3,54.8,179.9,424.4,98.9,81.0,8.99,1.326,1.469,0.6,0.7
srv-0173,2026-08-18,26.6,33.6,31.1,51.1,59.1,56.3,128.9,314.9,70.9,58.0,6.44,0.988,1.82,0.7,1.0
srv-0173,2026-08-19,30.9,75.6,60.0,51.9,60.0,57.2,170.6,693.2,93.8,76.8,8.53,1.536,2.863,1.1,2.1
srv-0173,2026-08-20,30.2,40.1,36.7,52.0,62.8,59.0,144.1,344.7,79.2,64.8,7.2,1.247,1.166,0.5,0.5
srv-0173,2026-08-21,29.0,67.2,53.8,51.7,57.1,55.2,142.2,612.8,78.2,64.0,7.11,1.044,2.306,0.9,1.1
srv-0173,2026-08-22,22.0,29.6,26.9,49.1,53.7,52.1,112.3,306.3,61.8,50.6,5.62,0.825,1.043,0.4,0.8
srv-0173,2026-08-23,24.4,39.8,34.4,49.3,58.5,55.2,89.5,215.0,49.2,40.3,4.47,0.729,0.695,0.6,0.5
srv-0173,2026-08-24,29.0,49.0,42.0,51.3,59.1,56.4,120.7,275.3,66.4,54.3,6.04,0.901,1.68,0.5,0.8
srv-0173,2026-08-25,29.8,41.6,37.5,52.0,57.8,55.8,204.8,375.8,112.6,92.2,10.24,0.778,1.873,0.3,0.9
srv-0173,2026-08-26,35.1,46.1,42.2,52.5,63.5,59.6,210.5,572.2,115.8,94.7,10.52,0.954,0.994,0.5,0.9
srv-0173,2026-08-27,25.8,34.6,31.5,50.7,54.5,53.2,157.3,299.3,86.5,70.8,7.86,1.076,1.291,1.0,1.1
srv-0173,2026-08-28,31.5,47.4,41.8,50.5,53.3,52.3,140.4,335.4,77.2,63.2,7.02,0.774,0.939,0.5,0.5
srv-0173,2026-08-29,20.5,26.5,24.4,49.0,57.9,54.8,112.1,287.1,61.6,50.4,5.6,0.82,0.702,0.5,0.5
srv-0173,2026-08-30,22.3,34.1,30.0,49.1,54.4,52.5,98.1,221.5,53.9,44.1,4.9,0.832,0.97,0.7,0.8
srv-0173,2026-08-31,30.0,49.8,42.9,51.3,60.6,57.4,126.5,300.4,69.6,56.9,6.32,1.223,0.863,0.5,0.7
srv-0173,2026-09-01,26.8,39.4,35.0,50.7,61.2,57.5,110.3,266.0,60.7,49.6,5.51,0.658,0.8,0.4,0.4
srv-0173,2026-09-02,27.1,40.6,35.9,50.9,53.7,52.7,178.9,425.8,98.4,80.5,8.94,0.81,1.186,0.5,0.7
srv-0173,2026-09-03,33.5,53.2,46.3,50.9,58.0,55.5,146.1,340.5,80.3,65.7,7.3,0.585,1.169,0.5,1.0
srv-0173,2026-09-04,33.4,51.7,45.3,52.5,61.2,58.2,180.3,364.1,99.2,81.1,9.01,1.259,1.133,1.0,1.0
srv-0173,2026-09-05,18.4,27.5,24.3,48.9,58.1,54.9,79.3,217.5,43.6,35.7,3.96,0.45,1.2,0.2,1.1
srv-0173,2026-09-06,24.7,31.6,29.2,49.1,59.3,55.7,118.8,249.4,65.4,53.5,5.94,0.812,1.095,0.5,0.7
srv-0174,2026-08-08,19.7,27.0,24.4,29.3,33.2,31.8,31.7,73.5,17.5,14.3,1.59,0.585,0.552,0.5,0.5
srv-0174,2026-08-09,27.4,39.3,35.1,30.1,32.5,31.6,33.0,59.5,18.1,14.8,1.65,0.898,0.911,0.6,0.5
srv-0174,2026-08-10,31.4,40.3,37.2,30.7,34.4,33.1,58.0,134.5,31.9,26.1,2.9,0.815,0.907,0.3,0.4
srv-0174,2026-08-11,36.6,57.9,50.5,30.7,33.0,32.2,43.1,100.2,23.7,19.4,2.15,0.989,0.954,0.4,0.4
srv-0174,2026-08-12,32.8,53.8,46.4,30.8,36.9,34.8,48.6,107.0,26.7,21.9,2.43,0.868,0.942,0.7,0.4
srv-0174,2026-08-13,44.8,56.7,52.5,31.4,34.0,33.1,68.4,173.9,37.6,30.8,3.42,1.499,1.635,1.2,0.7
srv-0174,2026-08-14,43.7,67.8,59.4,31.9,35.6,34.3,54.5,134.3,30.0,24.5,2.73,1.954,2.009,1.8,1.4
srv-0174,2026-08-15,25.1,35.5,31.9,29.9,34.7,33.0,45.0,98.6,24.7,20.2,2.25,1.121,0.647,0.6,0.5
srv-0174,2026-08-16,25.7,32.9,30.4,29.4,33.3,31.9,38.8,90.4,21.3,17.4,1.94,0.956,0.743,0.5,0.3
srv-0174,2026-08-17,36.5,54.7,48.3,30.7,35.9,34.1,45.2,122.5,24.9,20.4,2.26,1.485,1.233,0.6,0.5
srv-0174,2026-08-18,35.8,58.8,50.8,31.0,36.9,34.8,44.9,88.3,24.7,20.2,2.25,1.018,0.858,0.5,0.5
srv-0174,2026-08-19,42.4,69.8,60.2,31.3,32.9,32.3,52.8,98.5,29.0,23.8,2.64,1.598,1.49,1.4,0.8
srv-0174,2026-08-20,38.2,58.8,51.6,31.2,34.5,33.3,54.6,104.9,30.0,24.6,2.73,1.361,1.364,0.5,0.9
srv-0174,2026-08-21,46.1,57.6,53.6,32.0,33.7,33.1,63.1,141.9,34.7,28.4,3.16,1.653,1.084,1.4,0.8
srv-0174,2026-08-22,21.7,29.2,26.6,29.6,31.3,30.7,26.2,53.1,14.4,11.8,1.31,1.101,0.584,0.9,0.4
srv-0174,2026-08-23,27.2,45.3,39.0,29.8,34.7,33.0,29.7,62.9,16.3,13.4,1.48,0.594,1.174,0.4,1.2
srv-0174,2026-08-24,37.2,49.8,45.4,31.7,34.5,33.5,68.6,168.2,37.7,30.9,3.43,1.707,1.345,0.9,0.6
srv-0174,2026-08-25,37.7,53.2,47.8,30.7,37.0,34.8,58.0,140.8,31.9,26.1,2.9,1.383,1.325,1.0,1.2
srv-0174,2026-08-26,41.4,54.4,49.8,31.5,37.6,35.5,61.2,126.3,33.7,27.6,3.06,1.198,1.784,0.9,1.4
srv-0174,2026-08-27,45.4,99,80.3,31.6,36.8,35.0,50.8,154.0,27.9,22.8,2.54,2.406,1.761,1.4,1.3
srv-0174,2026-08-28,38.1,51.6,46.9,31.0,34.9,33.5,55.4,150.1,30.4,24.9,2.77,1.351,1.276,0.6,1.2
srv-0174,2026-08-29,24.0,33.0,29.9,29.4,31.5,30.7,36.8,75.8,20.3,16.6,1.84,0.592,0.917,0.5,0.7
srv-0174,2026-08-30,24.4,39.0,33.9,29.3,31.1,30.5,37.0,70.4,20.4,16.7,1.85,0.958,0.891,0.9,0.8
srv-0174,2026-08-31,43.7,55.4,51.3,31.4,34.4,33.3,55.5,135.9,30.5,25.0,2.78,1.752,1.243,1.1,0.5
srv-0174,2026-09-01,36.7,48.0,44.1,30.8,37.3,35.0,53.2,129.5,29.3,24.0,2.66,1.195,1.473,0.5,0.8
srv-0174,2026-09-02,44.1,66.6,58.7,31.6,34.9,33.7,72.9,161.8,40.1,32.8,3.65,1.392,1.558,0.8,1.1
srv-0174,2026-09-03,37.2,50.5,45.9,31.4,35.1,33.8,55.1,139.9,30.3,24.8,2.76,1.012,0.924,0.8,0.8
srv-0174,2026-09-04,41.7,52.4,48.7,31.7,38.5,36.2,69.4,125.5,38.2,31.2,3.47,1.568,1.76,1.2,1.0
srv-0174,2026-09-05,21.1,30.7,27.3,29.3,32.0,31.1,34.5,92.5,19.0,15.5,1.73,0.824,0.914,0.5,0.5
srv-0174,2026-09-06,25.5,68.6,53.5,29.9,34.7,33.0,45.6,192.1,25.1,20.5,2.28,1.588,0.926,1.4,0.4
srv-0176,2026-08-08,14.4,23.5,20.3,60.2,63.8,62.5,20.3,56.6,11.2,9.1,1.01,0.417,1.083,0.4,1.1
srv-0176,2026-08-09,12.0,18.9,16.5,59.2,68.3,65.1,26.8,72.9,14.7,12.1,1.34,0.6,0.976,0.4,0.8
srv-0176,2026-08-10,19.8,31.5,27.4,62.3,68.7,66.5,36.5,77.6,20.1,16.4,1.82,0.963,0.789,0.7,0.3
srv-0176,2026-08-11,19.8,31.5,27.4,63.1,68.7,66.7,37.7,103.6,20.7,17.0,1.89,0.828,0.969,0.5,1.0
srv-0176,2026-08-12,23.7,33.5,30.1,64.4,69.5,67.7,33.5,76.0,18.4,15.1,1.67,0.72,1.063,0.5,0.6
srv-0176,2026-08-13,20.0,27.4,24.8,64.2,72.0,69.3,34.3,65.7,18.9,15.4,1.72,0.849,1.402,0.5,1.4
srv-0176,2026-08-14,23.5,50.7,41.2,63.4,75.8,71.4,31.0,118.6,17.0,13.9,1.55,1.845,1.874,1.4,1.4
srv-0176,2026-08-15,12.6,18.2,16.2,59.2,70.0,66.2,21.2,56.1,11.7,9.6,1.06,0.665,0.68,0.6,0.3
srv-0176,2026-08-16,15.1,19.4,17.9,60.6,70.7,67.2,22.7,51.3,12.5,10.2,1.14,0.622,0.909,0.4,0.7
srv-0176,2026-08-17,22.7,28.7,26.6,63.5,68.9,67.0,43.6,107.6,24.0,19.6,2.18,1.146,1.496,0.9,0.7
srv-0176,2026-08-18,25.3,66.4,52.1,64.2,76.5,72.2,37.3,119.0,20.5,16.8,1.87,1.729,2.966,0.7,2.1
srv-0176,2026-08-19,25.9,33.7,31.0,64.4,77.1,72.6,37.3,72.1,20.5,16.8,1.87,1.287,1.578,0.9,0.6
srv-0176,2026-08-20,17.3,24.6,22.1,62.6,69.9,67.4,36.8,82.0,20.2,16.6,1.84,0.696,1.169,0.6,0.5
srv-0176,2026-08-21,20.9,28.2,25.6,64.3,73.5,70.2,32.7,74.6,18.0,14.7,1.64,0.76,0.882,0.7,0.7
srv-0176,2026-08-22,10.4,15.4,13.7,59.1,63.7,62.1,20.4,55.9,11.2,9.2,1.02,0.545,0.94,0.3,0.8
srv-0176,2026-08-23,14.1,23.0,19.9,60.5,71.1,67.4,21.8,40.3,12.0,9.8,1.09,0.825,1.023,0.5,0.9
srv-0176,2026-08-24,18.3,26.4,23.5,62.1,70.2,67.4,24.9,46.8,13.7,11.2,1.25,0.665,1.452,0.4,1.1
srv-0176,2026-08-25,19.1,32.0,27.5,63.1,75.0,70.8,31.4,87.2,17.3,14.1,1.57,0.685,1.596,0.4,0.7
srv-0176,2026-08-26,22.9,33.8,30.0,63.2,68.5,66.6,28.6,80.0,15.7,12.9,1.43,0.934,1.686,0.6,0.7
srv-0176,2026-08-27,18.3,30.2,26.0,62.6,75.3,70.9,43.2,96.5,23.7,19.4,2.16,0.724,0.797,0.6,0.7
srv-0176,2026-08-28,19.0,31.0,26.8,61.7,69.6,66.9,37.6,91.3,20.7,16.9,1.88,0.611,0.894,0.2,0.9
srv-0176,2026-08-29,14.7,20.7,18.6,60.4,63.9,62.7,23.2,52.6,12.8,10.5,1.16,0.567,0.763,0.4,0.3
srv-0176,2026-08-30,14.9,21.9,19.5,60.6,64.7,63.3,21.2,58.0,11.7,9.6,1.06,0.805,0.856,0.4,0.7
srv-0176,2026-08-31,21.7,28.8,26.3,63.0,76.6,71.8,37.3,86.3,20.5,16.8,1.86,1.093,1.358,0.4,1.2
srv-0176,2026-09-01,16.5,21.9,20.0,62.5,69.1,66.8,42.1,111.2,23.2,19.0,2.11,0.677,1.467,0.6,1.0
srv-0176,2026-09-02,20.0,27.2,24.7,63.6,69.8,67.6,31.0,73.5,17.1,14.0,1.55,0.801,1.513,0.6,1.2
srv-0176,2026-09-03,18.3,26.2,23.4,62.8,72.7,69.2,27.9,60.8,15.3,12.5,1.39,1.023,1.349,0.4,1.1
srv-0176,2026-09-04,25.5,33.9,30.9,64.4,75.6,71.7,50.3,124.2,27.6,22.6,2.51,0.681,1.833,0.3,1.1
srv-0176,2026-09-05,12.0,17.0,15.2,60.1,71.8,67.7,19.0,45.7,10.4,8.5,0.95,0.732,0.997,0.4,0.5
srv-0176,2026-09-06,13.6,20.3,17.9,60.1,68.6,65.6,19.1,50.1,10.5,8.6,0.96,0.431,0.635,0.2,0.4
srv-0177,2026-08-08,23.2,31.0,28.3,50.7,56.1,54.2,36.8,67.6,20.2,16.6,1.84,0.952,0.501,0.5,0.2
srv-0177,2026-08-09,24.4,40.0,34.5,51.3,54.3,53.3,33.5,65.7,18.4,15.1,1.68,0.644,0.651,0.4,0.6
srv-0177,2026-08-10,35.2,57.1,49.4,53.8,65.0,61.1,62.8,174.2,34.5,28.2,3.14,1.166,0.656,0.7,0.3
srv-0177,2026-08-11,40.1,54.5,49.5,54.9,58.5,57.3,90.0,190.3,49.5,40.5,4.5,0.912,0.824,0.5,0.3
srv-0177,2026-08-12,39.7,65.5,56.5,54.4,59.1,57.5,55.9,143.4,30.8,25.2,2.8,1.443,0.957,0.9,0.7
srv-0177,2026-08-13,36.7,62.2,53.3,53.7,61.7,58.9,56.3,113.1,31.0,25.3,2.82,1.546,0.677,1.2,0.4
srv-0177,2026-08-14,28.9,37.1,34.2,53.1,62.8,59.4,70.4,139.6,38.7,31.7,3.52,1.251,0.767,1.0,0.4
srv-0177,2026-08-15,26.3,42.3,36.7,51.5,57.9,55.6,45.1,122.8,24.8,20.3,2.26,0.703,0.663,0.5,0.5
srv-0177,2026-08-16,19.2,31.4,27.1,50.8,57.5,55.2,36.4,66.3,20.0,16.4,1.82,0.927,0.413,0.5,0.3
srv-0177,2026-08-17,26.5,41.5,36.2,52.9,58.8,56.8,67.6,141.6,37.2,30.4,3.38,0.804,0.534,0.4,0.2
srv-0177,2026-08-18,35.1,58.4,50.3,53.8,60.8,58.3,61.5,118.6,33.8,27.7,3.07,0.839,0.647,0.4,0.7
srv-0177,2026-08-19,42.0,65.2,57.1,54.7,58.4,57.1,81.2,214.9,44.6,36.5,4.06,1.651,0.583,0.9,0.6
srv-0177,2026-08-20,31.1,49.1,42.8,54.0,63.0,59.8,68.8,178.9,37.8,31.0,3.44,1.35,0.711,0.6,0.6
srv-0177,2026-08-21,34.0,46.4,42.0,54.7,59.2,57.7,87.3,180.7,48.0,39.3,4.36,1.325,0.53,0.6,0.5
srv-0177,2026-08-22,24.7,33.4,30.4,51.6,55.3,54.0,34.4,68.8,18.9,15.5,1.72,0.929,0.423,0.7,0.3
srv-0177,2026-08-23,18.5,25.7,23.2,50.5,60.7,57.1,42.6,89.7,23.4,19.2,2.13,0.815,0.263,0.4,0.3
srv-0177,2026-08-24,36.8,48.2,44.2,53.8,60.3,58.0,54.5,121.7,30.0,24.5,2.73,1.531,0.73,1.2,0.6
srv-0177,2026-08-25,36.8,61.4,52.8,54.2,63.9,60.5,70.6,144.8,38.8,31.8,3.53,0.819,0.769,0.3,0.7
srv-0177,2026-08-26,36.3,51.6,46.3,53.8,58.2,56.7,62.0,139.1,34.1,27.9,3.1,1.023,0.72,0.5,0.6
srv-0177,2026-08-27,36.2,46.3,42.8,53.8,57.4,56.2,55.4,119.7,30.5,24.9,2.77,1.234,0.661,0.5,0.4
srv-0177,2026-08-28,32.3,46.4,41.4,53.2,57.6,56.0,46.7,122.2,25.7,21.0,2.33,1.062,0.893,0.8,0.5
srv-0177,2026-08-29,23.1,29.6,27.3,51.9,63.2,59.3,56.4,157.1,31.0,25.4,2.82,0.819,0.597,0.7,0.5
srv-0177,2026-08-30,26.7,41.1,36.1,51.7,55.5,54.2,37.2,101.0,20.5,16.8,1.86,0.977,0.551,0.5,0.3
srv-0177,2026-08-31,32.9,41.5,38.5,53.7,57.2,56.0,64.8,118.7,35.7,29.2,3.24,1.196,0.894,0.6,0.5
srv-0177,2026-09-01,39.6,51.8,47.6,54.1,63.2,60.0,51.0,111.5,28.0,22.9,2.55,1.552,0.725,1.4,0.4
srv-0177,2026-09-02,32.2,47.5,42.1,54.2,65.8,61.8,59.0,133.9,32.4,26.5,2.95,1.147,0.939,0.9,0.5
srv-0177,2026-09-03,35.4,56.0,48.8,54.3,58.3,56.9,84.1,166.5,46.3,37.9,4.21,1.325,0.603,1.0,0.4
srv-0177,2026-09-04,39.4,53.8,48.8,54.1,65.9,61.7,66.3,137.2,36.5,29.8,3.32,1.142,0.663,1.0,0.3
srv-0177,2026-09-05,23.0,34.4,30.4,51.6,57.4,55.3,37.3,96.5,20.5,16.8,1.86,1.117,0.538,0.7,0.4
srv-0177,2026-09-06,19.2,26.7,24.1,51.0,54.0,53.0,50.2,120.5,27.6,22.6,2.51,0.979,0.507,0.7,0.3
srv-0178,2026-08-08,17.6,29.0,25.0,59.5,63.9,62.4,84.9,211.9,46.7,38.2,4.24,0.654,0.721,0.3,0.4
srv-0178,2026-08-09,15.8,21.4,19.5,59.3,67.6,64.7,85.0,225.8,46.8,38.3,4.25,0.704,0.898,0.3,0.8
srv-0178,2026-08-10,33.7,56.3,48.4,64.4,70.4,68.3,120.7,333.1,66.4,54.3,6.04,1.326,1.431,0.7,1.2
srv-0178,2026-08-11,23.2,30.6,28.0,62.4,74.3,70.1,119.1,239.8,65.5,53.6,5.96,0.627,1.144,0.3,0.8
srv-0178,2026-08-12,25.8,37.7,33.5,61.9,71.9,68.4,133.5,370.8,73.4,60.1,6.67,0.748,1.201,0.3,0.6
srv-0178,2026-08-13,31.9,49.8,43.6,64.4,77.7,73.0,181.9,390.0,100.0,81.9,9.09,0.711,0.965,0.6,0.5
srv-0178,2026-08-14,27.9,34.9,32.5,62.9,67.9,66.1,109.1,254.8,60.0,49.1,5.46,0.622,0.895,0.4,0.7
srv-0178,2026-08-15,14.4,21.6,19.1,59.3,66.7,64.1,82.2,158.2,45.2,37.0,4.11,0.383,0.451,0.3,0.3
srv-0178,2026-08-16,17.6,23.1,21.2,60.6,71.4,67.7,103.1,275.4,56.7,46.4,5.15,0.646,0.946,0.3,0.8
srv-0178,2026-08-17,28.2,38.8,35.1,64.3,72.4,69.6,119.0,312.6,65.4,53.5,5.95,0.967,0.97,0.7,0.5
srv-0178,2026-08-18,25.1,39.8,34.6,62.3,70.0,67.3,90.1,225.2,49.6,40.6,4.51,0.811,1.093,0.6,0.8
srv-0178,2026-08-19,26.8,34.3,31.7,63.9,71.4,68.8,156.6,413.5,86.1,70.5,7.83,0.78,1.287,0.4,1.0
srv-0178,2026-08-20,32.0,43.2,39.3,64.0,77.6,72.8,110.8,206.4,60.9,49.9,5.54,0.836,1.475,0.7,0.8
srv-0178,2026-08-21,21.0,33.9,29.4,62.4,67.7,65.8,125.1,230.5,68.8,56.3,6.25,0.962,1.218,0.4,1.0
srv-0178,2026-08-22,17.7,25.6,22.8,60.1,64.1,62.7,85.1,191.6,46.8,38.3,4.25,0.823,0.464,0.5,0.4
srv-0178,2026-08-23,18.1,25.7,23.0,60.1,70.2,66.7,92.4,247.6,50.8,41.6,4.62,0.72,0.537,0.5,0.3
srv-0178,2026-08-24,24.4,31.6,29.1,63.5,71.4,68.7,138.3,278.5,76.1,62.2,6.91,0.887,1.249,0.4,1.2
srv-0178,2026-08-25,28.4,41.7,37.0,64.4,71.3,68.9,131.0,246.9,72.0,58.9,6.55,1.36,1.549,0.5,0.9
srv-0178,2026-08-26,28.0,47.1,40.4,64.0,70.4,68.2,166.7,368.4,91.7,75.0,8.34,1.218,1.587,0.6,0.9
srv-0178,2026-08-27,26.8,41.1,36.1,63.8,71.5,68.8,172.0,394.3,94.6,77.4,8.6,1.154,1.592,0.5,0.6
srv-0178,2026-08-28,23.2,38.3,33.0,63.1,72.7,69.3,127.9,340.5,70.3,57.6,6.4,1.128,1.248,0.8,0.5
srv-0178,2026-08-29,17.4,29.1,25.0,60.5,67.8,65.3,108.8,233.1,59.8,48.9,5.44,0.602,0.803,0.3,0.5
srv-0178,2026-08-30,17.2,27.6,24.0,60.5,69.1,66.1,73.1,139.8,40.2,32.9,3.65,0.54,1.06,0.5,0.5
srv-0178,2026-08-31,22.8,29.3,27.0,61.9,66.0,64.6,117.5,245.8,64.6,52.9,5.87,0.889,0.797,0.6,0.4
srv-0178,2026-09-01,30.1,49.3,42.6,64.2,77.5,72.9,123.0,265.6,67.7,55.4,6.15,1.043,1.149,0.7,0.8
srv-0178,2026-09-02,27.9,38.0,34.5,64.1,77.1,72.5,145.9,323.0,80.2,65.6,7.29,1.151,1.063,0.7,0.8
srv-0178,2026-09-03,31.0,47.5,41.8,63.7,77.3,72.5,146.7,388.3,80.7,66.0,7.33,1.163,1.266,0.5,0.8
srv-0178,2026-09-04,27.4,36.0,33.0,63.9,70.0,67.9,149.7,348.1,82.3,67.4,7.48,0.861,0.879,0.7,0.6
srv-0178,2026-09-05,20.2,32.6,28.3,60.1,71.7,67.6,98.3,241.3,54.1,44.2,4.91,0.633,0.706,0.4,0.4
srv-0178,2026-09-06,14.7,22.1,19.5,59.4,69.2,65.8,77.8,197.8,42.8,35.0,3.89,0.616,0.747,0.4,0.7
srv-0179,2026-08-08,3.2,4.5,4.0,62.6,73.7,69.8,333.5,751.9,183.4,150.1,16.67,0.523,0.349,0.5,0.3
srv-0179,2026-08-09,3.1,4.0,3.7,62.9,72.3,69.0,315.8,693.4,173.7,142.1,15.79,0.462,0.417,0.4,0.3
srv-0179,2026-08-10,5.1,7.6,6.7,65.5,78.9,74.2,545.7,1419.8,300.1,245.6,27.28,1.242,0.929,0.7,0.9
srv-0179,2026-08-11,6.1,9.8,8.5,67.0,81.6,76.5,606.3,1141.2,333.5,272.9,30.32,1.481,0.944,0.8,0.5
srv-0179,2026-08-12,6.4,10.7,9.2,67.5,78.2,74.4,696.2,1813.5,382.9,313.3,34.81,1.407,0.543,0.7,0.5
srv-0179,2026-08-13,5.0,8.5,7.3,65.2,71.3,69.2,420.8,990.3,231.4,189.3,21.04,1.037,0.523,0.4,0.4
srv-0179,2026-08-14,5.9,9.9,8.5,67.3,71.2,69.9,618.2,1193.8,340.0,278.2,30.91,0.883,0.618,0.4,0.5
srv-0179,2026-08-15,3.6,9.3,7.3,62.8,75.2,70.8,393.3,1741.6,216.3,177.0,19.66,1.3,0.913,1.0,0.5
srv-0179,2026-08-16,3.5,5.6,4.8,62.7,73.2,69.5,319.5,641.7,175.7,143.8,15.98,0.857,0.496,0.4,0.5
srv-0179,2026-08-17,4.0,5.1,4.7,65.1,68.7,67.4,442.1,818.1,243.2,198.9,22.1,1.205,0.821,0.6,0.8
srv-0179,2026-08-18,5.3,8.6,7.5,65.9,72.9,70.4,433.1,972.2,238.2,194.9,21.66,0.802,0.981,0.3,0.7
srv-0179,2026-08-19,5.2,8.0,7.0,66.9,77.7,73.9,565.2,1406.1,310.8,254.3,28.26,0.786,0.631,0.5,0.3
srv-0179,2026-08-20,5.4,8.7,7.5,66.4,80.6,75.6,612.9,1590.9,337.1,275.8,30.64,0.889,0.785,0.8,0.6
srv-0179,2026-08-21,4.7,7.0,6.2,64.7,76.7,72.5,335.5,635.0,184.5,151.0,16.78,0.567,0.81,0.4,0.8
srv-0179,2026-08-22,3.2,5.2,4.5,63.5,72.9,69.6,284.1,515.2,156.2,127.8,14.2,0.863,0.574,0.6,0.4
srv-0179,2026-08-23,3.4,5.7,4.9,63.0,68.0,66.3,379.0,840.4,208.4,170.5,18.95,0.935,0.699,0.4,0.4
srv-0179,2026-08-24,4.7,7.1,6.3,65.3,72.0,69.6,530.9,1236.7,292.0,238.9,26.54,0.618,0.873,0.6,0.6
srv-0179,2026-08-25,4.6,7.3,6.3,65.8,78.9,74.3,558.1,1053.2,306.9,251.1,27.9,1.22,0.747,0.6,0.7
srv-0179,2026-08-26,5.8,9.4,8.1,67.2,71.1,69.7,649.2,1348.0,357.1,292.1,32.46,1.153,0.822,1.0,0.4
srv-0179,2026-08-27,5.9,7.6,7.0,67.2,80.6,75.9,688.3,1714.3,378.6,309.8,34.42,0.876,0.892,0.7,0.7
srv-0179,2026-08-28,4.7,7.7,6.7,65.9,70.2,68.7,468.7,1144.0,257.8,210.9,23.44,1.352,0.83,0.8,0.4
srv-0179,2026-08-29,3.2,4.3,3.9,62.2,68.9,66.5,265.4,695.7,145.9,119.4,13.27,0.498,0.549,0.4,0.4
srv-0179,2026-08-30,2.6,4.3,3.7,61.9,67.5,65.5,261.4,642.8,143.8,117.6,13.07,0.381,0.432,0.3,0.3
srv-0179,2026-08-31,5.5,7.2,6.6,66.0,69.4,68.2,461.5,1105.5,253.8,207.7,23.08,1.068,0.605,0.5,0.4
srv-0179,2026-09-01,4.8,6.3,5.8,67.1,74.1,71.6,475.6,902.5,261.6,214.0,23.78,0.734,0.932,0.6,0.5
srv-0179,2026-09-02,5.1,6.7,6.2,67.3,78.6,74.6,446.0,1012.1,245.3,200.7,22.3,1.381,0.707,0.9,0.3
srv-0179,2026-09-03,4.1,5.2,4.8,65.2,73.5,70.6,393.4,942.5,216.4,177.0,19.67,0.858,0.439,0.4,0.2
srv-0179,2026-09-04,5.6,7.6,6.9,66.6,80.1,75.3,672.8,1367.4,370.0,302.8,33.64,1.105,0.527,1.0,0.5
srv-0179,2026-09-05,2.7,4.6,3.9,61.8,69.6,66.9,295.4,661.6,162.5,132.9,14.77,0.498,0.552,0.2,0.4
srv-0179,2026-09-06,4.1,5.1,4.7,63.3,75.6,71.3,337.0,639.1,185.3,151.6,16.85,0.687,0.364,0.4,0.3
srv-0180,2026-08-08,7.6,9.6,8.9,70.4,82.2,78.0,40.9,79.0,22.5,18.4,2.05,0.518,0.621,0.3,0.3
srv-0180,2026-08-09,7.5,11.1,9.9,70.5,83.8,79.1,36.0,76.4,19.8,16.2,1.8,0.521,0.727,0.4,0.5
srv-0180,2026-08-10,9.9,15.6,13.6,74.7,90.5,85.0,73.1,159.4,40.2,32.9,3.66,1.304,1.042,1.1,0.8
srv-0180,2026-08-11,10.5,13.5,12.4,75.2,87.4,83.1,95.0,217.7,52.2,42.7,4.75,0.969,1.419,0.4,1.3
srv-0180,2026-08-12,11.5,17.0,15.1,75.5,86.7,82.8,89.2,170.7,49.1,40.1,4.46,0.909,1.23,0.8,0.5
srv-0180,2026-08-13,13.6,21.5,18.7,75.7,83.5,80.7,77.4,151.6,42.6,34.9,3.87,1.2,0.932,0.6,0.4
srv-0180,2026-08-14,11.2,14.7,13.5,74.6,89.5,84.3,85.3,190.2,46.9,38.4,4.27,1.401,1.714,0.9,1.2
srv-0180,2026-08-15,7.9,10.1,9.3,71.9,78.8,76.4,66.6,133.2,36.6,30.0,3.33,0.826,1.139,0.7,0.9
srv-0180,2026-08-16,8.6,11.9,10.7,72.0,85.1,80.5,58.2,114.9,32.0,26.2,2.91,0.611,0.769,0.3,0.5
srv-0180,2026-08-17,12.5,16.6,15.2,76.5,83.8,81.2,79.2,202.5,43.6,35.6,3.96,0.917,1.338,0.4,1.4
srv-0180,2026-08-18,11.5,24.5,20.0,76.0,89.0,84.4,63.6,244.0,35.0,28.6,3.18,2.472,3.199,1.8,2.9
srv-0180,2026-08-19,11.5,16.5,14.8,75.8,90.1,85.1,77.8,189.8,42.8,35.0,3.89,1.01,1.613,0.4,1.0
srv-0180,2026-08-20,14.6,20.6,18.5,76.4,88.5,84.3,86.6,169.3,47.6,39.0,4.33,1.096,1.915,0.7,1.0
srv-0180,2026-08-21,10.7,16.2,14.2,75.0,87.4,83.1,68.3,170.2,37.6,30.7,3.41,1.193,1.038,1.1,0.6
srv-0180,2026-08-22,6.3,9.5,8.4,70.4,77.4,74.9,36.0,65.4,19.8,16.2,1.8,0.736,0.826,0.5,0.7
srv-0180,2026-08-23,7.8,11.8,10.4,71.3,82.2,78.4,39.3,98.7,21.6,17.7,1.96,0.821,0.748,0.4,0.6
srv-0180,2026-08-24,13.4,18.7,16.9,76.3,80.6,79.1,78.5,216.8,43.2,35.3,3.92,0.95,1.215,0.7,0.8
srv-0180,2026-08-25,14.0,23.1,19.9,76.7,82.0,80.1,68.7,134.4,37.8,30.9,3.43,1.238,1.195,0.6,0.4
srv-0180,2026-08-26,13.1,19.5,17.2,75.3,85.4,81.9,82.7,210.0,45.5,37.2,4.13,0.968,1.322,0.8,0.8
srv-0180,2026-08-27,10.6,16.3,14.3,75.4,81.7,79.5,61.1,121.5,33.6,27.5,3.06,1.451,1.601,0.9,0.9
srv-0180,2026-08-28,11.4,17.7,15.5,75.4,87.0,82.9,91.9,219.6,50.6,41.4,4.6,1.241,1.835,1.0,1.6
srv-0180,2026-08-29,8.0,18.9,15.1,71.8,87.1,81.7,50.3,179.3,27.7,22.6,2.51,1.221,1.006,0.9,0.7
srv-0180,2026-08-30,6.5,11.1,9.5,70.2,84.6,79.6,49.0,88.8,27.0,22.1,2.45,0.431,0.97,0.3,0.9
srv-0180,2026-08-31,12.0,30.0,23.7,76.4,87.7,83.8,107.5,423.6,59.1,48.4,5.38,2.728,2.743,1.5,1.7
srv-0180,2026-09-01,11.5,15.0,13.8,73.7,85.1,81.1,71.6,175.2,39.4,32.2,3.58,0.76,0.813,0.7,0.3
srv-0180,2026-09-02,10.4,14.2,12.8,74.5,86.0,82.0,88.7,200.9,48.8,39.9,4.43,1.142,1.344,0.9,1.2
srv-0180,2026-09-03,11.2,14.3,13.2,76.0,85.9,82.4,89.3,218.7,49.1,40.2,4.47,1.354,1.154,0.5,0.5
srv-0180,2026-09-04,11.7,16.2,14.6,75.4,87.9,83.5,97.0,259.3,53.3,43.6,4.85,1.271,1.896,0.9,1.0
srv-0180,2026-09-05,7.0,8.9,8.2,71.2,75.7,74.1,60.6,117.4,33.3,27.3,3.03,0.764,0.788,0.4,0.4
srv-0180,2026-09-06,7.2,9.9,8.9,70.6,80.4,77.0,37.0,82.3,20.4,16.7,1.85,0.467,0.831,0.2,0.5
srv-0181,2026-08-08,12.6,19.5,17.0,48.4,55.1,52.7,55.9,146.8,30.7,25.2,2.79,0.627,0.694,0.4,0.6
srv-0181,2026-08-09,12.7,18.5,16.5,47.6,52.0,50.5,58.5,127.7,32.2,26.3,2.92,0.537,0.553,0.4,0.3
srv-0181,2026-08-10,18.7,29.9,26.0,50.1,55.0,53.3,75.8,170.2,41.7,34.1,3.79,0.88,1.06,0.6,0.4
srv-0181,2026-08-11,16.3,26.8,23.1,50.0,60.9,57.1,92.2,244.3,50.7,41.5,4.61,0.623,1.012,0.5,0.6
srv-0181,2026-08-12,20.4,34.2,29.3,50.0,55.4,53.5,94.9,207.7,52.2,42.7,4.75,0.783,0.949,0.3,0.7
srv-0181,2026-08-13,18.3,28.1,24.7,49.9,54.9,53.2,66.4,162.2,36.5,29.9,3.32,0.905,0.655,0.5,0.3
srv-0181,2026-08-14,18.5,25.7,23.2,49.9,54.2,52.7,76.8,172.9,42.2,34.5,3.84,0.511,0.847,0.4,0.5
srv-0181,2026-08-15,13.2,18.4,16.6,48.2,58.4,54.8,63.6,145.9,35.0,28.6,3.18,0.485,0.403,0.3,0.3
srv-0181,2026-08-16,12.9,16.9,15.5,48.4,58.3,54.9,74.9,180.9,41.2,33.7,3.75,0.435,0.404,0.4,0.4
srv-0181,2026-08-17,19.7,26.5,24.1,51.0,53.7,52.7,99.2,221.5,54.6,44.6,4.96,0.844,0.736,0.7,0.4
srv-0181,2026-08-18,17.3,24.2,21.8,50.1,52.9,52.0,81.7,170.5,44.9,36.8,4.08,0.551,1.037,0.5,1.0
srv-0181,2026-08-19,17.1,28.8,24.7,50.3,53.5,52.4,97.0,201.1,53.4,43.7,4.85,0.863,0.768,0.6,0.3
srv-0181,2026-08-20,20.0,26.2,24.1,50.5,56.4,54.3,98.4,189.9,54.1,44.3,4.92,1.035,0.858,0.9,0.7
srv-0181,2026-08-21,15.9,26.0,22.5,50.2,60.7,57.0,78.4,157.5,43.1,35.3,3.92,0.948,0.578,0.8,0.3
srv-0181,2026-08-22,10.3,14.4,12.9,47.1,55.4,52.5,56.7,157.1,31.2,25.5,2.83,0.365,0.41,0.3,0.4
srv-0181,2026-08-23,14.1,22.5,19.6,48.3,51.1,50.1,76.8,141.0,42.2,34.6,3.84,0.46,0.473,0.2,0.2
srv-0181,2026-08-24,17.8,26.7,23.6,49.3,56.4,53.9,59.8,156.5,32.9,26.9,2.99,0.442,0.744,0.3,0.7
srv-0181,2026-08-25,19.9,31.2,27.2,50.1,54.8,53.2,83.3,174.3,45.8,37.5,4.16,0.786,0.934,0.5,0.8
srv-0181,2026-08-26,16.2,23.3,20.8,50.3,59.2,56.1,107.7,199.0,59.2,48.5,5.39,0.979,0.577,0.6,0.5
srv-0181,2026-08-27,17.5,26.0,23.0,50.7,56.7,54.6,81.2,152.4,44.7,36.5,4.06,0.959,0.965,0.8,0.5
srv-0181,2026-08-28,19.0,30.7,26.6,49.9,58.9,55.8,96.2,191.4,52.9,43.3,4.81,0.51,0.549,0.3,0.3
srv-0181,2026-08-29,11.7,29.8,23.5,48.2,50.7,49.8,75.6,281.1,41.6,34.0,3.78,0.991,0.797,0.8,0.5
srv-0181,2026-08-30,11.4,18.8,16.2,47.7,50.4,49.4,69.6,125.4,38.3,31.3,3.48,0.401,0.714,0.3,0.4
srv-0181,2026-08-31,21.1,28.5,25.9,50.6,54.5,53.1,101.9,267.5,56.0,45.8,5.09,0.941,0.696,0.5,0.6
srv-0181,2026-09-01,18.7,26.0,23.4,50.7,57.1,54.9,93.4,182.4,51.4,42.0,4.67,0.846,0.829,0.8,0.5
srv-0181,2026-09-02,17.4,22.5,20.7,50.1,53.2,52.1,100.2,242.0,55.1,45.1,5.01,0.894,1.034,0.4,0.8
srv-0181,2026-09-03,22.5,29.9,27.3,50.8,60.3,57.0,104.7,289.3,57.6,47.1,5.24,0.804,0.782,0.4,0.5
srv-0181,2026-09-04,18.6,25.7,23.2,50.7,53.6,52.6,84.2,192.6,46.3,37.9,4.21,0.871,0.645,0.6,0.6
srv-0181,2026-09-05,12.9,17.5,15.9,48.1,53.5,51.6,62.5,136.5,34.4,28.1,3.13,0.636,0.454,0.3,0.2
srv-0181,2026-09-06,14.4,21.3,18.9,48.4,55.3,52.9,79.6,152.9,43.8,35.8,3.98,0.726,0.396,0.4,0.3
srv-0182,2026-08-08,12.3,17.4,15.6,39.5,46.8,44.2,199.0,542.1,109.5,89.6,9.95,0.48,1.099,0.2,0.5
srv-0182,2026-08-09,13.4,21.5,18.7,39.7,44.5,42.9,146.0,379.0,80.3,65.7,7.3,0.696,1.006,0.4,0.8
srv-0182,2026-08-10,17.3,22.3,20.5,40.5,46.2,44.2,212.1,482.3,116.7,95.5,10.61,0.505,1.378,0.2,0.9
srv-0182,2026-08-11,18.8,26.8,24.0,41.1,48.7,46.0,255.0,609.1,140.2,114.7,12.75,0.87,1.777,0.6,0.8
srv-0182,2026-08-12,21.5,32.8,28.8,41.0,47.8,45.4,191.1,362.7,105.1,86.0,9.55,0.844,1.49,0.7,0.7
srv-0182,2026-08-13,21.0,31.3,27.7,40.9,43.4,42.5,193.1,433.0,106.2,86.9,9.66,0.927,1.271,0.5,0.6
srv-0182,2026-08-14,19.3,24.7,22.8,41.5,50.3,47.2,235.5,588.3,129.5,106.0,11.78,0.928,1.504,0.7,0.6
srv-0182,2026-08-15,11.3,24.1,19.6,38.9,46.1,43.6,124.4,366.5,68.4,56.0,6.22,0.872,1.689,0.6,1.7
srv-0182,2026-08-16,13.9,19.0,17.2,39.6,42.5,41.5,191.5,409.4,105.3,86.2,9.58,0.787,0.708,0.6,0.3
srv-0182,2026-08-17,19.6,30.2,26.5,40.7,48.4,45.7,170.7,327.4,93.9,76.8,8.53,0.879,1.015,0.3,0.9
srv-0182,2026-08-18,20.4,26.6,24.5,40.8,43.8,42.7,186.4,390.4,102.5,83.9,9.32,0.891,1.235,0.7,0.8
srv-0182,2026-08-19,21.9,29.3,26.7,42.1,44.6,43.7,249.9,579.4,137.4,112.4,12.49,0.91,1.997,0.8,1.7
srv-0182,2026-08-20,22.7,30.0,27.4,41.6,44.9,43.7,213.2,557.2,117.3,95.9,10.66,1.139,0.963,0.9,0.9
srv-0182,2026-08-21,24.9,39.7,34.5,42.0,46.5,44.9,255.2,536.0,140.3,114.8,12.76,1.056,1.336,0.5,1.0
srv-0182,2026-08-22,12.6,15.8,14.7,38.9,45.4,43.1,182.9,509.3,100.6,82.3,9.15,0.313,0.922,0.2,0.4
srv-0182,2026-08-23,12.8,19.8,17.4,39.2,44.9,42.9,131.6,307.7,72.4,59.2,6.58,0.577,1.107,0.3,1.0
srv-0182,2026-08-24,22.8,36.8,31.9,42.3,50.7,47.8,245.5,463.2,135.0,110.5,12.28,0.749,1.09,0.5,1.0
srv-0182,2026-08-25,24.6,35.7,31.8,42.1,51.4,48.1,265.2,494.1,145.8,119.3,13.26,0.623,1.503,0.4,1.2
srv-0182,2026-08-26,21.2,35.4,30.4,41.9,44.4,43.5,295.4,695.2,162.5,132.9,14.77,0.691,1.492,0.5,1.2
srv-0182,2026-08-27,19.1,25.5,23.3,42.0,47.0,45.3,293.4,732.9,161.4,132.0,14.67,0.986,0.993,0.4,0.6
srv-0182,2026-08-28,24.3,38.9,33.8,41.8,47.7,45.6,287.7,658.5,158.2,129.5,14.38,1.092,0.937,0.7,0.5
srv-0182,2026-08-29,12.4,15.6,14.5,39.4,47.3,44.5,127.0,284.5,69.9,57.2,6.35,0.595,0.642,0.4,0.3
srv-0182,2026-08-30,12.3,31.2,24.6,38.7,40.9,40.1,142.9,626.3,78.6,64.3,7.14,0.914,0.932,0.4,0.6
srv-0182,2026-08-31,21.5,28.0,25.7,41.5,44.7,43.6,195.8,505.7,107.7,88.1,9.79,0.848,1.061,0.6,0.8
srv-0182,2026-09-01,21.9,35.3,30.6,41.4,43.6,42.8,293.3,576.4,161.3,132.0,14.67,0.998,1.14,0.9,1.1
srv-0182,2026-09-02,18.1,24.1,22.0,40.5,46.0,44.1,258.3,609.2,142.1,116.2,12.91,0.795,1.274,0.7,0.5
srv-0182,2026-09-03,24.3,53.4,43.2,42.1,47.7,45.7,206.7,727.4,113.7,93.0,10.34,1.722,3.207,1.2,3.2
srv-0182,2026-09-04,21.8,30.7,27.6,41.8,50.3,47.4,266.3,605.9,146.5,119.9,13.32,1.047,1.816,0.7,0.8
srv-0182,2026-09-05,11.1,17.6,15.3,39.1,46.2,43.7,141.2,284.4,77.7,63.5,7.06,0.656,0.857,0.4,0.6
srv-0182,2026-09-06,15.2,21.7,19.5,39.6,43.2,41.9,178.0,485.4,97.9,80.1,8.9,0.726,0.722,0.3,0.7
srv-0183,2026-08-08,22.4,32.9,29.2,65.9,74.4,71.4,61.7,138.5,33.9,27.8,3.08,0.844,0.852,0.6,0.4
srv-0183,2026-08-09,19.7,27.6,24.8,65.4,79.5,74.6,49.4,105.1,27.1,22.2,2.47,0.615,0.779,0.2,0.6
srv-0183,2026-08-10,36.7,56.0,49.2,68.6,72.7,71.3,93.1,167.7,51.2,41.9,4.65,1.002,1.126,0.8,0.5
srv-0183,2026-08-11,46.9,77.3,66.7,71.0,83.2,78.9,121.1,323.3,66.6,54.5,6.06,1.306,1.246,0.9,0.7
srv-0183,2026-08-12,45.2,61.0,55.5,70.5,82.4,78.3,91.6,256.1,50.4,41.2,4.58,1.059,0.769,0.9,0.4
srv-0183,2026-08-13,46.1,72.8,63.4,70.5,78.6,75.7,123.7,232.9,68.0,55.7,6.19,1.644,1.065,0.8,0.5
srv-0183,2026-08-14,36.6,52.1,46.7,70.5,79.8,76.5,128.9,260.3,70.9,58.0,6.45,1.545,0.951,0.6,0.9
srv-0183,2026-08-15,26.4,33.5,31.0,66.2,72.7,70.4,60.4,138.2,33.2,27.2,3.02,0.938,0.508,0.8,0.4
srv-0183,2026-08-16,26.7,39.9,35.3,65.9,77.4,73.4,74.1,202.3,40.8,33.4,3.71,0.758,0.823,0.4,0.8
srv-0183,2026-08-17,41.2,65.6,57.1,70.0,76.8,74.4,94.7,231.3,52.1,42.6,4.73,1.481,0.921,1.0,0.8
srv-0183,2026-08-18,42.9,64.1,56.7,70.7,81.7,77.8,108.0,203.0,59.4,48.6,5.4,1.088,1.196,0.9,0.6
srv-0183,2026-08-19,30.6,49.0,42.6,68.7,80.3,76.2,108.7,281.9,59.8,48.9,5.44,0.724,0.917,0.4,0.8
srv-0183,2026-08-20,38.3,48.2,44.7,70.7,79.8,76.6,103.2,205.9,56.7,46.4,5.16,1.698,1.137,0.8,0.7
srv-0183,2026-08-21,39.5,64.6,55.8,70.4,85.6,80.2,85.8,216.0,47.2,38.6,4.29,0.988,1.152,0.6,0.7
srv-0183,2026-08-22,24.8,41.0,35.3,65.3,70.3,68.6,72.0,184.4,39.6,32.4,3.6,0.61,0.611,0.4,0.5
srv-0183,2026-08-23,27.6,37.3,33.9,66.3,74.5,71.6,86.9,164.9,47.8,39.1,4.35,0.695,0.976,0.3,0.9
srv-0183,2026-08-24,36.8,58.8,51.1,69.5,81.5,77.3,127.8,336.9,70.3,57.5,6.39,1.369,0.71,0.5,0.7
srv-0183,2026-08-25,42.7,57.2,52.1,69.8,76.0,73.8,87.4,238.2,48.1,39.3,4.37,0.764,1.467,0.6,0.7
srv-0183,2026-08-26,43.6,60.8,54.8,70.4,81.3,77.5,118.9,326.4,65.4,53.5,5.94,1.667,0.776,0.9,0.5
srv-0183,2026-08-27,45.9,67.0,59.6,70.8,83.6,79.1,140.5,340.8,77.3,63.2,7.03,1.037,0.936,0.8,0.4
srv-0183,2026-08-28,41.9,64.7,56.7,70.4,74.6,73.1,133.2,331.8,73.2,59.9,6.66,0.925,1.502,0.8,0.7
srv-0183,2026-08-29,22.6,35.0,30.7,66.1,79.5,74.8,71.8,132.4,39.5,32.3,3.59,0.984,0.908,0.8,0.5
srv-0183,2026-08-30,23.3,36.9,32.2,65.1,75.0,71.5,66.5,148.0,36.6,29.9,3.32,0.801,0.491,0.5,0.4
srv-0183,2026-08-31,40.9,52.1,48.2,69.5,73.7,72.2,78.2,169.8,43.0,35.2,3.91,1.388,0.821,1.0,0.4
srv-0183,2026-09-01,40.0,61.6,54.1,70.3,76.2,74.1,108.1,225.3,59.5,48.7,5.41,1.621,0.9,1.3,0.7
srv-0183,2026-09-02,32.3,47.5,42.2,68.8,74.3,72.4,111.1,297.2,61.1,50.0,5.56,1.388,1.047,0.7,0.7
srv-0183,2026-09-03,40.4,52.0,47.9,69.6,80.9,76.9,125.2,295.3,68.9,56.3,6.26,1.02,0.996,0.7,0.4
srv-0183,2026-09-04,30.6,43.6,39.0,68.0,78.5,74.8,85.0,218.1,46.8,38.3,4.25,0.799,0.836,0.5,0.6
srv-0183,2026-09-05,25.5,38.2,33.8,66.1,79.9,75.1,57.2,123.5,31.4,25.7,2.86,0.942,0.485,0.9,0.4
srv-0183,2026-09-06,24.0,30.1,28.0,66.1,80.2,75.3,76.9,176.7,42.3,34.6,3.84,0.536,0.565,0.4,0.5
srv-0184,2026-08-08,15.6,24.7,21.5,59.2,64.7,62.8,75.9,164.1,41.7,34.1,3.79,0.413,0.429,0.3,0.4
srv-0184,2026-08-09,14.7,20.7,18.6,58.3,68.8,65.2,58.1,146.3,32.0,26.1,2.9,0.381,0.404,0.2,0.2
srv-0184,2026-08-10,23.6,32.0,29.1,62.9,70.3,67.7,78.0,191.7,42.9,35.1,3.9,0.713,0.881,0.5,0.3
srv-0184,2026-08-11,19.3,30.9,26.9,60.8,74.0,69.3,89.9,206.6,49.4,40.4,4.49,0.537,0.44,0.4,0.3
srv-0184,2026-08-12,22.6,30.9,28.0,63.0,71.9,68.8,101.8,240.9,56.0,45.8,5.09,1.084,0.61,0.9,0.4
srv-0184,2026-08-13,26.8,33.7,31.3,63.4,71.3,68.5,121.5,246.1,66.8,54.7,6.08,0.677,0.78,0.3,0.3
srv-0184,2026-08-14,19.1,31.1,26.9,60.9,66.8,64.8,67.9,159.8,37.3,30.5,3.39,0.828,0.683,0.4,0.3
srv-0184,2026-08-15,14.6,22.9,20.0,59.1,65.6,63.4,75.6,173.6,41.6,34.0,3.78,0.397,0.555,0.3,0.3
srv-0184,2026-08-16,14.7,19.4,17.7,58.9,64.0,62.2,50.6,104.9,27.8,22.8,2.53,0.343,0.527,0.1,0.4
srv-0184,2026-08-17,20.3,27.2,24.8,61.6,67.2,65.2,76.7,206.1,42.2,34.5,3.83,0.8,0.424,0.3,0.3
srv-0184,2026-08-18,20.9,33.8,29.3,61.3,65.0,63.7,74.3,143.0,40.8,33.4,3.71,0.932,0.384,0.7,0.2
srv-0184,2026-08-19,26.5,33.5,31.0,62.8,70.6,67.9,85.0,222.9,46.8,38.3,4.25,0.565,0.75,0.3,0.6
srv-0184,2026-08-20,22.9,37.6,32.4,61.2,68.9,66.2,91.0,228.7,50.1,41.0,4.55,0.638,0.481,0.5,0.4
srv-0184,2026-08-21,23.3,31.9,28.9,62.0,66.5,64.9,80.1,144.3,44.0,36.0,4.0,0.623,0.736,0.4,0.6
srv-0184,2026-08-22,12.0,15.8,14.5,58.0,62.7,61.1,55.3,127.1,30.4,24.9,2.77,0.576,0.35,0.2,0.2
srv-0184,2026-08-23,14.5,18.4,17.0,59.0,63.6,62.0,59.9,127.2,33.0,27.0,3.0,0.686,0.293,0.3,0.1
srv-0184,2026-08-24,21.0,26.4,24.5,62.4,71.2,68.1,90.9,175.8,50.0,40.9,4.55,1.023,0.638,0.5,0.5
srv-0184,2026-08-25,23.3,36.3,31.8,62.0,69.0,66.6,87.4,224.3,48.1,39.3,4.37,0.916,0.561,0.8,0.2
srv-0184,2026-08-26,20.3,25.8,23.9,61.9,70.4,67.4,83.5,191.3,46.0,37.6,4.18,0.766,0.424,0.6,0.2
srv-0184,2026-08-27,27.0,36.3,33.1,63.0,66.9,65.5,113.9,242.6,62.6,51.3,5.7,0.972,0.832,0.7,0.8
srv-0184,2026-08-28,27.3,38.9,34.9,63.0,67.1,65.6,126.3,250.8,69.5,56.8,6.31,1.014,0.758,0.4,0.3
srv-0184,2026-08-29,15.0,23.2,20.3,58.4,67.1,64.0,61.8,171.4,34.0,27.8,3.09,0.486,0.38,0.2,0.2
srv-0184,2026-08-30,17.9,28.8,25.0,59.5,66.8,64.2,57.7,158.5,31.7,25.9,2.88,0.442,0.298,0.2,0.3
srv-0184,2026-08-31,19.7,26.0,23.8,61.3,68.4,65.9,84.2,196.5,46.3,37.9,4.21,0.553,0.502,0.5,0.3
srv-0184,2026-09-01,20.6,34.1,29.4,61.3,70.3,67.1,74.3,148.9,40.8,33.4,3.71,0.56,0.599,0.2,0.3
srv-0184,2026-09-02,18.2,28.4,24.8,60.8,66.1,64.3,79.7,219.3,43.8,35.8,3.98,0.84,0.538,0.5,0.4
srv-0184,2026-09-03,22.7,37.8,32.5,62.7,66.6,65.2,96.7,233.7,53.2,43.5,4.84,0.782,0.573,0.5,0.4
srv-0184,2026-09-04,23.9,33.3,30.0,61.8,73.2,69.2,85.8,165.2,47.2,38.6,4.29,0.775,0.712,0.6,0.3
srv-0184,2026-09-05,15.4,25.4,21.9,59.2,63.1,61.7,60.7,131.1,33.4,27.3,3.04,0.535,0.326,0.4,0.1
srv-0184,2026-09-06,15.2,23.1,20.4,59.1,66.9,64.2,56.2,102.3,30.9,25.3,2.81,0.432,0.404,0.4,0.4
srv-0185,2026-08-08,4.2,6.8,5.8,39.0,43.3,41.8,63.2,130.2,34.7,28.4,3.16,0.46,0.494,0.3,0.2
srv-0185,2026-08-09,3.6,5.8,5.0,38.9,43.3,41.8,79.8,167.9,43.9,35.9,3.99,0.393,0.527,0.3,0.2
srv-0185,2026-08-10,5.9,8.1,7.3,41.1,49.1,46.3,115.2,282.5,63.4,51.8,5.76,0.611,0.703,0.4,0.5
srv-0185,2026-08-11,7.2,10.6,9.4,41.9,45.1,44.0,117.9,241.4,64.8,53.0,5.89,0.554,0.919,0.4,0.8
srv-0185,2026-08-12,4.5,6.5,5.8,40.2,47.6,45.0,124.0,294.9,68.2,55.8,6.2,0.552,0.546,0.3,0.2
srv-0185,2026-08-13,7.2,11.7,10.2,42.0,48.4,46.1,170.2,460.2,93.6,76.6,8.51,0.908,1.094,0.4,0.6
srv-0185,2026-08-14,6.7,9.9,8.8,41.4,44.1,43.1,144.2,350.3,79.3,64.9,7.21,0.921,0.936,0.7,0.4
srv-0185,2026-08-15,3.2,5.2,4.5,38.8,44.1,42.2,89.7,238.3,49.3,40.4,4.48,0.419,0.413,0.4,0.3
srv-0185,2026-08-16,3.9,5.2,4.8,39.4,42.0,41.1,89.4,205.8,49.2,40.2,4.47,0.472,0.728,0.3,0.4
srv-0185,2026-08-17,6.6,10.9,9.4,41.8,45.3,44.1,118.8,222.1,65.3,53.5,5.94,0.935,0.725,0.5,0.6
srv-0185,2026-08-18,6.5,10.1,8.8,41.4,46.5,44.7,152.7,416.9,84.0,68.7,7.64,0.643,0.693,0.3,0.5
srv-0185,2026-08-19,6.7,9.2,8.3,41.6,47.0,45.1,117.6,228.4,64.7,52.9,5.88,0.986,0.968,0.8,0.5
srv-0185,2026-08-20,6.5,10.2,8.9,41.7,50.0,47.1,166.7,425.2,91.7,75.0,8.34,0.502,0.837,0.5,0.8
srv-0185,2026-08-21,6.3,9.1,8.1,41.7,50.4,47.4,145.4,401.0,80.0,65.5,7.27,0.947,0.759,0.7,0.6
srv-0185,2026-08-22,4.0,6.0,5.3,39.3,47.5,44.6,95.8,242.7,52.7,43.1,4.79,0.305,0.487,0.2,0.3
srv-0185,2026-08-23,3.6,9.1,7.2,39.1,41.3,40.5,91.4,417.6,50.3,41.1,4.57,0.584,0.697,0.3,0.5
srv-0185,2026-08-24,5.7,9.0,7.8,41.3,44.1,43.2,116.6,217.4,64.1,52.5,5.83,0.959,0.725,0.5,0.7
srv-0185,2026-08-25,6.4,9.8,8.6,41.0,47.1,45.0,112.4,223.8,61.8,50.6,5.62,0.822,0.814,0.4,0.7
srv-0185,2026-08-26,6.4,9.0,8.1,41.8,48.0,45.8,140.9,316.7,77.5,63.4,7.05,0.567,0.555,0.2,0.5
srv-0185,2026-08-27,5.5,8.9,7.7,41.4,43.7,42.9,138.9,262.2,76.4,62.5,6.94,0.733,0.92,0.6,0.8
srv-0185,2026-08-28,6.6,10.2,8.9,41.2,46.9,44.9,132.2,296.2,72.7,59.5,6.61,0.932,0.67,0.6,0.6
srv-0185,2026-08-29,4.1,5.5,5.0,39.2,45.4,43.2,85.1,159.6,46.8,38.3,4.25,0.375,0.706,0.2,0.7
srv-0185,2026-08-30,3.2,5.1,4.4,38.4,46.8,43.9,58.6,115.7,32.2,26.4,2.93,0.368,0.509,0.2,0.5
srv-0185,2026-08-31,4.8,7.2,6.3,40.3,48.7,45.7,94.9,264.9,52.2,42.7,4.75,0.559,0.891,0.3,0.6
srv-0185,2026-09-01,5.0,7.0,6.3,40.3,45.7,43.8,116.4,251.8,64.0,52.4,5.82,0.769,0.678,0.7,0.4
srv-0185,2026-09-02,6.9,8.9,8.2,42.0,48.1,46.0,161.8,291.2,89.0,72.8,8.09,0.981,0.83,0.4,0.8
srv-0185,2026-09-03,5.5,8.0,7.1,40.5,42.6,41.9,117.3,328.0,64.5,52.8,5.86,0.705,0.839,0.5,0.7
srv-0185,2026-09-04,5.9,7.6,7.0,42.0,50.9,47.8,149.3,340.1,82.1,67.2,7.46,0.559,1.229,0.2,1.2
srv-0185,2026-09-05,3.4,5.1,4.5,38.5,43.2,41.6,78.6,194.4,43.2,35.4,3.93,0.453,0.379,0.3,0.3
srv-0185,2026-09-06,3.6,4.6,4.3,39.1,47.4,44.5,65.8,138.9,36.2,29.6,3.29,0.615,0.687,0.2,0.6
srv-0189,2026-08-08,17.8,26.5,23.5,30.8,36.1,34.2,14.9,31.7,8.2,6.7,0.75,0.63,0.57,0.3,0.4
srv-0189,2026-08-09,17.7,27.1,23.8,30.8,36.6,34.6,13.5,29.5,7.4,6.1,0.68,0.573,0.411,0.5,0.2
srv-0189,2026-08-10,23.8,30.1,27.9,32.1,37.8,35.8,17.9,42.9,9.8,8.1,0.9,0.806,0.522,0.5,0.2
srv-0189,2026-08-11,35.7,50.6,45.4,32.8,37.7,36.0,20.9,43.9,11.5,9.4,1.04,0.541,0.485,0.4,0.4
srv-0189,2026-08-12,34.1,55.4,47.9,33.0,37.8,36.1,21.2,43.7,11.7,9.6,1.06,0.551,0.768,0.5,0.4
srv-0189,2026-08-13,26.3,35.7,32.4,31.9,35.1,34.0,18.0,38.6,9.9,8.1,0.9,0.539,0.462,0.4,0.2
srv-0189,2026-08-14,25.8,43.0,37.0,32.1,38.1,36.0,23.4,52.5,12.8,10.5,1.17,0.76,0.606,0.4,0.5
srv-0189,2026-08-15,16.7,21.9,20.1,30.8,36.6,34.5,17.6,47.0,9.7,7.9,0.88,0.659,0.63,0.5,0.3
srv-0189,2026-08-16,19.1,27.0,24.2,30.4,33.9,32.6,15.1,40.8,8.3,6.8,0.76,0.334,0.309,0.3,0.2
srv-0189,2026-08-17,26.6,38.4,34.2,32.6,38.9,36.7,30.6,55.9,16.8,13.8,1.53,0.514,0.931,0.2,0.6
srv-0189,2026-08-18,26.9,45.5,39.0,31.8,38.3,36.0,26.4,54.7,14.5,11.9,1.32,0.738,0.46,0.3,0.4
srv-0189,2026-08-19,32.9,44.9,40.7,32.6,37.0,35.5,27.0,72.7,14.8,12.1,1.35,0.697,0.603,0.3,0.3
srv-0189,2026-08-20,34.2,43.0,39.9,33.0,39.5,37.2,32.4,71.1,17.8,14.6,1.62,0.678,0.724,0.3,0.4
srv-0189,2026-08-21,32.2,40.9,37.8,32.4,36.6,35.1,29.0,53.9,15.9,13.0,1.45,0.579,0.591,0.3,0.3
srv-0189,2026-08-22,17.9,29.6,25.5,30.4,36.5,34.4,16.6,38.2,9.2,7.5,0.83,0.445,0.285,0.3,0.2
srv-0189,2026-08-23,22.0,34.1,29.9,31.0,35.3,33.8,18.9,50.8,10.4,8.5,0.94,0.522,0.344,0.2,0.3
srv-0189,2026-08-24,32.9,94.6,73.0,33.0,37.0,35.6,22.8,92.3,12.6,10.3,1.14,1.737,1.323,0.8,1.1
srv-0189,2026-08-25,29.3,38.4,35.2,32.3,36.7,35.2,20.2,38.7,11.1,9.1,1.01,0.908,0.868,0.6,0.8
srv-0189,2026-08-26,26.8,41.1,36.1,31.8,36.2,34.7,18.6,47.3,10.2,8.3,0.93,0.657,0.497,0.3,0.3
srv-0189,2026-08-27,28.7,36.5,33.8,32.7,36.2,35.0,23.5,43.3,12.9,10.6,1.18,0.763,0.628,0.4,0.5
srv-0189,2026-08-28,30.2,40.4,36.9,32.3,37.9,36.0,20.5,40.0,11.3,9.2,1.03,0.542,0.455,0.4,0.5
srv-0189,2026-08-29,17.5,29.3,25.1,30.7,36.7,34.6,18.8,41.7,10.4,8.5,0.94,0.326,0.354,0.1,0.3
srv-0189,2026-08-30,20.9,58.9,45.6,31.2,32.9,32.3,15.5,64.3,8.5,7.0,0.78,0.889,0.804,0.6,0.8
srv-0189,2026-08-31,30.4,83.8,65.1,32.8,38.4,36.4,24.6,97.2,13.5,11.1,1.23,0.979,1.293,0.5,0.6
srv-0189,2026-09-01,26.1,32.7,30.4,31.8,33.9,33.2,26.1,68.2,14.4,11.8,1.31,0.865,0.634,0.8,0.3
srv-0189,2026-09-02,33.4,45.7,41.4,32.9,36.5,35.3,33.7,90.5,18.5,15.1,1.68,1.051,0.784,0.5,0.6
srv-0189,2026-09-03,29.0,44.8,39.3,32.7,37.9,36.1,32.8,76.3,18.0,14.8,1.64,0.852,0.538,0.6,0.3
srv-0189,2026-09-04,24.3,31.5,29.0,32.0,36.1,34.7,28.4,54.1,15.6,12.8,1.42,0.739,0.762,0.3,0.5
srv-0189,2026-09-05,20.4,31.9,27.9,30.9,37.3,35.1,17.9,43.5,9.9,8.1,0.9,0.639,0.351,0.4,0.2
srv-0189,2026-09-06,18.0,25.9,23.1,30.8,32.8,32.1,16.3,33.2,9.0,7.3,0.81,0.426,0.532,0.3,0.2
srv-0190,2026-08-08,24.4,38.7,33.7,42.8,48.5,46.5,200.7,439.1,110.4,90.3,10.04,0.649,0.488,0.5,0.3
srv-0190,2026-08-09,20.7,28.0,25.4,42.2,46.3,44.9,276.2,558.0,151.9,124.3,13.81,0.593,0.279,0.4,0.2
srv-0190,2026-08-10,33.1,54.8,47.2,45.1,53.9,50.8,363.3,747.3,199.8,163.5,18.17,1.023,0.662,0.7,0.6
srv-0190,2026-08-11,33.3,53.9,46.7,45.0,50.1,48.3,449.3,1241.4,247.1,202.2,22.46,0.766,0.895,0.6,0.7
srv-0190,2026-08-12,26.5,44.6,38.3,43.9,46.8,45.7,379.1,977.5,208.5,170.6,18.96,0.655,0.65,0.5,0.5
srv-0190,2026-08-13,31.7,45.1,40.4,44.0,50.9,48.5,396.8,1042.6,218.3,178.6,19.84,0.522,0.493,0.2,0.4
srv-0190,2026-08-14,33.7,51.5,45.3,44.5,48.8,47.3,350.2,921.7,192.6,157.6,17.51,0.896,0.514,0.6,0.4
srv-0190,2026-08-15,22.3,35.3,30.7,42.9,51.6,48.6,243.7,590.3,134.0,109.7,12.19,0.651,0.617,0.4,0.5
srv-0190,2026-08-16,17.3,22.9,21.0,41.7,45.1,43.9,171.4,340.1,94.3,77.1,8.57,0.271,0.471,0.1,0.3
srv-0190,2026-08-17,27.4,80.7,62.1,44.3,49.9,48.0,355.0,1492.8,195.2,159.7,17.75,1.555,1.056,1.3,0.4
srv-0190,2026-08-18,28.1,45.7,39.6,44.3,46.9,46.0,395.7,901.3,217.6,178.0,19.78,0.744,0.495,0.4,0.4
srv-0190,2026-08-19,38.1,63.7,54.7,45.6,54.3,51.2,358.0,965.1,196.9,161.1,17.9,0.644,0.757,0.4,0.7
srv-0190,2026-08-20,36.7,45.9,42.7,45.5,49.7,48.2,360.3,698.8,198.2,162.2,18.02,0.732,0.637,0.6,0.3
srv-0190,2026-08-21,38.5,58.1,51.2,45.3,48.7,47.5,435.4,1158.9,239.5,195.9,21.77,1.161,0.825,0.5,0.4
srv-0190,2026-08-22,20.9,31.6,27.8,42.1,46.5,44.9,212.7,439.5,117.0,95.7,10.64,0.61,0.523,0.4,0.5
srv-0190,2026-08-23,26.3,35.0,32.0,42.9,52.3,49.0,259.7,564.3,142.9,116.9,12.99,0.378,0.414,0.2,0.3
srv-0190,2026-08-24,31.2,52.0,44.7,44.3,52.7,49.8,370.9,1008.7,204.0,166.9,18.55,0.585,0.735,0.5,0.6
srv-0190,2026-08-25,23.9,40.2,34.5,43.8,53.1,49.9,239.0,604.8,131.5,107.6,11.95,0.784,0.636,0.6,0.5
srv-0190,2026-08-26,28.9,40.8,36.6,44.3,52.3,49.5,366.5,923.2,201.6,164.9,18.32,0.666,0.602,0.6,0.4
srv-0190,2026-08-27,29.3,37.4,34.6,44.4,46.7,45.9,429.0,1147.7,235.9,193.0,21.45,0.987,0.414,0.6,0.2
srv-0190,2026-08-28,34.1,47.4,42.7,44.4,49.0,47.4,401.6,723.2,220.9,180.7,20.08,0.767,0.457,0.7,0.2
srv-0190,2026-08-29,21.2,27.7,25.4,42.0,46.3,44.8,182.0,378.4,100.1,81.9,9.1,0.372,0.408,0.2,0.4
srv-0190,2026-08-30,22.8,33.0,29.5,42.3,46.0,44.7,187.6,426.9,103.2,84.4,9.38,0.652,0.496,0.3,0.2
srv-0190,2026-08-31,36.7,47.9,44.0,45.0,50.1,48.3,415.0,794.7,228.2,186.7,20.75,0.705,0.727,0.6,0.4
srv-0190,2026-09-01,30.1,39.8,36.4,44.6,48.7,47.2,435.6,944.8,239.6,196.0,21.78,0.699,0.895,0.3,0.5
srv-0190,2026-09-02,34.5,47.5,43.0,45.4,52.4,49.9,332.9,863.4,183.1,149.8,16.65,1.1,0.999,0.7,0.8
srv-0190,2026-09-03,28.2,41.0,36.5,44.4,46.8,46.0,379.1,803.2,208.5,170.6,18.96,0.922,0.7,0.7,0.7
srv-0190,2026-09-04,28.9,36.2,33.6,44.6,50.3,48.3,353.9,916.6,194.6,159.3,17.7,0.644,0.684,0.5,0.3
srv-0190,2026-09-05,17.5,26.4,23.2,42.1,44.9,44.0,190.9,477.3,105.0,85.9,9.54,0.561,0.279,0.4,0.2
srv-0190,2026-09-06,24.1,31.8,29.1,42.7,44.9,44.1,203.2,544.3,111.8,91.4,10.16,0.631,0.533,0.3,0.4
srv-0192,2026-08-08,21.6,33.7,29.5,49.1,58.0,54.9,27.2,59.0,14.9,12.2,1.36,0.359,0.465,0.3,0.4
srv-0192,2026-08-09,18.7,26.3,23.7,49.4,59.7,56.1,25.6,61.1,14.1,11.5,1.28,0.55,0.307,0.4,0.2
srv-0192,2026-08-10,27.3,38.3,34.5,51.3,60.6,57.4,30.7,63.4,16.9,13.8,1.54,0.6,0.452,0.3,0.4
srv-0192,2026-08-11,23.9,33.2,29.9,51.0,57.7,55.4,38.9,88.3,21.4,17.5,1.95,0.559,0.729,0.3,0.5
srv-0192,2026-08-12,32.2,47.5,42.2,51.6,57.2,55.3,50.0,93.0,27.5,22.5,2.5,0.911,0.528,0.8,0.4
srv-0192,2026-08-13,29.6,49.9,42.8,52.4,61.9,58.5,37.9,68.7,20.8,17.0,1.89,0.836,0.783,0.3,0.5
srv-0192,2026-08-14,32.1,51.7,44.8,51.5,57.2,55.2,39.8,79.3,21.9,17.9,1.99,0.577,0.431,0.2,0.3
srv-0192,2026-08-15,21.6,31.3,27.9,49.2,56.8,54.1,31.4,65.3,17.3,14.1,1.57,0.523,0.274,0.4,0.2
srv-0192,2026-08-16,22.4,32.1,28.7,49.7,58.2,55.3,26.1,51.8,14.4,11.7,1.31,0.445,0.547,0.3,0.5
srv-0192,2026-08-17,29.8,38.1,35.2,52.0,63.0,59.2,51.3,140.7,28.2,23.1,2.56,0.919,0.738,0.6,0.4
srv-0192,2026-08-18,29.0,37.7,34.6,50.9,59.0,56.1,34.2,83.5,18.8,15.4,1.71,0.504,0.497,0.4,0.3
srv-0192,2026-08-19,29.8,39.9,36.4,51.3,58.3,55.8,33.2,65.2,18.2,14.9,1.66,0.831,0.436,0.5,0.3
srv-0192,2026-08-20,32.3,44.0,39.9,52.8,58.3,56.3,53.0,109.2,29.1,23.8,2.65,0.663,0.577,0.6,0.3
srv-0192,2026-08-21,36.7,52.9,47.2,53.0,59.3,57.1,49.1,128.3,27.0,22.1,2.46,0.544,0.527,0.3,0.3
srv-0192,2026-08-22,20.2,32.3,28.1,49.7,59.5,56.1,34.2,63.5,18.8,15.4,1.71,0.39,0.499,0.2,0.3
srv-0192,2026-08-23,15.4,25.5,21.9,48.5,54.7,52.5,26.4,55.1,14.5,11.9,1.32,0.508,0.352,0.2,0.1
srv-0192,2026-08-24,26.9,43.2,37.5,51.5,57.7,55.5,37.1,95.0,20.4,16.7,1.85,0.849,0.482,0.3,0.3
srv-0192,2026-08-25,30.5,47.0,41.2,52.2,63.1,59.3,37.8,87.1,20.8,17.0,1.89,0.48,0.404,0.4,0.3
srv-0192,2026-08-26,27.0,36.8,33.4,51.4,54.0,53.1,46.7,124.0,25.7,21.0,2.33,0.585,0.498,0.5,0.3
srv-0192,2026-08-27,28.7,42.2,37.5,52.1,60.4,57.5,41.2,74.8,22.7,18.5,2.06,0.908,0.46,0.4,0.3
srv-0192,2026-08-28,32.0,42.8,39.0,51.6,55.0,53.8,50.5,92.1,27.8,22.7,2.53,0.677,0.575,0.5,0.5
srv-0192,2026-08-29,19.8,28.0,25.1,49.0,56.8,54.1,21.1,48.2,11.6,9.5,1.06,0.374,0.28,0.3,0.3
srv-0192,2026-08-30,19.4,30.1,26.3,49.0,51.5,50.6,22.7,59.7,12.5,10.2,1.13,0.577,0.445,0.5,0.3
srv-0192,2026-08-31,34.1,53.9,46.9,51.9,54.5,53.6,49.9,139.3,27.5,22.5,2.5,0.552,0.739,0.2,0.7
srv-0192,2026-09-01,31.3,44.2,39.7,51.1,55.3,53.8,37.6,68.4,20.7,16.9,1.88,0.548,0.482,0.4,0.4
srv-0192,2026-09-02,28.6,35.9,33.3,51.8,63.2,59.2,40.2,90.9,22.1,18.1,2.01,0.818,0.559,0.6,0.4
srv-0192,2026-09-03,30.6,40.6,37.1,51.8,62.7,58.9,34.4,95.2,18.9,15.5,1.72,0.612,0.714,0.3,0.3
srv-0192,2026-09-04,24.9,42.2,36.2,51.2,58.5,55.9,45.1,96.0,24.8,20.3,2.25,0.549,0.628,0.4,0.4
srv-0192,2026-09-05,22.7,33.3,29.6,49.6,54.6,52.9,25.2,62.7,13.9,11.3,1.26,0.593,0.372,0.4,0.3
srv-0192,2026-09-06,17.6,23.8,21.6,49.0,53.8,52.1,28.5,79.3,15.7,12.8,1.43,0.377,0.363,0.3,0.3
srv-0194,2026-08-08,10.0,14.8,13.1,49.1,59.1,55.6,36.2,97.4,19.9,16.3,1.81,0.419,0.402,0.3,0.2
srv-0194,2026-08-09,8.3,10.7,9.9,48.3,55.8,53.2,23.5,42.5,12.9,10.6,1.18,0.293,0.422,0.2,0.4
srv-0194,2026-08-10,10.8,18.2,15.6,51.1,61.9,58.1,54.9,124.5,30.2,24.7,2.74,0.496,0.562,0.4,0.3
srv-0194,2026-08-11,13.3,19.4,17.2,51.5,55.4,54.0,58.9,140.4,32.4,26.5,2.94,0.827,0.746,0.4,0.3
srv-0194,2026-08-12,12.7,18.7,16.6,51.9,58.2,56.0,52.6,96.9,28.9,23.7,2.63,0.521,0.563,0.2,0.5
srv-0194,2026-08-13,15.0,22.2,19.7,51.9,57.6,55.6,53.8,133.1,29.6,24.2,2.69,0.624,0.941,0.5,0.4
srv-0194,2026-08-14,13.2,33.6,26.5,51.5,61.9,58.2,53.0,205.3,29.2,23.9,2.65,0.713,1.243,0.4,0.7
srv-0194,2026-08-15,9.4,13.2,11.9,48.9,57.0,54.2,33.4,68.9,18.3,15.0,1.67,0.466,0.423,0.4,0.4
srv-0194,2026-08-16,6.6,9.8,8.7,48.2,53.3,51.5,34.3,63.2,18.9,15.4,1.72,0.449,0.369,0.3,0.3
srv-0194,2026-08-17,14.6,22.1,19.4,52.4,62.5,59.0,53.9,121.2,29.7,24.3,2.7,0.762,0.88,0.4,0.5
srv-0194,2026-08-18,12.7,20.8,18.0,52.3,60.5,57.7,46.1,89.5,25.4,20.8,2.31,0.658,1.021,0.5,0.8
srv-0194,2026-08-19,9.9,12.8,11.8,50.5,57.5,55.1,35.8,94.2,19.7,16.1,1.79,0.58,0.647,0.4,0.4
srv-0194,2026-08-20,12.5,18.9,16.7,52.1,57.6,55.7,50.6,126.1,27.8,22.8,2.53,0.864,0.868,0.7,0.7
srv-0194,2026-08-21,10.8,25.3,20.2,50.7,57.1,54.9,51.9,199.2,28.5,23.4,2.59,0.717,1.403,0.5,1.1
srv-0194,2026-08-22,8.0,12.3,10.8,49.3,57.5,54.6,42.8,116.7,23.5,19.3,2.14,0.481,0.679,0.3,0.6
srv-0194,2026-08-23,8.7,12.8,11.4,49.2,57.6,54.7,27.2,76.0,14.9,12.2,1.36,0.44,0.579,0.3,0.5
srv-0194,2026-08-24,11.9,32.9,25.5,50.4,57.9,55.3,48.7,157.6,26.8,21.9,2.43,1.199,1.269,1.0,1.1
srv-0194,2026-08-25,12.5,19.2,16.9,51.5,57.0,55.1,48.4,99.4,26.6,21.8,2.42,0.5,0.832,0.4,0.4
srv-0194,2026-08-26,12.0,17.2,15.4,51.0,53.9,52.9,47.4,96.7,26.1,21.3,2.37,0.531,0.814,0.2,0.5
srv-0194,2026-08-27,11.4,15.4,14.0,51.0,58.8,56.1,54.2,125.0,29.8,24.4,2.71,0.471,0.547,0.2,0.4
srv-0194,2026-08-28,14.2,22.5,19.6,52.3,62.3,58.8,52.1,94.2,28.6,23.4,2.6,0.449,0.755,0.2,0.7
srv-0194,2026-08-29,6.5,9.3,8.3,47.9,51.5,50.2,31.2,66.0,17.1,14.0,1.56,0.35,0.348,0.3,0.1
srv-0194,2026-08-30,7.3,10.3,9.2,48.3,53.2,51.5,23.2,56.3,12.8,10.5,1.16,0.316,0.261,0.2,0.3
srv-0194,2026-08-31,12.1,16.8,15.2,51.3,58.8,56.2,54.9,141.6,30.2,24.7,2.75,0.793,0.681,0.6,0.3
srv-0194,2026-09-01,11.6,14.8,13.7,50.9,57.9,55.4,33.3,80.2,18.3,15.0,1.66,0.386,0.748,0.2,0.3
srv-0194,2026-09-02,10.7,16.5,14.4,50.2,57.6,55.0,34.6,90.1,19.0,15.6,1.73,0.642,0.387,0.3,0.4
srv-0194,2026-09-03,11.9,16.9,15.2,51.5,57.7,55.5,52.1,143.1,28.7,23.4,2.61,0.784,0.423,0.7,0.2
srv-0194,2026-09-04,14.6,20.6,18.5,52.4,57.1,55.4,54.4,119.0,29.9,24.5,2.72,0.719,1.022,0.6,0.9
srv-0194,2026-09-05,8.6,21.5,17.0,48.9,56.1,53.5,34.1,145.3,18.7,15.3,1.7,0.69,1.048,0.4,0.9
srv-0194,2026-09-06,8.7,13.4,11.8,49.0,55.2,53.0,25.0,51.9,13.7,11.2,1.25,0.336,0.354,0.2,0.3
srv-0196,2026-08-08,5.4,8.5,7.4,52.9,64.4,60.3,17.3,37.9,9.5,7.8,0.86,0.475,0.545,0.4,0.5
srv-0196,2026-08-09,4.7,6.7,6.0,52.8,58.2,56.3,20.3,46.3,11.2,9.1,1.02,0.385,0.596,0.3,0.2
srv-0196,2026-08-10,6.5,10.1,8.8,54.7,62.3,59.7,23.7,60.0,13.1,10.7,1.19,0.457,0.758,0.4,0.3
srv-0196,2026-08-11,7.5,10.4,9.4,55.9,66.7,62.9,27.1,51.9,14.9,12.2,1.35,0.918,0.587,0.5,0.6
srv-0196,2026-08-12,6.7,9.7,8.6,54.4,65.9,61.9,23.4,55.4,12.9,10.5,1.17,0.702,0.397,0.3,0.2
srv-0196,2026-08-13,6.5,10.8,9.3,54.0,59.3,57.4,24.3,67.8,13.4,11.0,1.22,0.559,0.512,0.4,0.4
srv-0196,2026-08-14,6.2,9.1,8.1,55.0,59.8,58.1,21.9,49.2,12.1,9.9,1.1,0.708,0.567,0.4,0.5
srv-0196,2026-08-15,4.3,5.8,5.3,52.5,57.7,55.8,13.0,29.2,7.2,5.9,0.65,0.602,0.505,0.3,0.3
srv-0196,2026-08-16,4.0,5.5,5.0,51.5,57.3,55.3,16.0,39.2,8.8,7.2,0.8,0.276,0.398,0.2,0.3
srv-0196,2026-08-17,8.4,12.3,11.0,56.1,63.1,60.7,30.6,58.2,16.8,13.8,1.53,0.603,0.947,0.5,1.0
srv-0196,2026-08-18,6.2,9.3,8.2,54.8,60.6,58.6,20.8,45.2,11.4,9.3,1.04,0.784,0.622,0.3,0.5
srv-0196,2026-08-19,7.6,10.6,9.5,54.4,59.3,57.6,26.0,50.7,14.3,11.7,1.3,0.491,0.703,0.3,0.6
srv-0196,2026-08-20,8.5,12.9,11.4,55.4,67.2,63.1,20.9,42.1,11.5,9.4,1.04,0.75,0.665,0.3,0.6
srv-0196,2026-08-21,5.8,7.4,6.9,53.8,65.6,61.5,15.4,38.4,8.5,6.9,0.77,0.597,0.563,0.6,0.3
srv-0196,2026-08-22,3.8,6.5,5.6,51.7,62.2,58.5,13.7,26.1,7.5,6.2,0.68,0.413,0.39,0.3,0.3
srv-0196,2026-08-23,4.2,5.5,5.1,51.7,55.1,53.9,14.9,28.0,8.2,6.7,0.75,0.308,0.476,0.1,0.3
srv-0196,2026-08-24,6.5,9.6,8.5,55.4,67.1,63.0,20.8,52.1,11.4,9.3,1.04,0.66,0.622,0.5,0.5
srv-0196,2026-08-25,5.7,7.3,6.8,53.8,58.3,56.7,20.5,50.6,11.3,9.2,1.02,0.535,0.56,0.3,0.4
srv-0196,2026-08-26,7.4,11.0,9.8,54.9,62.5,59.9,19.1,38.8,10.5,8.6,0.96,0.726,0.762,0.4,0.4
srv-0196,2026-08-27,7.8,10.4,9.5,55.7,61.3,59.4,18.5,45.9,10.2,8.3,0.92,0.689,0.651,0.5,0.5
srv-0196,2026-08-28,7.3,9.3,8.6,56.0,61.9,59.9,25.3,66.6,13.9,11.4,1.27,0.81,0.598,0.6,0.2
srv-0196,2026-08-29,4.3,5.9,5.3,51.9,55.1,54.0,10.6,28.5,5.8,4.8,0.53,0.406,0.504,0.3,0.4
srv-0196,2026-08-30,4.9,8.1,7.0,52.1,58.2,56.1,15.3,37.4,8.4,6.9,0.76,0.521,0.49,0.3,0.5
srv-0196,2026-08-31,7.8,13.1,11.2,55.6,63.8,61.0,25.3,49.6,13.9,11.4,1.27,0.605,0.515,0.3,0.4
srv-0196,2026-09-01,8.5,11.4,10.4,55.5,60.2,58.5,22.5,53.0,12.4,10.1,1.12,0.741,0.583,0.3,0.3
srv-0196,2026-09-02,7.4,12.2,10.5,55.3,62.4,59.9,28.6,74.7,15.7,12.9,1.43,0.778,0.638,0.6,0.4
srv-0196,2026-09-03,5.9,7.7,7.0,54.3,65.5,61.6,25.2,47.8,13.9,11.4,1.26,0.485,0.62,0.2,0.5
srv-0196,2026-09-04,5.7,8.0,7.2,54.1,65.6,61.6,17.3,34.5,9.5,7.8,0.87,0.576,0.657,0.3,0.4
srv-0196,2026-09-05,4.2,5.4,5.0,52.0,58.8,56.4,14.9,33.6,8.2,6.7,0.74,0.316,0.445,0.1,0.3
srv-0196,2026-09-06,4.1,7.0,6.0,51.4,60.4,57.2,13.4,27.2,7.3,6.0,0.67,0.258,0.426,0.1,0.3
srv-0199,2026-08-08,26.0,35.9,32.4,55.3,66.1,62.3,36.4,84.0,20.0,16.4,1.82,0.307,0.373,0.3,0.4
srv-0199,2026-08-09,25.3,37.0,32.9,56.4,66.0,62.7,41.2,111.4,22.7,18.5,2.06,0.381,0.316,0.3,0.3
srv-0199,2026-08-10,41.9,70.5,60.5,58.8,67.5,64.4,72.4,168.5,39.8,32.6,3.62,0.362,0.396,0.1,0.4
srv-0199,2026-08-11,37.1,57.9,50.6,59.1,69.4,65.8,73.8,203.8,40.6,33.2,3.69,0.513,0.696,0.3,0.6
srv-0199,2026-08-12,40.8,62.6,55.0,59.5,71.8,67.5,80.0,172.9,44.0,36.0,4.0,0.453,0.362,0.4,0.2
srv-0199,2026-08-13,36.8,52.7,47.1,58.1,69.3,65.4,69.0,128.8,38.0,31.1,3.45,0.541,0.628,0.5,0.2
srv-0199,2026-08-14,38.5,56.7,50.3,58.0,64.6,62.3,46.5,106.9,25.6,20.9,2.32,0.357,0.493,0.2,0.2
srv-0199,2026-08-15,25.7,40.8,35.5,56.3,60.9,59.3,59.5,140.4,32.7,26.8,2.97,0.384,0.246,0.3,0.2
srv-0199,2026-08-16,28.1,44.2,38.6,56.1,64.7,61.7,43.6,119.0,24.0,19.6,2.18,0.3,0.237,0.1,0.1
srv-0199,2026-08-17,47.0,64.2,58.2,60.1,63.9,62.6,94.0,188.7,51.7,42.3,4.7,0.736,0.464,0.4,0.4
srv-0199,2026-08-18,50.0,79.2,69.0,59.9,66.1,63.9,91.0,174.8,50.0,40.9,4.55,0.461,0.543,0.2,0.3
srv-0199,2026-08-19,37.5,53.5,47.9,58.8,62.0,60.9,61.9,166.2,34.0,27.8,3.09,0.438,0.486,0.3,0.4
srv-0199,2026-08-20,41.6,65.7,57.3,60.0,69.7,66.3,82.2,179.3,45.2,37.0,4.11,0.581,0.698,0.3,0.6
srv-0199,2026-08-21,43.1,64.4,57.0,59.6,65.2,63.2,63.3,160.3,34.8,28.5,3.17,0.45,0.733,0.4,0.3
srv-0199,2026-08-22,27.7,62.4,50.3,56.8,63.9,61.4,48.4,223.3,26.6,21.8,2.42,0.506,0.83,0.4,0.5
srv-0199,2026-08-23,27.2,44.0,38.1,55.8,61.3,59.4,52.8,119.1,29.0,23.8,2.64,0.277,0.459,0.2,0.2
srv-0199,2026-08-24,43.5,58.0,53.0,60.2,65.5,63.6,65.4,169.5,36.0,29.4,3.27,0.69,0.441,0.4,0.3
srv-0199,2026-08-25,34.7,52.6,46.3,58.4,63.2,61.5,61.1,111.3,33.6,27.5,3.05,0.363,0.433,0.2,0.4
srv-0199,2026-08-26,47.2,62.7,57.3,59.7,64.7,63.0,83.8,231.8,46.1,37.7,4.19,0.485,0.541,0.4,0.3
srv-0199,2026-08-27,41.5,68.6,59.1,59.3,70.4,66.5,82.0,190.5,45.1,36.9,4.1,0.697,0.496,0.5,0.4
srv-0199,2026-08-28,46.3,61.2,55.9,59.7,71.4,67.3,59.7,127.9,32.9,26.9,2.99,0.635,0.712,0.4,0.4
srv-0199,2026-08-29,23.3,38.1,32.9,55.7,66.1,62.4,42.3,95.0,23.2,19.0,2.11,0.363,0.347,0.2,0.3
srv-0199,2026-08-30,29.1,40.3,36.4,56.6,65.9,62.7,45.1,92.6,24.8,20.3,2.26,0.258,0.407,0.2,0.4
srv-0199,2026-08-31,44.7,99,80.0,58.6,61.6,60.6,80.3,331.6,44.2,36.1,4.02,0.937,0.585,0.8,0.4
srv-0199,2026-09-01,41.8,57.2,51.8,59.6,65.7,63.6,86.1,213.9,47.4,38.8,4.31,0.477,0.416,0.3,0.2
srv-0199,2026-09-02,34.5,55.0,47.8,58.1,69.8,65.7,73.5,163.8,40.4,33.1,3.67,0.486,0.608,0.4,0.3
srv-0199,2026-09-03,44.7,63.8,57.1,59.9,64.9,63.1,80.4,187.8,44.2,36.2,4.02,0.496,0.53,0.4,0.5
srv-0199,2026-09-04,48.0,75.6,66.0,59.9,64.4,62.8,86.3,181.5,47.5,38.8,4.31,0.421,0.371,0.3,0.3
srv-0199,2026-09-05,26.9,40.9,36.0,56.1,59.3,58.2,56.4,112.9,31.0,25.4,2.82,0.327,0.481,0.3,0.4
srv-0199,2026-09-06,23.4,36.3,31.7,55.3,60.9,59.0,47.8,96.3,26.3,21.5,2.39,0.227,0.4,0.2,0.3
srv-0200,2026-08-08,12.8,16.3,15.1,75.6,87.7,83.5,50.2,98.1,27.6,22.6,2.51,0.551,0.415,0.3,0.2
srv-0200,2026-08-09,11.1,17.2,15.0,75.3,79.3,77.9,41.5,79.2,22.8,18.7,2.07,0.353,0.412,0.2,0.3
srv-0200,2026-08-10,23.5,39.1,33.6,81.0,91.2,87.6,91.6,185.1,50.4,41.2,4.58,0.858,0.862,0.3,0.6
srv-0200,2026-08-11,18.4,25.0,22.7,78.8,83.9,82.1,85.5,159.1,47.1,38.5,4.28,0.516,0.963,0.4,0.8
srv-0200,2026-08-12,26.7,43.8,37.8,82.0,99,93.1,127.5,244.9,70.1,57.4,6.37,0.631,0.988,0.4,0.4
srv-0200,2026-08-13,25.1,33.6,30.6,82.1,91.6,88.2,88.4,229.2,48.6,39.8,4.42,0.828,1.199,0.7,1.1
srv-0200,2026-08-14,22.7,31.0,28.1,81.9,91.3,88.0,117.2,271.0,64.4,52.7,5.86,1.126,0.757,1.0,0.7
srv-0200,2026-08-15,13.7,19.2,17.3,75.2,83.9,80.9,48.4,94.0,26.6,21.8,2.42,0.335,0.426,0.2,0.2
srv-0200,2026-08-16,11.4,14.5,13.4,75.3,83.9,80.9,42.6,111.3,23.5,19.2,2.13,0.357,0.648,0.3,0.5
srv-0200,2026-08-17,24.0,30.4,28.2,81.4,88.5,86.0,89.9,197.4,49.4,40.5,4.5,0.598,0.607,0.5,0.6
srv-0200,2026-08-18,19.1,25.4,23.2,79.7,92.3,87.9,73.6,152.4,40.5,33.1,3.68,0.973,0.503,0.9,0.2
srv-0200,2026-08-19,21.2,29.5,26.6,79.6,90.2,86.5,70.0,161.0,38.5,31.5,3.5,0.91,0.55,0.4,0.3
srv-0200,2026-08-20,23.8,34.1,30.5,82.0,97.8,92.3,117.9,267.0,64.8,53.0,5.89,0.947,0.817,0.4,0.4
srv-0200,2026-08-21,22.9,29.4,27.1,79.9,84.4,82.8,94.4,256.2,51.9,42.5,4.72,0.789,0.986,0.6,1.0
srv-0200,2026-08-22,11.0,16.7,14.7,75.5,90.2,85.1,46.9,91.9,25.8,21.1,2.34,0.454,0.402,0.2,0.3
srv-0200,2026-08-23,13.7,21.4,18.7,76.7,91.1,86.0,54.4,146.9,29.9,24.5,2.72,0.622,0.746,0.5,0.7
srv-0200,2026-08-24,18.7,28.4,25.0,79.3,91.7,87.3,69.4,144.2,38.2,31.2,3.47,0.846,1.035,0.5,0.6
srv-0200,2026-08-25,22.0,36.5,31.4,80.3,88.6,85.7,88.6,179.5,48.7,39.9,4.43,0.861,0.998,0.5,0.8
srv-0200,2026-08-26,17.8,22.3,20.7,79.9,91.4,87.3,103.1,191.1,56.7,46.4,5.15,0.66,0.77,0.3,0.6
srv-0200,2026-08-27,20.3,27.6,25.1,81.2,87.6,85.3,76.1,206.8,41.8,34.2,3.8,0.718,0.82,0.4,0.5
srv-0200,2026-08-28,21.6,36.3,31.2,80.6,91.0,87.4,88.7,226.0,48.8,39.9,4.44,0.804,1.123,0.6,1.0
srv-0200,2026-08-29,12.4,19.6,17.1,75.7,82.2,79.9,64.2,120.3,35.3,28.9,3.21,0.472,0.598,0.3,0.5
srv-0200,2026-08-30,16.7,38.9,31.1,77.2,93.1,87.5,61.1,288.9,33.6,27.5,3.06,1.472,1.083,0.8,0.9
srv-0200,2026-08-31,18.3,30.5,26.2,78.9,96.3,90.2,69.9,190.2,38.5,31.5,3.5,0.994,0.639,0.6,0.4
srv-0200,2026-09-01,20.8,29.7,26.6,79.8,95.2,89.8,87.1,172.2,47.9,39.2,4.36,1.092,0.596,0.8,0.3
srv-0200,2026-09-02,23.2,32.2,29.0,81.1,90.1,86.9,106.2,244.9,58.4,47.8,5.31,0.768,0.812,0.4,0.4
srv-0200,2026-09-03,25.3,36.5,32.6,81.8,97.5,92.0,113.9,318.2,62.6,51.2,5.69,0.983,0.702,0.6,0.6
srv-0200,2026-09-04,21.9,33.3,29.3,80.9,92.8,88.6,84.1,171.8,46.3,37.9,4.21,0.814,1.097,0.5,1.0
srv-0200,2026-09-05,16.1,22.6,20.4,77.2,87.0,83.5,76.4,153.2,42.0,34.4,3.82,0.499,0.594,0.4,0.3
srv-0200,2026-09-06,13.5,17.0,15.8,76.0,85.0,81.8,58.7,155.9,32.3,26.4,2.93,0.582,0.501,0.4,0.5
srv-0201,2026-08-08,10.0,15.8,13.7,55.8,60.8,59.1,42.6,84.1,23.4,19.2,2.13,0.406,0.565,0.2,0.5
srv-0201,2026-08-09,11.1,14.0,13.0,56.3,61.6,59.8,43.4,107.3,23.9,19.5,2.17,0.497,0.337,0.4,0.2
srv-0201,2026-08-10,14.5,23.8,20.5,59.4,65.4,63.3,56.0,122.0,30.8,25.2,2.8,0.79,0.873,0.4,0.6
srv-0201,2026-08-11,14.8,18.5,17.2,59.3,65.2,63.1,72.1,176.3,39.7,32.5,3.61,0.423,0.847,0.2,0.8
srv-0201,2026-08-12,16.9,51.0,39.0,59.9,70.4,66.7,68.5,335.0,37.7,30.8,3.43,0.963,1.215,0.6,0.9
srv-0201,2026-08-13,15.4,24.1,21.0,59.4,64.0,62.4,51.9,127.8,28.5,23.4,2.59,0.402,0.584,0.3,0.5
srv-0201,2026-08-14,15.4,22.9,20.3,58.9,69.4,65.8,49.3,100.1,27.1,22.2,2.47,0.464,0.574,0.2,0.4
srv-0201,2026-08-15,8.3,12.6,11.1,55.4,62.6,60.1,33.2,88.3,18.3,15.0,1.66,0.233,0.356,0.2,0.3
srv-0201,2026-08-16,10.1,24.8,19.6,55.9,61.7,59.7,43.3,196.4,23.8,19.5,2.17,0.627,0.641,0.3,0.4
srv-0201,2026-08-17,16.6,24.9,22.0,59.8,67.3,64.7,57.3,111.4,31.5,25.8,2.86,0.502,0.549,0.4,0.5
srv-0201,2026-08-18,14.6,24.1,20.8,58.9,67.4,64.4,62.5,161.8,34.4,28.1,3.12,0.578,0.794,0.4,0.6
srv-0201,2026-08-19,14.1,18.7,17.1,58.8,66.4,63.8,46.0,124.9,25.3,20.7,2.3,0.698,0.822,0.6,0.5
srv-0201,2026-08-20,12.3,17.0,15.4,57.7,61.8,60.3,53.4,113.0,29.4,24.0,2.67,0.594,0.555,0.2,0.3
srv-0201,2026-08-21,15.2,20.3,18.5,58.8,67.8,64.6,69.1,135.1,38.0,31.1,3.45,0.459,0.5,0.2,0.4
srv-0201,2026-08-22,8.9,14.3,12.4,55.8,66.7,62.9,43.6,102.4,24.0,19.6,2.18,0.476,0.293,0.4,0.3
srv-0201,2026-08-23,9.2,14.4,12.6,55.6,67.6,63.4,43.1,87.0,23.7,19.4,2.16,0.249,0.273,0.1,0.1
srv-0201,2026-08-24,14.4,36.9,29.0,59.0,72.0,67.5,45.2,205.2,24.9,20.4,2.26,1.224,1.143,0.5,1.0
srv-0201,2026-08-25,12.1,18.5,16.2,57.6,60.8,59.7,37.9,90.3,20.9,17.1,1.9,0.632,0.52,0.6,0.5
srv-0201,2026-08-26,14.0,19.5,17.6,58.1,70.4,66.1,65.5,183.5,36.0,29.5,3.28,0.356,0.54,0.3,0.3
srv-0201,2026-08-27,15.7,23.8,21.0,59.9,70.7,66.9,52.6,137.8,28.9,23.7,2.63,0.427,0.734,0.3,0.6
srv-0201,2026-08-28,12.6,16.4,15.1,58.1,64.6,62.4,56.8,137.6,31.2,25.6,2.84,0.604,0.374,0.3,0.4
srv-0201,2026-08-29,9.3,13.6,12.1,55.7,59.0,57.9,34.1,82.8,18.8,15.3,1.71,0.337,0.454,0.3,0.4
srv-0201,2026-08-30,9.7,15.8,13.6,55.6,64.9,61.6,28.7,65.2,15.8,12.9,1.43,0.363,0.509,0.3,0.4
srv-0201,2026-08-31,18.8,30.1,26.1,60.0,67.1,64.6,56.9,136.6,31.3,25.6,2.84,0.433,0.713,0.4,0.3
srv-0201,2026-09-01,13.2,16.6,15.4,57.8,70.5,66.0,43.6,117.1,24.0,19.6,2.18,0.445,0.523,0.3,0.2
srv-0201,2026-09-02,13.2,21.9,18.9,58.3,70.4,66.1,50.0,121.6,27.5,22.5,2.5,0.451,0.627,0.2,0.4
srv-0201,2026-09-03,13.5,21.5,18.7,58.3,64.7,62.5,45.0,85.6,24.7,20.2,2.25,0.616,0.514,0.3,0.4
srv-0201,2026-09-04,15.8,25.5,22.1,59.6,70.6,66.8,50.5,135.8,27.8,22.7,2.53,0.653,0.515,0.5,0.4
srv-0201,2026-09-05,8.6,11.1,10.2,55.3,64.5,61.3,25.5,56.5,14.0,11.5,1.27,0.316,0.236,0.2,0.2
srv-0201,2026-09-06,9.4,15.4,13.3,56.1,59.0,58.0,46.4,95.8,25.5,20.9,2.32,0.397,0.359,0.3,0.2
srv-0202,2026-08-08,7.6,10.7,9.6,27.3,30.5,29.4,55.0,106.2,30.3,24.8,2.75,0.625,0.709,0.6,0.3
srv-0202,2026-08-09,6.2,8.3,7.6,27.1,29.5,28.7,47.6,94.2,26.2,21.4,2.38,0.357,0.521,0.3,0.3
srv-0202,2026-08-10,9.7,14.0,12.5,28.3,31.5,30.4,73.8,181.3,40.6,33.2,3.69,0.61,0.848,0.3,0.4
srv-0202,2026-08-11,10.5,17.1,14.8,28.4,34.6,32.4,97.3,246.2,53.5,43.8,4.86,0.626,0.896,0.5,0.8
srv-0202,2026-08-12,12.1,17.8,15.8,28.9,30.4,29.9,89.6,186.8,49.3,40.3,4.48,0.815,0.979,0.5,0.8
srv-0202,2026-08-13,10.1,13.3,12.1,28.5,33.6,31.8,105.9,213.7,58.2,47.7,5.3,0.856,0.656,0.6,0.4
srv-0202,2026-08-14,9.9,14.8,13.1,28.4,33.1,31.4,91.3,167.6,50.2,41.1,4.57,0.722,0.65,0.3,0.5
srv-0202,2026-08-15,5.1,7.6,6.7,26.8,31.8,30.1,48.9,91.1,26.9,22.0,2.44,0.327,0.472,0.2,0.4
srv-0202,2026-08-16,6.6,10.2,8.9,27.3,32.6,30.7,62.3,156.4,34.2,28.0,3.11,0.446,0.682,0.2,0.4
srv-0202,2026-08-17,10.5,16.8,14.6,28.7,33.6,31.9,110.0,260.1,60.5,49.5,5.5,0.869,0.566,0.7,0.3
srv-0202,2026-08-18,10.6,31.7,24.4,28.9,31.5,30.6,106.5,449.9,58.6,47.9,5.32,1.719,1.926,1.3,1.4
srv-0202,2026-08-19,10.4,15.4,13.7,29.0,33.5,31.9,113.7,259.1,62.5,51.2,5.68,1.018,0.632,0.8,0.3
srv-0202,2026-08-20,8.2,11.7,10.5,28.2,31.1,30.1,93.6,221.8,51.5,42.1,4.68,0.478,0.56,0.2,0.3
srv-0202,2026-08-21,10.1,13.5,12.3,28.9,33.7,32.0,103.3,213.4,56.8,46.5,5.17,1.015,0.736,0.7,0.5
srv-0202,2026-08-22,7.4,11.7,10.2,27.4,31.6,30.1,75.2,166.6,41.3,33.8,3.76,0.442,0.537,0.2,0.2
srv-0202,2026-08-23,7.2,10.9,9.6,27.3,29.7,28.9,56.1,127.8,30.8,25.2,2.8,0.536,0.557,0.5,0.2
srv-0202,2026-08-24,10.3,16.9,14.6,29.1,30.7,30.2,79.2,149.8,43.6,35.7,3.96,1.038,0.982,0.5,0.8
srv-0202,2026-08-25,9.8,15.5,13.5,28.6,31.5,30.4,110.7,223.0,60.9,49.8,5.53,0.722,0.863,0.7,0.7
srv-0202,2026-08-26,8.7,24.2,18.8,28.5,30.8,30.0,77.4,375.0,42.6,34.9,3.87,1.504,1.283,0.8,1.1
srv-0202,2026-08-27,11.8,18.7,16.3,29.2,32.4,31.3,78.7,159.9,43.3,35.4,3.94,0.788,0.926,0.4,0.7
srv-0202,2026-08-28,10.0,23.4,18.7,29.1,32.8,31.5,121.0,462.6,66.5,54.4,6.05,1.832,1.897,1.0,0.9
srv-0202,2026-08-29,6.1,8.8,7.9,27.3,30.0,29.0,74.9,152.7,41.2,33.7,3.74,0.403,0.544,0.3,0.2
srv-0202,2026-08-30,6.6,8.8,8.0,27.3,29.5,28.7,60.4,165.7,33.2,27.2,3.02,0.629,0.598,0.4,0.3
srv-0202,2026-08-31,10.0,15.2,13.4,28.7,31.7,30.7,99.8,189.3,54.9,44.9,4.99,0.708,0.561,0.3,0.4
srv-0202,2026-09-01,10.0,17.0,14.6,28.8,34.1,32.3,89.3,177.6,49.1,40.2,4.47,0.801,0.92,0.7,0.4
srv-0202,2026-09-02,9.1,15.4,13.2,28.7,34.1,32.2,88.9,162.1,48.9,40.0,4.45,0.605,0.838,0.4,0.5
srv-0202,2026-09-03,10.7,14.3,13.1,28.7,32.0,30.8,109.6,251.1,60.3,49.3,5.48,0.944,0.75,0.4,0.3
srv-0202,2026-09-04,13.2,20.2,17.8,29.3,31.0,30.4,99.3,233.3,54.6,44.7,4.97,1.169,1.1,1.0,1.1
srv-0202,2026-09-05,7.4,12.3,10.6,27.3,28.9,28.3,61.6,119.8,33.9,27.7,3.08,0.6,0.682,0.2,0.3
srv-0202,2026-09-06,6.9,11.4,9.8,27.7,33.3,31.4,58.4,148.1,32.1,26.3,2.92,0.385,0.454,0.1,0.3
srv-0204,2026-08-08,17.0,28.9,24.7,68.7,74.1,72.2,20.0,45.5,11.0,9.0,1.0,0.367,0.609,0.3,0.4
srv-0204,2026-08-09,16.6,20.9,19.4,67.7,82.3,77.2,17.6,35.2,9.7,7.9,0.88,0.307,0.38,0.1,0.2
srv-0204,2026-08-10,26.7,34.6,31.9,72.7,83.3,79.6,29.9,65.0,16.4,13.4,1.49,0.84,0.973,0.3,0.7
srv-0204,2026-08-11,23.4,33.5,30.0,71.1,76.1,74.3,41.6,107.2,22.9,18.7,2.08,0.747,0.48,0.4,0.3
srv-0204,2026-08-12,28.2,41.7,37.0,72.5,77.1,75.5,32.3,63.6,17.7,14.5,1.61,0.848,0.798,0.5,0.5
srv-0204,2026-08-13,27.3,38.2,34.4,72.4,81.5,78.3,39.5,71.8,21.7,17.8,1.97,0.933,0.862,0.5,0.4
srv-0204,2026-08-14,22.9,33.2,29.6,72.3,77.0,75.4,45.1,92.3,24.8,20.3,2.25,0.93,0.49,0.5,0.4
srv-0204,2026-08-15,15.0,21.5,19.3,68.0,77.5,74.2,23.7,55.7,13.0,10.7,1.18,0.347,0.347,0.3,0.3
srv-0204,2026-08-16,17.5,24.7,22.2,68.4,79.9,75.9,29.0,55.3,15.9,13.0,1.45,0.335,0.559,0.1,0.2
srv-0204,2026-08-17,30.3,46.7,40.9,73.2,85.4,81.2,51.2,97.2,28.1,23.0,2.56,0.572,0.951,0.3,0.4
srv-0204,2026-08-18,26.5,38.2,34.1,71.7,85.2,80.5,40.2,80.1,22.1,18.1,2.01,0.725,0.698,0.6,0.3
srv-0204,2026-08-19,20.6,30.6,27.1,70.8,77.4,75.1,26.4,55.5,14.5,11.9,1.32,0.619,0.513,0.3,0.3
srv-0204,2026-08-20,24.9,36.3,32.3,71.1,85.5,80.4,30.2,73.0,16.6,13.6,1.51,0.825,0.839,0.6,0.8
srv-0204,2026-08-21,23.5,29.8,27.6,73.0,84.4,80.4,32.7,78.7,18.0,14.7,1.64,0.684,0.589,0.5,0.2
srv-0204,2026-08-22,14.7,22.4,19.7,67.5,72.8,71.0,27.2,65.9,15.0,12.3,1.36,0.339,0.44,0.3,0.3
srv-0204,2026-08-23,19.3,26.7,24.1,69.1,76.4,73.8,22.1,44.9,12.1,9.9,1.1,0.545,0.737,0.4,0.4
srv-0204,2026-08-24,20.5,26.0,24.1,71.7,81.0,77.8,32.9,69.1,18.1,14.8,1.64,0.584,0.603,0.3,0.3
srv-0204,2026-08-25,26.8,37.2,33.6,73.0,81.6,78.6,42.7,116.8,23.5,19.2,2.13,0.869,0.7,0.4,0.5
srv-0204,2026-08-26,20.9,26.3,24.4,71.6,81.2,77.8,28.3,54.7,15.6,12.7,1.42,0.679,0.482,0.4,0.2
srv-0204,2026-08-27,21.3,29.5,26.6,71.4,86.0,80.9,43.8,117.0,24.1,19.7,2.19,0.441,0.865,0.4,0.3
srv-0204,2026-08-28,21.7,30.0,27.1,70.8,82.3,78.3,36.6,71.7,20.1,16.5,1.83,0.835,0.624,0.4,0.4
srv-0204,2026-08-29,16.6,23.4,21.0,67.8,77.6,74.2,24.6,58.0,13.5,11.1,1.23,0.486,0.583,0.3,0.4
srv-0204,2026-08-30,17.1,23.9,21.5,68.3,75.9,73.2,25.7,59.8,14.2,11.6,1.29,0.495,0.528,0.4,0.5
srv-0204,2026-08-31,26.4,40.0,35.3,71.9,85.3,80.6,37.5,99.1,20.6,16.9,1.87,0.744,0.962,0.3,0.9
srv-0204,2026-09-01,24.6,37.8,33.2,73.1,81.4,78.5,41.5,87.1,22.8,18.7,2.07,0.774,0.601,0.6,0.5
srv-0204,2026-09-02,25.1,32.3,29.8,73.0,87.4,82.4,49.2,127.5,27.1,22.1,2.46,0.937,0.82,0.8,0.4
srv-0204,2026-09-03,19.0,23.8,22.1,70.4,83.7,79.0,32.0,78.8,17.6,14.4,1.6,0.618,0.811,0.3,0.4
srv-0204,2026-09-04,27.6,34.7,32.2,73.2,80.8,78.2,42.9,105.2,23.6,19.3,2.14,0.86,0.615,0.6,0.4
srv-0204,2026-09-05,13.9,41.5,31.9,68.2,74.4,72.2,21.8,81.0,12.0,9.8,1.09,1.096,0.562,1.0,0.6
srv-0204,2026-09-06,14.1,22.4,19.5,67.9,72.3,70.7,28.5,68.6,15.7,12.8,1.43,0.534,0.564,0.5,0.3
srv-0205,2026-08-08,19.8,25.5,23.5,86.1,99,94.5,19.7,53.5,10.8,8.8,0.98,0.399,0.709,0.3,0.3
srv-0205,2026-08-09,20.7,30.3,27.0,86.4,99,94.6,17.1,46.8,9.4,7.7,0.86,0.718,0.408,0.3,0.3
srv-0205,2026-08-10,32.9,49.7,43.8,91.7,99,96.5,26.5,70.2,14.6,11.9,1.32,0.652,1.136,0.4,0.8
srv-0205,2026-08-11,29.1,48.3,41.6,92.4,98.5,96.4,31.8,62.8,17.5,14.3,1.59,0.606,0.959,0.4,0.6
srv-0205,2026-08-12,31.9,45.0,40.4,90.1,99,95.9,34.4,89.1,18.9,15.5,1.72,0.539,0.551,0.4,0.4
srv-0205,2026-08-13,34.4,88.3,69.5,91.0,99,96.2,29.5,129.7,16.2,13.3,1.48,1.894,1.943,1.6,0.8
srv-0205,2026-08-14,29.3,38.2,35.1,91.6,99,96.4,35.2,69.8,19.4,15.9,1.76,0.864,0.968,0.5,0.9
srv-0205,2026-08-15,19.0,26.2,23.7,86.7,92.7,90.6,24.6,53.9,13.6,11.1,1.23,0.709,0.704,0.3,0.5
srv-0205,2026-08-16,16.6,22.2,20.2,85.7,92.7,90.2,18.9,52.8,10.4,8.5,0.95,0.512,0.349,0.4,0.3
srv-0205,2026-08-17,31.2,46.7,41.2,91.7,99.0,96.5,38.3,97.6,21.1,17.3,1.92,0.727,1.203,0.5,1.0
srv-0205,2026-08-18,35.1,86.1,68.2,91.9,99,96.5,33.6,150.3,18.5,15.1,1.68,2.018,2.172,1.6,1.8
srv-0205,2026-08-19,32.3,74.5,59.7,90.4,95.1,93.5,23.3,93.7,12.8,10.5,1.16,1.253,1.536,0.6,0.7
srv-0205,2026-08-20,32.1,49.4,43.3,90.2,99,95.9,23.6,61.2,13.0,10.6,1.18,1.028,0.971,0.7,0.6
srv-0205,2026-08-21,29.3,41.9,37.5,89.8,99,95.8,29.5,79.9,16.2,13.3,1.47,0.974,0.725,0.7,0.5
srv-0205,2026-08-22,20.9,31.0,27.4,85.8,99,94.4,19.6,42.7,10.8,8.8,0.98,0.526,0.638,0.4,0.6
srv-0205,2026-08-23,19.0,53.7,41.5,85.0,98.7,93.9,20.4,90.6,11.2,9.2,1.02,0.81,0.528,0.6,0.5
srv-0205,2026-08-24,30.6,87.3,67.5,92.0,99,96.5,28.7,132.2,15.8,12.9,1.43,1.349,1.514,1.2,0.6
srv-0205,2026-08-25,24.5,71.9,55.3,89.1,98.9,95.4,34.0,133.2,18.7,15.3,1.7,1.175,0.849,0.9,0.5
srv-0205,2026-08-26,28.7,38.9,35.4,90.6,97.2,94.9,36.8,86.2,20.2,16.5,1.84,0.718,0.92,0.3,0.6
srv-0205,2026-08-27,35.8,49.3,44.6,91.7,99,96.5,39.9,78.1,21.9,18.0,2.0,0.904,1.018,0.7,0.4
srv-0205,2026-08-28,35.5,46.0,42.3,92.7,99,96.8,27.8,50.4,15.3,12.5,1.39,0.784,1.107,0.4,0.6
srv-0205,2026-08-29,17.0,27.5,23.9,85.3,94.0,91.0,14.7,35.6,8.1,6.6,0.74,0.334,0.676,0.2,0.3
srv-0205,2026-08-30,18.6,25.1,22.8,86.5,99,94.6,25.7,53.0,14.1,11.6,1.29,0.449,0.711,0.4,0.4
srv-0205,2026-08-31,32.4,54.7,46.9,92.3,99,96.7,35.2,70.0,19.4,15.9,1.76,0.926,0.673,0.4,0.4
srv-0205,2026-09-01,36.5,51.7,46.3,91.9,96.8,95.1,36.4,93.2,20.0,16.4,1.82,1.186,1.052,1.1,0.7
srv-0205,2026-09-02,32.7,43.7,39.8,91.0,99,96.2,31.7,86.3,17.4,14.3,1.58,0.907,0.863,0.7,0.3
srv-0205,2026-09-03,30.3,50.4,43.4,91.3,98.2,95.8,28.2,76.4,15.5,12.7,1.41,1.027,0.727,0.4,0.4
srv-0205,2026-09-04,31.0,47.1,41.5,92.1,99,96.6,39.9,79.2,21.9,18.0,2.0,0.621,1.119,0.5,0.7
srv-0205,2026-09-05,17.8,24.5,22.2,85.1,99,94.1,21.2,55.6,11.7,9.5,1.06,0.451,0.521,0.3,0.4
srv-0205,2026-09-06,16.0,24.8,21.7,84.9,99,94.1,20.4,52.9,11.2,9.2,1.02,0.472,0.363,0.2,0.1
srv-0206,2026-08-08,14.0,23.7,20.3,61.0,69.3,66.4,19.1,36.2,10.5,8.6,0.95,0.496,0.329,0.4,0.2
srv-0206,2026-08-09,15.8,26.5,22.7,61.0,65.0,63.6,20.9,39.2,11.5,9.4,1.05,0.398,0.273,0.4,0.1
srv-0206,2026-08-10,26.8,33.8,31.3,65.5,73.0,70.4,53.5,110.9,29.4,24.1,2.67,0.483,0.366,0.4,0.2
srv-0206,2026-08-11,21.9,32.7,28.9,64.0,68.9,67.2,46.0,86.6,25.3,20.7,2.3,0.67,0.555,0.6,0.4
srv-0206,2026-08-12,30.6,38.4,35.6,65.5,72.5,70.1,51.8,111.5,28.5,23.3,2.59,0.65,0.349,0.6,0.3
srv-0206,2026-08-13,20.2,28.0,25.3,62.9,68.4,66.5,38.8,98.7,21.3,17.5,1.94,0.611,0.403,0.6,0.4
srv-0206,2026-08-14,21.5,28.8,26.2,63.5,68.5,66.7,34.3,94.8,18.9,15.4,1.72,0.569,0.408,0.2,0.2
srv-0206,2026-08-15,13.5,17.3,16.0,60.6,66.1,64.2,27.2,62.7,15.0,12.2,1.36,0.263,0.363,0.2,0.3
srv-0206,2026-08-16,17.5,53.2,40.7,61.1,65.2,63.8,21.1,73.8,11.6,9.5,1.05,0.644,0.502,0.4,0.3
srv-0206,2026-08-17,20.2,27.6,25.0,63.6,67.5,66.1,43.0,85.4,23.7,19.4,2.15,0.65,0.589,0.3,0.3
srv-0206,2026-08-18,28.6,44.7,39.1,64.9,75.4,71.7,31.7,70.3,17.4,14.3,1.59,0.659,0.618,0.4,0.6
srv-0206,2026-08-19,25.3,42.1,36.2,64.9,78.6,73.8,50.1,103.5,27.6,22.6,2.51,0.622,0.565,0.3,0.2
srv-0206,2026-08-20,25.8,40.5,35.4,65.1,79.3,74.4,45.9,99.9,25.2,20.6,2.29,0.735,0.635,0.4,0.3
srv-0206,2026-08-21,22.6,37.3,32.1,63.2,71.2,68.4,41.0,80.2,22.6,18.5,2.05,0.609,0.286,0.3,0.2
srv-0206,2026-08-22,15.9,20.4,18.8,60.7,63.9,62.8,26.9,51.9,14.8,12.1,1.34,0.459,0.334,0.4,0.3
srv-0206,2026-08-23,19.1,27.9,24.8,61.4,68.9,66.3,26.7,57.1,14.7,12.0,1.33,0.437,0.258,0.3,0.2
srv-0206,2026-08-24,24.9,35.2,31.6,64.5,69.3,67.6,36.3,99.2,20.0,16.3,1.82,0.602,0.47,0.3,0.2
srv-0206,2026-08-25,27.2,81.6,62.5,64.6,72.7,69.9,34.7,117.7,19.1,15.6,1.74,0.964,1.025,0.7,1.0
srv-0206,2026-08-26,24.1,39.0,33.8,63.6,77.5,72.6,34.8,74.2,19.2,15.7,1.74,0.425,0.347,0.3,0.2
srv-0206,2026-08-27,24.1,35.5,31.5,64.6,76.1,72.1,35.9,80.0,19.7,16.1,1.79,0.536,0.398,0.3,0.2
srv-0206,2026-08-28,20.2,26.3,24.2,63.3,70.2,67.8,31.5,75.4,17.3,14.2,1.58,0.484,0.481,0.3,0.4
srv-0206,2026-08-29,14.9,18.8,17.5,60.3,71.0,67.2,18.4,38.5,10.1,8.3,0.92,0.252,0.274,0.2,0.3
srv-0206,2026-08-30,15.9,21.3,19.4,60.4,72.0,67.9,19.6,47.4,10.8,8.8,0.98,0.372,0.385,0.3,0.2
srv-0206,2026-08-31,19.7,33.4,28.6,62.9,67.3,65.8,24.6,66.2,13.5,11.1,1.23,0.652,0.525,0.3,0.3
srv-0206,2026-09-01,21.7,30.7,27.6,62.9,73.9,70.1,40.0,101.7,22.0,18.0,2.0,0.568,0.41,0.2,0.2
srv-0206,2026-09-02,26.4,38.6,34.4,64.0,73.7,70.3,33.7,89.6,18.5,15.2,1.68,0.492,0.51,0.3,0.3
srv-0206,2026-09-03,25.1,32.8,30.1,64.0,72.9,69.8,31.2,63.8,17.1,14.0,1.56,0.443,0.317,0.3,0.3
srv-0206,2026-09-04,23.9,35.0,31.1,64.3,78.0,73.2,47.1,109.2,25.9,21.2,2.35,0.451,0.469,0.2,0.3
srv-0206,2026-09-05,16.9,25.1,22.2,61.7,67.9,65.7,34.3,64.9,18.9,15.4,1.71,0.523,0.271,0.4,0.1
srv-0206,2026-09-06,16.8,28.3,24.2,61.3,71.7,68.1,19.7,36.5,10.8,8.9,0.98,0.297,0.241,0.2,0.1
srv-0208,2026-08-08,11.7,17.8,15.6,69.6,82.5,78.0,42.8,100.9,23.5,19.3,2.14,0.65,0.289,0.4,0.3
srv-0208,2026-08-09,13.3,18.1,16.4,71.0,85.2,80.2,55.7,128.8,30.6,25.1,2.79,0.523,0.479,0.3,0.2
srv-0208,2026-08-10,15.8,26.3,22.6,72.5,82.9,79.3,89.6,205.0,49.3,40.3,4.48,0.816,0.444,0.5,0.3
srv-0208,2026-08-11,17.8,27.4,24.1,74.3,84.7,81.1,84.1,152.6,46.2,37.8,4.2,0.906,0.365,0.4,0.3
srv-0208,2026-08-12,16.9,21.8,20.1,74.6,89.5,84.3,103.8,251.5,57.1,46.7,5.19,0.991,0.357,0.8,0.3
srv-0208,2026-08-13,20.1,29.6,26.3,75.2,87.4,83.1,82.9,193.0,45.6,37.3,4.14,0.97,0.606,0.6,0.2
srv-0208,2026-08-14,20.1,32.1,27.9,74.4,83.4,80.2,86.7,237.7,47.7,39.0,4.33,0.949,0.685,0.7,0.4
srv-0208,2026-08-15,12.6,19.9,17.3,70.7,81.4,77.6,62.2,157.8,34.2,28.0,3.11,0.521,0.275,0.2,0.1
srv-0208,2026-08-16,9.1,15.3,13.1,69.2,77.4,74.5,49.1,110.7,27.0,22.1,2.46,0.438,0.384,0.3,0.2
srv-0208,2026-08-17,17.6,29.7,25.5,75.1,82.2,79.7,113.4,241.4,62.4,51.0,5.67,0.606,0.775,0.5,0.4
srv-0208,2026-08-18,16.3,20.5,19.0,73.1,82.5,79.2,90.0,175.5,49.5,40.5,4.5,0.684,0.569,0.5,0.2
srv-0208,2026-08-19,15.5,24.8,21.6,73.6,81.7,78.9,69.9,139.6,38.5,31.5,3.5,0.542,0.376,0.5,0.3
srv-0208,2026-08-20,18.1,26.4,23.5,74.2,88.0,83.1,81.1,202.1,44.6,36.5,4.05,0.974,0.37,0.4,0.3
srv-0208,2026-08-21,16.9,24.7,21.9,73.7,81.6,78.8,100.4,202.6,55.2,45.2,5.02,0.923,0.469,0.6,0.2
srv-0208,2026-08-22,12.4,19.2,16.8,70.6,82.4,78.3,49.4,128.1,27.1,22.2,2.47,0.636,0.382,0.3,0.2
srv-0208,2026-08-23,11.8,18.7,16.3,69.4,79.8,76.2,44.6,120.7,24.5,20.1,2.23,0.488,0.38,0.3,0.3
srv-0208,2026-08-24,16.4,24.0,21.3,73.4,79.7,77.5,82.1,149.6,45.2,37.0,4.11,0.825,0.392,0.3,0.3
srv-0208,2026-08-25,16.6,26.9,23.3,73.9,86.1,81.8,81.6,171.7,44.9,36.7,4.08,0.854,0.425,0.3,0.2
srv-0208,2026-08-26,14.3,22.0,19.3,72.4,83.2,79.4,90.5,228.8,49.8,40.7,4.53,0.59,0.309,0.5,0.2
srv-0208,2026-08-27,20.0,29.7,26.3,74.8,88.7,83.8,76.5,206.1,42.1,34.4,3.82,1.127,0.558,1.0,0.5
srv-0208,2026-08-28,14.7,41.2,31.9,72.3,82.9,79.2,84.2,388.6,46.3,37.9,4.21,0.947,0.704,0.6,0.6
srv-0208,2026-08-29,10.5,17.1,14.8,69.8,77.9,75.1,50.7,102.8,27.9,22.8,2.53,0.437,0.367,0.2,0.3
srv-0208,2026-08-30,9.1,11.4,10.6,69.1,75.8,73.5,46.8,102.3,25.8,21.1,2.34,0.512,0.207,0.2,0.1
srv-0208,2026-08-31,15.6,20.5,18.8,73.0,80.7,78.0,74.2,151.2,40.8,33.4,3.71,0.787,0.501,0.4,0.2
srv-0208,2026-09-01,15.0,19.4,17.8,72.4,82.3,78.8,79.5,147.4,43.7,35.8,3.98,0.81,0.598,0.6,0.4
srv-0208,2026-09-02,17.8,27.7,24.2,73.3,84.2,80.4,90.3,194.8,49.7,40.6,4.51,0.505,0.437,0.2,0.3
srv-0208,2026-09-03,19.2,27.8,24.8,75.2,91.5,85.8,97.8,254.5,53.8,44.0,4.89,0.795,0.419,0.5,0.2
srv-0208,2026-09-04,15.9,24.1,21.2,72.2,81.0,77.9,71.2,157.7,39.2,32.0,3.56,0.621,0.488,0.4,0.3
srv-0208,2026-09-05,10.0,16.3,14.1,69.1,73.4,71.9,58.2,126.5,32.0,26.2,2.91,0.453,0.26,0.2,0.3
srv-0208,2026-09-06,11.5,15.8,14.3,70.5,83.1,78.7,65.0,122.6,35.7,29.2,3.25,0.518,0.47,0.3,0.5
srv-0210,2026-08-08,6.2,8.9,8.0,49.8,56.6,54.2,173.2,433.6,95.3,77.9,8.66,0.544,0.6,0.4,0.6
srv-0210,2026-08-09,7.4,11.1,9.8,50.2,55.2,53.5,181.6,425.6,99.9,81.7,9.08,0.592,0.482,0.5,0.2
srv-0210,2026-08-10,10.0,13.6,12.4,53.1,57.6,56.0,240.8,627.2,132.4,108.3,12.04,0.804,0.689,0.4,0.4
srv-0210,2026-08-11,11.3,18.4,15.9,52.3,55.6,54.4,167.6,322.4,92.2,75.4,8.38,0.712,0.806,0.3,0.7
srv-0210,2026-08-12,11.3,16.6,14.8,53.4,58.0,56.4,201.6,515.1,110.9,90.7,10.08,0.592,1.289,0.4,0.6
srv-0210,2026-08-13,9.3,14.6,12.7,51.5,61.6,58.1,214.3,533.7,117.8,96.4,10.71,0.385,0.979,0.2,0.6
srv-0210,2026-08-14,10.2,12.8,11.8,52.0,58.2,56.0,197.7,501.4,108.7,88.9,9.88,0.848,0.756,0.7,0.5
srv-0210,2026-08-15,7.1,9.2,8.4,49.4,52.8,51.6,146.0,381.5,80.3,65.7,7.3,0.484,0.535,0.3,0.2
srv-0210,2026-08-16,6.6,10.1,8.9,49.9,57.9,55.1,158.0,429.5,86.9,71.1,7.9,0.603,0.566,0.3,0.4
srv-0210,2026-08-17,10.0,14.8,13.1,52.1,58.5,56.3,166.7,308.0,91.7,75.0,8.33,0.812,1.089,0.4,1.1
srv-0210,2026-08-18,9.0,13.1,11.7,51.8,62.5,58.8,214.4,408.7,117.9,96.5,10.72,0.812,0.991,0.4,0.8
srv-0210,2026-08-19,11.2,17.6,15.4,52.9,58.9,56.8,241.4,529.9,132.8,108.7,12.07,0.624,1.068,0.3,0.4
srv-0210,2026-08-20,9.9,25.5,20.0,52.4,55.8,54.6,229.2,1009.6,126.1,103.2,11.46,1.535,1.205,0.7,0.8
srv-0210,2026-08-21,10.3,14.4,13.0,51.7,61.7,58.2,236.6,443.3,130.1,106.4,11.83,0.746,0.688,0.6,0.3
srv-0210,2026-08-22,5.9,8.9,7.8,49.6,59.4,55.9,159.5,351.6,87.7,71.8,7.97,0.418,0.33,0.3,0.2
srv-0210,2026-08-23,6.4,10.8,9.3,49.5,54.2,52.6,99.9,239.6,54.9,45.0,5.0,0.455,0.34,0.2,0.3
srv-0210,2026-08-24,9.6,27.6,21.3,52.7,55.6,54.6,181.1,594.5,99.6,81.5,9.06,0.878,1.788,0.4,1.8
srv-0210,2026-08-25,9.9,14.7,13.0,52.9,59.9,57.4,252.4,595.2,138.8,113.6,12.62,0.624,0.744,0.4,0.6
srv-0210,2026-08-26,9.8,13.2,12.0,51.4,58.9,56.3,152.5,381.0,83.9,68.6,7.63,0.758,0.987,0.5,0.4
srv-0210,2026-08-27,10.2,17.2,14.8,53.3,63.4,59.9,193.0,425.7,106.1,86.8,9.65,0.802,0.711,0.4,0.5
srv-0210,2026-08-28,8.4,21.1,16.6,51.6,62.0,58.3,153.4,639.0,84.4,69.0,7.67,1.379,1.615,1.0,1.1
srv-0210,2026-08-29,8.1,10.6,9.7,50.5,56.5,54.4,161.5,418.2,88.8,72.7,8.08,0.648,0.413,0.6,0.4
srv-0210,2026-08-30,6.7,8.5,7.9,50.0,53.2,52.1,132.9,348.8,73.1,59.8,6.64,0.5,0.741,0.3,0.6
srv-0210,2026-08-31,11.9,15.6,14.3,52.7,63.5,59.7,191.0,395.8,105.1,86.0,9.55,0.492,1.188,0.4,0.5
srv-0210,2026-09-01,11.8,17.8,15.7,53.6,64.6,60.8,275.2,656.6,151.4,123.9,13.76,0.721,0.996,0.7,0.4
srv-0210,2026-09-02,11.1,15.4,13.9,53.6,57.2,55.9,274.3,532.2,150.9,123.4,13.71,0.607,1.04,0.4,1.0
srv-0210,2026-09-03,8.2,10.9,10.0,51.6,58.3,56.0,168.3,420.2,92.6,75.7,8.41,0.478,0.461,0.2,0.2
srv-0210,2026-09-04,10.9,18.0,15.5,52.9,63.2,59.6,173.8,450.1,95.6,78.2,8.69,0.517,1.127,0.5,0.6
srv-0210,2026-09-05,6.2,9.2,8.2,49.3,53.0,51.7,138.7,367.8,76.3,62.4,6.93,0.475,0.418,0.2,0.2
srv-0210,2026-09-06,8.0,10.4,9.5,50.2,59.5,56.3,167.3,381.3,92.0,75.3,8.36,0.589,0.397,0.5,0.3
srv-0211,2026-08-08,20.9,27.2,25.0,74.4,83.0,80.0,75.7,171.5,41.6,34.1,3.79,0.195,0.392,0.1,0.2
srv-0211,2026-08-09,24.7,31.6,29.2,75.5,83.7,80.9,97.2,268.1,53.4,43.7,4.86,0.364,0.388,0.2,0.2
srv-0211,2026-08-10,35.7,60.2,51.6,78.6,94.9,89.2,127.3,351.7,70.0,57.3,6.36,0.499,0.401,0.4,0.2
srv-0211,2026-08-11,36.3,60.8,52.3,78.1,88.7,85.0,132.1,265.1,72.6,59.4,6.6,0.269,0.428,0.2,0.2
srv-0211,2026-08-12,35.1,99,76.6,77.3,81.8,80.2,89.3,436.5,49.1,40.2,4.47,0.668,0.608,0.6,0.6
srv-0211,2026-08-13,41.8,60.7,54.1,79.8,84.7,83.0,117.0,259.8,64.3,52.6,5.85,0.6,0.704,0.5,0.3
srv-0211,2026-08-14,34.9,43.7,40.6,77.9,86.2,83.3,122.7,230.3,67.5,55.2,6.14,0.491,0.347,0.4,0.3
srv-0211,2026-08-15,23.8,37.8,32.9,74.0,88.7,83.6,81.1,171.0,44.6,36.5,4.05,0.272,0.285,0.2,0.2
srv-0211,2026-08-16,29.5,43.5,38.6,75.7,88.7,84.1,69.7,175.0,38.3,31.4,3.48,0.287,0.445,0.1,0.3
srv-0211,2026-08-17,34.3,53.6,46.8,80.1,93.0,88.5,130.5,238.7,71.8,58.7,6.52,0.537,0.567,0.2,0.5
srv-0211,2026-08-18,41.6,55.3,50.5,79.8,96.5,90.7,146.2,389.4,80.4,65.8,7.31,0.391,0.419,0.2,0.3
srv-0211,2026-08-19,37.5,51.4,46.6,79.0,88.6,85.2,135.8,321.5,74.7,61.1,6.79,0.359,0.457,0.2,0.4
srv-0211,2026-08-20,44.2,65.0,57.7,79.9,89.8,86.3,165.6,442.8,91.1,74.5,8.28,0.626,0.66,0.4,0.3
srv-0211,2026-08-21,29.4,46.3,40.4,77.6,94.4,88.5,88.4,174.3,48.6,39.8,4.42,0.26,0.637,0.2,0.5
srv-0211,2026-08-22,22.3,28.7,26.4,75.3,90.2,84.9,68.2,153.7,37.5,30.7,3.41,0.311,0.256,0.2,0.2
srv-0211,2026-08-23,22.5,32.0,28.7,74.7,89.5,84.3,81.2,216.9,44.7,36.5,4.06,0.203,0.337,0.2,0.2
srv-0211,2026-08-24,33.9,51.4,45.3,79.0,90.7,86.6,97.0,174.6,53.3,43.6,4.85,0.377,0.72,0.2,0.4
srv-0211,2026-08-25,43.1,64.9,57.3,79.9,93.6,88.8,100.4,183.1,55.2,45.2,5.02,0.368,0.728,0.3,0.7
srv-0211,2026-08-26,33.0,91.4,71.0,78.9,87.5,84.5,136.2,489.6,74.9,61.3,6.81,0.622,1.019,0.3,0.7
srv-0211,2026-08-27,30.7,40.8,37.3,77.3,85.1,82.4,90.3,170.8,49.7,40.6,4.51,0.468,0.373,0.3,0.2
srv-0211,2026-08-28,43.5,56.7,52.1,80.0,91.1,87.2,152.3,361.8,83.8,68.5,7.62,0.318,0.66,0.2,0.4
srv-0211,2026-08-29,20.6,31.3,27.6,74.9,91.2,85.5,76.8,168.8,42.2,34.6,3.84,0.372,0.437,0.1,0.4
srv-0211,2026-08-30,27.8,38.2,34.6,75.4,82.0,79.7,88.3,223.2,48.6,39.8,4.42,0.336,0.412,0.2,0.3
srv-0211,2026-08-31,29.8,42.7,38.2,77.8,89.1,85.2,85.0,178.8,46.7,38.2,4.25,0.511,0.31,0.4,0.2
srv-0211,2026-09-01,38.1,48.6,44.9,78.4,85.8,83.2,93.3,199.5,51.3,42.0,4.67,0.529,0.568,0.4,0.4
srv-0211,2026-09-02,34.5,47.3,42.8,77.7,89.4,85.3,99.5,189.6,54.7,44.8,4.97,0.432,0.561,0.2,0.5
srv-0211,2026-09-03,33.3,54.6,47.2,79.3,86.1,83.7,103.0,186.9,56.6,46.3,5.15,0.508,0.498,0.3,0.3
srv-0211,2026-09-04,32.2,47.0,41.8,77.1,84.4,81.9,88.5,213.4,48.7,39.8,4.43,0.261,0.399,0.1,0.2
srv-0211,2026-09-05,26.2,36.6,33.0,74.8,86.1,82.1,72.5,178.9,39.9,32.6,3.62,0.242,0.26,0.2,0.2
srv-0211,2026-09-06,17.6,27.9,24.3,73.8,79.1,77.3,69.4,170.9,38.2,31.2,3.47,0.325,0.307,0.3,0.2
srv-0212,2026-08-08,15.3,23.1,20.4,77.3,84.0,81.6,32.1,74.4,17.6,14.4,1.6,0.222,0.403,0.2,0.2
srv-0212,2026-08-09,15.6,25.5,22.0,76.6,83.2,80.9,27.4,66.3,15.1,12.3,1.37,0.341,0.271,0.2,0.2
srv-0212,2026-08-10,28.3,46.1,39.9,83.3,93.5,89.9,53.0,145.8,29.1,23.8,2.65,0.584,0.515,0.2,0.5
srv-0212,2026-08-11,28.2,43.0,37.8,81.5,93.0,89.0,64.4,149.4,35.4,29.0,3.22,0.527,0.51,0.2,0.2
srv-0212,2026-08-12,29.3,45.4,39.8,81.7,96.9,91.6,72.3,152.2,39.7,32.5,3.61,0.661,0.439,0.5,0.2
srv-0212,2026-08-13,28.8,39.4,35.7,82.4,87.4,85.6,72.7,164.2,40.0,32.7,3.64,0.458,0.717,0.4,0.6
srv-0212,2026-08-14,26.4,36.7,33.1,80.4,92.6,88.3,43.2,91.7,23.7,19.4,2.16,0.29,0.558,0.2,0.4
srv-0212,2026-08-15,18.7,28.4,25.0,77.7,89.6,85.5,38.5,72.2,21.2,17.3,1.92,0.417,0.378,0.2,0.2
srv-0212,2026-08-16,20.3,32.0,27.9,77.7,88.2,84.5,44.7,93.9,24.6,20.1,2.23,0.457,0.422,0.4,0.2
srv-0212,2026-08-17,28.1,37.0,33.9,81.6,88.3,85.9,71.0,175.9,39.0,31.9,3.55,0.562,0.494,0.4,0.4
srv-0212,2026-08-18,27.2,41.2,36.3,82.2,89.7,87.1,77.8,209.0,42.8,35.0,3.89,0.556,0.542,0.2,0.3
srv-0212,2026-08-19,30.5,50.1,43.2,82.9,99,93.4,73.4,194.3,40.4,33.0,3.67,0.413,0.536,0.2,0.4
srv-0212,2026-08-20,26.6,42.4,36.9,80.7,86.0,84.1,52.5,135.4,28.9,23.6,2.63,0.405,0.447,0.3,0.2
srv-0212,2026-08-21,25.2,61.4,48.7,82.3,98.6,92.9,51.8,213.6,28.5,23.3,2.59,0.604,1.033,0.2,0.8
srv-0212,2026-08-22,17.2,22.6,20.7,77.3,90.1,85.6,39.2,82.6,21.5,17.6,1.96,0.4,0.35,0.2,0.2
srv-0212,2026-08-23,16.6,24.0,21.5,77.5,85.0,82.4,41.9,89.3,23.1,18.9,2.1,0.377,0.206,0.3,0.2
srv-0212,2026-08-24,23.9,38.7,33.5,80.4,97.1,91.3,68.0,151.1,37.4,30.6,3.4,0.297,0.553,0.3,0.4
srv-0212,2026-08-25,29.4,49.7,42.6,81.9,86.8,85.1,59.1,142.4,32.5,26.6,2.95,0.684,0.521,0.5,0.4
srv-0212,2026-08-26,29.6,67.6,54.3,83.5,99,93.6,75.9,317.2,41.8,34.2,3.8,0.928,0.897,0.3,0.5
srv-0212,2026-08-27,26.7,44.3,38.1,80.6,91.5,87.7,65.5,145.5,36.0,29.5,3.27,0.56,0.477,0.5,0.4
srv-0212,2026-08-28,30.2,50.7,43.5,81.8,97.2,91.8,73.4,139.7,40.4,33.0,3.67,0.572,0.33,0.5,0.3
srv-0212,2026-08-29,18.5,27.1,24.1,77.1,91.4,86.4,33.1,63.3,18.2,14.9,1.66,0.347,0.413,0.2,0.2
srv-0212,2026-08-30,16.8,25.4,22.4,77.5,93.8,88.1,45.6,120.9,25.1,20.5,2.28,0.308,0.343,0.1,0.2
srv-0212,2026-08-31,27.2,36.6,33.3,81.8,98.6,92.7,63.9,171.9,35.2,28.8,3.2,0.415,0.356,0.4,0.3
srv-0212,2026-09-01,26.9,37.0,33.5,81.6,96.5,91.3,64.0,176.8,35.2,28.8,3.2,0.529,0.476,0.4,0.4
srv-0212,2026-09-02,32.9,55.2,47.4,82.9,88.1,86.3,72.6,175.9,39.9,32.7,3.63,0.413,0.397,0.2,0.2
srv-0212,2026-09-03,29.0,47.1,40.8,82.6,88.3,86.3,63.4,129.3,34.9,28.5,3.17,0.386,0.534,0.3,0.3
srv-0212,2026-09-04,25.4,40.1,35.0,80.5,91.1,87.4,57.0,136.4,31.4,25.7,2.85,0.571,0.57,0.4,0.4
srv-0212,2026-09-05,22.7,32.7,29.2,78.7,84.5,82.5,34.6,96.3,19.0,15.6,1.73,0.485,0.452,0.3,0.4
srv-0212,2026-09-06,19.6,25.8,23.7,78.1,91.6,86.9,33.6,74.7,18.5,15.1,1.68,0.338,0.45,0.2,0.2
srv-0213,2026-08-08,7.0,10.2,9.1,57.0,62.4,60.5,71.0,154.7,39.0,31.9,3.55,0.463,0.505,0.3,0.4
srv-0213,2026-08-09,6.8,9.9,8.8,57.0,64.0,61.6,65.4,152.3,36.0,29.5,3.27,0.612,0.521,0.4,0.2
srv-0213,2026-08-10,8.7,12.0,10.8,59.2,63.8,62.2,112.2,206.9,61.7,50.5,5.61,0.654,0.537,0.5,0.3
srv-0213,2026-08-11,12.2,17.3,15.5,60.2,71.3,67.4,134.9,359.9,74.2,60.7,6.74,0.919,0.428,0.6,0.4
srv-0213,2026-08-12,11.2,16.7,14.8,60.4,66.3,64.2,143.3,340.0,78.8,64.5,7.17,0.918,0.789,0.8,0.6
srv-0213,2026-08-13,12.4,21.0,18.0,60.8,64.4,63.1,131.9,262.9,72.5,59.4,6.59,0.964,0.514,0.8,0.5
srv-0213,2026-08-14,10.5,16.2,14.2,60.1,69.1,66.0,124.5,308.9,68.5,56.0,6.22,0.608,0.615,0.5,0.6
srv-0213,2026-08-15,7.7,9.8,9.1,57.3,67.2,63.7,91.1,244.4,50.1,41.0,4.56,0.411,0.408,0.3,0.3
srv-0213,2026-08-16,6.8,9.4,8.5,57.3,69.1,64.9,86.6,235.9,47.6,39.0,4.33,0.581,0.412,0.4,0.2
srv-0213,2026-08-17,9.1,20.6,16.6,59.4,69.1,65.7,104.8,453.5,57.6,47.1,5.24,1.485,0.663,0.9,0.3
srv-0213,2026-08-18,10.0,14.6,13.0,60.5,69.8,66.5,108.8,208.2,59.8,49.0,5.44,0.544,0.749,0.2,0.7
srv-0213,2026-08-19,11.5,19.1,16.5,61.0,71.2,67.6,122.0,223.5,67.1,54.9,6.1,0.602,0.594,0.4,0.2
srv-0213,2026-08-20,10.4,14.3,13.0,59.2,65.3,63.1,94.8,226.4,52.2,42.7,4.74,0.515,0.363,0.2,0.2
srv-0213,2026-08-21,12.6,19.6,17.2,61.1,67.2,65.1,104.6,193.4,57.5,47.1,5.23,0.549,0.683,0.5,0.5
srv-0213,2026-08-22,6.9,11.0,9.6,56.3,65.5,62.2,51.1,93.9,28.1,23.0,2.56,0.365,0.388,0.3,0.2
srv-0213,2026-08-23,6.3,8.3,7.6,56.7,66.0,62.7,84.3,235.4,46.4,37.9,4.22,0.602,0.426,0.3,0.3
srv-0213,2026-08-24,10.4,15.0,13.4,59.6,66.2,63.9,98.3,250.7,54.1,44.2,4.92,0.561,0.514,0.2,0.4
srv-0213,2026-08-25,10.4,13.9,12.7,60.6,70.8,67.2,106.6,257.1,58.6,48.0,5.33,0.924,0.545,0.6,0.3
srv-0213,2026-08-26,10.4,17.0,14.7,60.4,66.9,64.7,127.0,265.9,69.9,57.2,6.35,0.507,0.512,0.4,0.5
srv-0213,2026-08-27,9.6,14.6,12.8,59.0,66.9,64.1,104.0,282.4,57.2,46.8,5.2,0.447,0.638,0.4,0.5
srv-0213,2026-08-28,10.5,13.8,12.6,59.0,63.6,62.0,100.1,256.8,55.1,45.1,5.01,0.625,0.561,0.3,0.3
srv-0213,2026-08-29,6.7,9.6,8.6,56.2,66.3,62.7,48.3,123.1,26.6,21.7,2.42,0.348,0.266,0.3,0.2
srv-0213,2026-08-30,6.6,11.0,9.5,56.1,60.0,58.6,72.1,198.1,39.7,32.4,3.6,0.536,0.413,0.5,0.4
srv-0213,2026-08-31,10.1,13.3,12.2,59.0,68.7,65.3,110.6,269.9,60.8,49.8,5.53,0.648,0.691,0.5,0.6
srv-0213,2026-09-01,9.5,14.0,12.4,60.1,73.0,68.5,94.3,234.1,51.9,42.4,4.72,0.645,0.481,0.4,0.3
srv-0213,2026-09-02,11.5,18.1,15.8,60.1,69.6,66.2,133.3,327.7,73.3,60.0,6.67,0.918,0.47,0.4,0.3
srv-0213,2026-09-03,10.3,16.6,14.4,60.2,68.1,65.3,97.9,263.1,53.8,44.0,4.89,0.879,0.413,0.6,0.2
srv-0213,2026-09-04,10.9,14.4,13.2,59.5,63.7,62.2,90.7,184.8,49.9,40.8,4.54,0.549,0.532,0.4,0.5
srv-0213,2026-09-05,6.4,16.6,13.1,56.8,60.7,59.4,69.5,286.9,38.2,31.3,3.48,0.887,0.753,0.5,0.7
srv-0213,2026-09-06,8.4,13.5,11.7,57.6,61.7,60.2,85.2,221.0,46.9,38.4,4.26,0.403,0.294,0.2,0.1
srv-0215,2026-08-08,14.3,20.0,18.0,51.0,60.5,57.2,25.7,58.8,14.1,11.6,1.28,0.36,0.42,0.2,0.4
srv-0215,2026-08-09,14.5,20.4,18.3,51.6,56.0,54.5,28.4,57.4,15.6,12.8,1.42,0.73,0.748,0.6,0.7
srv-0215,2026-08-10,28.2,42.2,37.3,55.1,58.8,57.5,51.6,141.3,28.4,23.2,2.58,0.931,0.656,0.4,0.4
srv-0215,2026-08-11,21.9,36.4,31.4,54.4,64.5,61.0,58.9,115.4,32.4,26.5,2.95,0.898,1.044,0.7,0.7
srv-0215,2026-08-12,27.6,46.7,40.0,55.0,65.1,61.6,38.8,76.6,21.3,17.5,1.94,1.119,0.631,0.6,0.4
srv-0215,2026-08-13,29.0,38.7,35.3,54.7,66.1,62.1,48.0,115.7,26.4,21.6,2.4,1.079,0.629,0.6,0.4
srv-0215,2026-08-14,25.1,41.2,35.6,54.9,60.2,58.3,62.2,169.3,34.2,28.0,3.11,0.977,1.111,0.8,0.9
srv-0215,2026-08-15,14.3,20.5,18.4,50.6,57.6,55.2,22.4,61.0,12.3,10.1,1.12,0.311,0.295,0.3,0.2
srv-0215,2026-08-16,15.3,19.6,18.1,50.9,56.3,54.4,33.2,66.7,18.2,14.9,1.66,0.304,0.608,0.2,0.4
srv-0215,2026-08-17,20.2,28.1,25.4,53.0,63.4,59.8,34.7,73.8,19.1,15.6,1.74,0.762,0.546,0.7,0.3
srv-0215,2026-08-18,23.4,29.6,27.4,53.3,62.5,59.3,41.9,96.0,23.0,18.8,2.09,0.516,0.792,0.3,0.6
srv-0215,2026-08-19,25.6,38.1,33.7,54.0,62.1,59.2,53.7,148.1,29.5,24.2,2.69,0.713,0.733,0.4,0.6
srv-0215,2026-08-20,22.3,34.2,30.1,53.3,59.7,57.5,47.1,103.0,25.9,21.2,2.36,0.584,0.907,0.2,0.6
srv-0215,2026-08-21,27.7,46.2,39.8,54.9,66.0,62.1,49.9,121.4,27.5,22.5,2.5,0.731,0.66,0.4,0.4
srv-0215,2026-08-22,14.7,19.1,17.6,51.3,58.9,56.2,30.4,61.7,16.7,13.7,1.52,0.436,0.532,0.3,0.3
srv-0215,2026-08-23,15.7,26.4,22.7,51.9,59.3,56.7,26.1,71.4,14.4,11.8,1.31,0.46,0.431,0.2,0.4
srv-0215,2026-08-24,22.9,38.6,33.1,53.2,61.5,58.6,30.8,64.6,16.9,13.9,1.54,0.732,0.511,0.4,0.3
srv-0215,2026-08-25,25.7,37.4,33.3,54.6,63.0,60.1,38.3,82.2,21.1,17.3,1.92,0.569,1.136,0.4,0.8
srv-0215,2026-08-26,24.2,39.9,34.4,53.7,63.0,59.7,35.9,67.0,19.8,16.2,1.8,0.625,0.578,0.3,0.4
srv-0215,2026-08-27,22.2,29.6,27.0,53.5,58.4,56.7,35.0,89.5,19.3,15.8,1.75,0.825,0.812,0.5,0.5
srv-0215,2026-08-28,29.8,44.3,39.2,54.9,62.1,59.6,47.8,88.7,26.3,21.5,2.39,0.788,1.105,0.6,0.7
srv-0215,2026-08-29,16.6,26.7,23.2,51.3,58.6,56.1,23.3,51.6,12.8,10.5,1.17,0.634,0.48,0.6,0.2
srv-0215,2026-08-30,14.6,24.7,21.1,51.3,54.2,53.2,26.9,58.2,14.8,12.1,1.34,0.592,0.543,0.3,0.4
srv-0215,2026-08-31,23.8,34.3,30.6,53.5,63.6,60.0,52.8,108.7,29.0,23.8,2.64,0.727,0.801,0.4,0.7
srv-0215,2026-09-01,20.5,28.6,25.8,52.9,62.1,58.9,37.7,96.3,20.7,17.0,1.89,0.647,0.446,0.3,0.3
srv-0215,2026-09-02,21.8,34.1,29.8,53.6,64.7,60.8,48.7,115.7,26.8,21.9,2.43,0.688,0.494,0.4,0.2
srv-0215,2026-09-03,24.7,38.7,33.8,54.9,60.6,58.6,56.1,155.6,30.8,25.2,2.8,0.68,1.156,0.3,0.8
srv-0215,2026-09-04,22.1,36.9,31.7,53.4,59.3,57.2,40.0,93.9,22.0,18.0,2.0,0.451,0.87,0.2,0.5
srv-0215,2026-09-05,15.9,48.5,37.1,50.9,61.2,57.6,31.2,110.9,17.2,14.0,1.56,0.555,0.952,0.5,0.7
srv-0215,2026-09-06,16.5,26.4,22.9,51.8,54.4,53.5,26.3,47.9,14.5,11.8,1.31,0.523,0.633,0.4,0.5
srv-0217,2026-08-08,9.9,16.4,14.1,28.0,29.7,29.1,49.2,105.9,27.1,22.2,2.46,0.209,0.593,0.2,0.5
srv-0217,2026-08-09,10.9,14.4,13.2,27.8,31.5,30.2,42.2,86.4,23.2,19.0,2.11,0.347,0.446,0.2,0.3
srv-0217,2026-08-10,21.9,30.4,27.4,30.1,35.7,33.8,87.4,169.9,48.1,39.3,4.37,0.343,1.058,0.2,1.0
srv-0217,2026-08-11,15.5,23.3,20.5,29.5,33.2,31.9,67.2,181.4,37.0,30.2,3.36,0.462,1.032,0.4,0.6
srv-0217,2026-08-12,20.4,30.4,26.9,29.7,33.3,32.0,77.8,202.6,42.8,35.0,3.89,0.594,0.665,0.3,0.6
srv-0217,2026-08-13,15.6,20.3,18.6,29.7,33.7,32.3,95.4,173.1,52.5,42.9,4.77,0.521,0.656,0.3,0.6
srv-0217,2026-08-14,17.9,27.4,24.1,29.6,35.4,33.4,85.3,181.5,46.9,38.4,4.26,0.5,0.895,0.2,0.9
srv-0217,2026-08-15,10.6,17.0,14.8,27.9,30.7,29.7,38.1,71.9,20.9,17.1,1.9,0.227,0.476,0.1,0.4
srv-0217,2026-08-16,12.7,20.7,17.9,28.4,33.6,31.8,56.1,138.3,30.8,25.2,2.8,0.419,0.571,0.2,0.3
srv-0217,2026-08-17,17.2,24.6,22.0,30.1,33.0,32.0,65.4,130.2,36.0,29.4,3.27,0.362,0.689,0.2,0.5
srv-0217,2026-08-18,15.4,19.8,18.3,29.2,31.7,30.8,59.1,111.9,32.5,26.6,2.96,0.491,0.856,0.3,0.6
srv-0217,2026-08-19,19.3,29.2,25.8,29.9,33.2,32.0,75.4,210.7,41.5,33.9,3.77,0.528,1.001,0.3,0.8
srv-0217,2026-08-20,19.7,27.5,24.7,30.1,32.8,31.8,72.0,159.1,39.6,32.4,3.6,0.666,0.89,0.3,0.9
srv-0217,2026-08-21,16.8,25.0,22.2,29.7,34.7,33.0,87.5,241.5,48.1,39.4,4.38,0.329,0.602,0.1,0.5
srv-0217,2026-08-22,10.7,14.8,13.4,27.9,32.3,30.8,53.1,103.9,29.2,23.9,2.65,0.379,0.6,0.2,0.6
srv-0217,2026-08-23,10.8,15.9,14.1,28.2,32.3,30.9,42.5,115.7,23.4,19.1,2.13,0.342,0.612,0.2,0.3
srv-0217,2026-08-24,15.1,22.5,19.9,29.1,35.4,33.2,52.3,99.4,28.8,23.5,2.62,0.348,0.532,0.3,0.4
srv-0217,2026-08-25,16.6,24.8,21.9,29.2,32.1,31.1,68.0,147.4,37.4,30.6,3.4,0.287,0.704,0.2,0.3
srv-0217,2026-08-26,17.1,24.2,21.7,29.4,31.9,31.0,58.3,112.8,32.1,26.3,2.92,0.603,1.027,0.2,0.4
srv-0217,2026-08-27,19.5,24.5,22.8,29.5,35.7,33.5,87.7,221.5,48.2,39.5,4.39,0.463,0.686,0.3,0.4
srv-0217,2026-08-28,19.5,28.8,25.6,29.7,35.3,33.4,92.8,172.3,51.0,41.8,4.64,0.424,0.743,0.3,0.7
srv-0217,2026-08-29,11.4,15.5,14.1,27.9,30.6,29.7,36.5,66.8,20.1,16.4,1.83,0.37,0.482,0.3,0.5
srv-0217,2026-08-30,12.9,18.8,16.7,28.2,31.6,30.4,43.6,114.4,24.0,19.6,2.18,0.354,0.743,0.2,0.6
srv-0217,2026-08-31,19.9,25.7,23.7,30.3,32.1,31.5,95.7,235.3,52.7,43.1,4.79,0.685,0.956,0.5,0.5
srv-0217,2026-09-01,15.2,23.5,20.6,29.4,35.7,33.5,86.7,194.4,47.7,39.0,4.33,0.394,0.597,0.4,0.6
srv-0217,2026-09-02,21.0,26.5,24.6,29.8,35.5,33.5,87.5,190.2,48.1,39.4,4.38,0.409,0.757,0.4,0.5
srv-0217,2026-09-03,17.3,27.4,23.9,29.2,30.9,30.3,63.2,164.9,34.8,28.4,3.16,0.472,0.51,0.3,0.4
srv-0217,2026-09-04,19.6,27.4,24.7,30.2,35.5,33.6,66.0,131.6,36.3,29.7,3.3,0.718,0.856,0.5,0.8
srv-0217,2026-09-05,11.4,15.6,14.1,27.8,30.4,29.5,42.2,109.9,23.2,19.0,2.11,0.365,0.56,0.3,0.5
srv-0217,2026-09-06,9.9,12.9,11.9,27.8,30.9,29.8,40.2,91.4,22.1,18.1,2.01,0.276,0.303,0.2,0.2
srv-0218,2026-08-08,20.3,27.3,24.9,85.4,97.0,92.9,36.0,65.7,19.8,16.2,1.8,0.27,0.348,0.2,0.3
srv-0218,2026-08-09,21.6,35.5,30.6,87.0,99,94.8,45.7,123.3,25.1,20.5,2.28,0.49,0.484,0.2,0.3
srv-0218,2026-08-10,33.0,56.1,48.0,89.6,99,95.7,67.3,146.7,37.0,30.3,3.37,0.682,0.728,0.3,0.3
srv-0218,2026-08-11,45.3,99,80.2,93.2,99,97.0,64.3,217.0,35.4,28.9,3.21,1.191,1.723,1.1,1.3
srv-0218,2026-08-12,33.3,50.1,44.2,89.7,99,95.7,62.0,117.7,34.1,27.9,3.1,0.73,0.636,0.3,0.5
srv-0218,2026-08-13,38.1,49.1,45.2,91.0,99,96.2,70.6,193.8,38.9,31.8,3.53,0.47,0.745,0.3,0.5
srv-0218,2026-08-14,28.2,35.7,33.1,89.6,95.8,93.6,43.7,99.2,24.1,19.7,2.19,0.403,0.74,0.2,0.5
srv-0218,2026-08-15,25.8,37.0,33.1,87.3,98.3,94.5,47.0,86.5,25.8,21.1,2.35,0.578,0.277,0.5,0.2
srv-0218,2026-08-16,26.5,38.8,34.5,86.8,93.7,91.3,51.2,92.5,28.2,23.0,2.56,0.365,0.329,0.2,0.2
srv-0218,2026-08-17,38.6,56.2,50.1,92.9,99,96.9,77.4,181.8,42.6,34.9,3.87,0.637,0.435,0.3,0.3
srv-0218,2026-08-18,39.6,60.6,53.3,92.2,99,96.6,79.1,162.8,43.5,35.6,3.95,0.509,0.423,0.4,0.3
srv-0218,2026-08-19,36.9,53.2,47.5,91.3,96.4,94.6,64.4,174.2,35.4,29.0,3.22,0.522,0.626,0.4,0.5
srv-0218,2026-08-20,43.7,57.3,52.5,93.3,99,97.0,89.9,239.4,49.5,40.5,4.5,0.8,0.813,0.4,0.5
srv-0218,2026-08-21,32.5,41.9,38.6,89.5,98.4,95.2,45.5,118.4,25.0,20.5,2.27,0.507,0.423,0.3,0.2
srv-0218,2026-08-22,23.8,36.1,31.8,87.2,92.3,90.5,37.0,78.4,20.3,16.6,1.85,0.274,0.537,0.3,0.4
srv-0218,2026-08-23,23.1,33.3,29.7,85.5,99,94.3,36.3,88.7,20.0,16.3,1.81,0.302,0.407,0.2,0.4
srv-0218,2026-08-24,40.5,92.9,74.6,92.4,99,96.7,73.4,333.1,40.4,33.0,3.67,1.256,1.403,1.2,0.8
srv-0218,2026-08-25,37.0,48.6,44.5,90.5,99,96.0,45.8,126.7,25.2,20.6,2.29,0.427,0.468,0.2,0.5
srv-0218,2026-08-26,34.0,57.3,49.2,91.1,99,96.2,58.3,115.8,32.0,26.2,2.91,0.592,0.549,0.3,0.3
srv-0218,2026-08-27,41.5,58.6,52.6,92.3,99,96.6,79.2,212.3,43.5,35.6,3.96,0.738,0.652,0.4,0.5
srv-0218,2026-08-28,32.0,45.7,40.9,89.9,99,95.8,62.5,171.5,34.4,28.1,3.13,0.462,0.493,0.2,0.2
srv-0218,2026-08-29,21.6,30.5,27.4,86.4,94.1,91.4,36.7,76.3,20.2,16.5,1.84,0.331,0.352,0.2,0.3
srv-0218,2026-08-30,20.3,32.7,28.3,86.3,96.7,93.1,31.3,73.8,17.2,14.1,1.56,0.465,0.345,0.3,0.3
srv-0218,2026-08-31,37.0,56.8,49.9,91.1,99,96.2,51.0,135.7,28.0,22.9,2.55,0.746,0.598,0.6,0.3
srv-0218,2026-09-01,35.1,52.5,46.4,89.5,99,95.7,61.0,116.6,33.6,27.5,3.05,0.461,0.499,0.4,0.4
srv-0218,2026-09-02,44.2,72.3,62.5,92.3,99,96.7,54.5,140.8,30.0,24.5,2.72,0.876,0.689,0.4,0.4
srv-0218,2026-09-03,40.6,66.7,57.6,92.0,97.4,95.5,53.9,129.7,29.7,24.3,2.7,0.453,0.451,0.3,0.2
srv-0218,2026-09-04,40.0,64.5,56.0,92.8,99,96.8,69.9,136.4,38.5,31.5,3.5,0.84,0.709,0.6,0.3
srv-0218,2026-09-05,23.1,31.0,28.3,87.0,99,94.8,40.5,90.5,22.3,18.2,2.03,0.488,0.33,0.3,0.2
srv-0218,2026-09-06,25.2,41.6,35.9,86.4,99,94.6,44.0,120.6,24.2,19.8,2.2,0.475,0.28,0.4,0.2
srv-0220,2026-08-08,19.3,24.2,22.5,41.6,50.2,47.2,41.6,76.4,22.9,18.7,2.08,0.333,0.416,0.3,0.2
srv-0220,2026-08-09,19.2,57.2,43.9,41.6,43.8,43.0,31.8,138.4,17.5,14.3,1.59,0.928,1.107,0.5,0.6
srv-0220,2026-08-10,25.1,32.9,30.2,43.5,51.7,48.9,72.0,186.1,39.6,32.4,3.6,0.717,0.922,0.6,0.8
srv-0220,2026-08-11,30.0,50.8,43.5,44.3,51.3,48.9,77.6,148.5,42.7,34.9,3.88,1.069,1.072,1.0,0.9
srv-0220,2026-08-12,36.3,48.3,44.1,44.3,48.1,46.8,72.2,148.1,39.7,32.5,3.61,1.006,0.607,0.6,0.4
srv-0220,2026-08-13,34.9,99,76.6,44.3,46.9,46.0,79.9,372.7,43.9,36.0,3.99,1.329,1.643,0.5,1.2
srv-0220,2026-08-14,25.7,36.1,32.4,43.4,50.0,47.7,72.5,138.4,39.9,32.6,3.62,0.929,0.808,0.7,0.5
srv-0220,2026-08-15,20.3,31.5,27.6,42.2,45.0,44.0,39.0,94.9,21.5,17.6,1.95,0.427,0.434,0.4,0.2
srv-0220,2026-08-16,18.6,28.2,24.9,42.1,49.2,46.7,38.0,84.2,20.9,17.1,1.9,0.705,0.507,0.6,0.3
srv-0220,2026-08-17,31.3,47.2,41.7,43.7,47.9,46.4,56.3,136.3,31.0,25.3,2.82,1.011,0.744,0.4,0.7
srv-0220,2026-08-18,32.3,45.7,41.0,44.7,49.6,47.9,58.1,135.3,31.9,26.1,2.9,0.885,0.589,0.6,0.5
srv-0220,2026-08-19,31.4,40.7,37.5,43.9,47.2,46.0,63.3,124.0,34.8,28.5,3.17,0.509,0.984,0.3,0.7
srv-0220,2026-08-20,36.0,58.4,50.6,44.4,50.9,48.6,53.7,103.8,29.6,24.2,2.69,0.993,0.586,0.7,0.4
srv-0220,2026-08-21,26.9,34.2,31.7,43.4,48.8,46.9,62.4,146.6,34.3,28.1,3.12,0.62,0.75,0.2,0.5
srv-0220,2026-08-22,21.1,32.5,28.5,42.5,50.5,47.7,54.0,135.1,29.7,24.3,2.7,0.717,0.665,0.6,0.4
srv-0220,2026-08-23,24.8,41.8,35.8,42.5,48.8,46.6,44.3,100.1,24.4,19.9,2.21,0.57,0.415,0.3,0.2
srv-0220,2026-08-24,32.3,48.8,43.0,44.3,48.3,46.9,72.4,161.5,39.8,32.6,3.62,1.089,0.937,0.7,0.8
srv-0220,2026-08-25,39.0,56.8,50.6,45.1,50.5,48.6,91.8,249.8,50.5,41.3,4.59,0.7,1.298,0.6,1.2
srv-0220,2026-08-26,32.9,51.9,45.3,44.0,50.1,48.0,73.4,170.4,40.4,33.0,3.67,0.914,0.963,0.4,0.8
srv-0220,2026-08-27,30.2,38.4,35.5,44.4,47.6,46.5,68.2,138.9,37.5,30.7,3.41,1.137,0.622,0.6,0.6
srv-0220,2026-08-28,36.4,53.1,47.3,45.1,53.2,50.3,69.4,137.9,38.2,31.2,3.47,0.971,0.655,0.9,0.6
srv-0220,2026-08-29,19.5,32.9,28.2,41.6,44.4,43.4,37.8,100.0,20.8,17.0,1.89,0.614,0.372,0.3,0.2
srv-0220,2026-08-30,17.4,28.9,24.9,41.6,50.6,47.4,32.8,86.9,18.0,14.7,1.64,0.535,0.429,0.3,0.4
srv-0220,2026-08-31,33.0,52.1,45.4,44.7,48.8,47.4,57.7,144.9,31.7,26.0,2.89,1.172,1.131,1.0,1.2
srv-0220,2026-09-01,35.8,50.9,45.6,44.5,50.4,48.3,54.4,134.4,29.9,24.5,2.72,0.964,0.727,0.4,0.3
srv-0220,2026-09-02,34.7,50.9,45.2,44.3,53.3,50.2,66.1,150.7,36.4,29.8,3.31,0.555,0.567,0.2,0.2
srv-0220,2026-09-03,34.8,49.8,44.5,44.5,51.7,49.2,60.2,118.0,33.1,27.1,3.01,0.605,0.686,0.4,0.6
srv-0220,2026-09-04,30.0,51.0,43.6,44.7,53.0,50.1,65.0,144.3,35.7,29.2,3.25,0.868,0.999,0.8,0.6
srv-0220,2026-09-05,17.1,22.2,20.4,41.5,45.0,43.8,36.2,73.7,19.9,16.3,1.81,0.591,0.665,0.4,0.4
srv-0220,2026-09-06,23.2,36.2,31.6,42.0,47.7,45.7,43.7,96.0,24.0,19.7,2.18,0.412,0.484,0.2,0.3
srv-0222,2026-08-08,11.1,15.4,13.9,74.5,83.1,80.1,33.3,63.4,18.3,15.0,1.66,0.427,0.538,0.2,0.5
srv-0222,2026-08-09,11.6,15.4,14.1,75.3,87.4,83.1,34.9,70.7,19.2,15.7,1.74,0.614,0.416,0.3,0.4
srv-0222,2026-08-10,15.7,21.1,19.2,76.9,81.8,80.1,37.9,75.2,20.8,17.0,1.89,0.491,0.364,0.2,0.2
srv-0222,2026-08-11,15.2,20.9,18.9,77.7,87.1,83.8,45.7,113.2,25.1,20.5,2.28,0.913,0.46,0.7,0.2
srv-0222,2026-08-12,19.2,28.2,25.0,78.8,90.2,86.2,34.4,84.6,18.9,15.5,1.72,0.888,0.598,0.6,0.6
srv-0222,2026-08-13,17.7,42.5,33.8,77.2,91.2,86.3,43.1,146.6,23.7,19.4,2.15,1.533,0.91,0.8,0.7
srv-0222,2026-08-14,17.6,23.4,21.3,78.3,86.0,83.3,38.4,91.6,21.1,17.3,1.92,0.974,0.493,0.5,0.2
srv-0222,2026-08-15,10.8,17.8,15.3,73.9,89.3,83.9,30.5,74.0,16.8,13.7,1.52,0.286,0.5,0.2,0.4
srv-0222,2026-08-16,12.8,17.2,15.6,74.2,87.4,82.8,21.5,44.6,11.8,9.7,1.07,0.456,0.506,0.4,0.5
srv-0222,2026-08-17,14.6,21.1,18.8,77.2,94.1,88.2,30.8,63.6,16.9,13.9,1.54,0.515,0.51,0.3,0.5
srv-0222,2026-08-18,19.7,26.6,24.2,78.4,86.2,83.5,40.0,88.4,22.0,18.0,2.0,0.968,0.69,0.5,0.3
srv-0222,2026-08-19,19.0,32.3,27.6,78.0,91.6,86.8,42.5,85.5,23.4,19.1,2.12,0.945,0.504,0.5,0.4
srv-0222,2026-08-20,14.7,21.0,18.8,77.0,93.7,87.9,42.0,80.2,23.1,18.9,2.1,0.876,0.516,0.8,0.4
srv-0222,2026-08-21,18.3,28.8,25.1,79.1,91.9,87.4,57.6,124.0,31.7,25.9,2.88,0.587,0.638,0.3,0.3
srv-0222,2026-08-22,13.0,18.9,16.8,74.5,80.0,78.1,23.5,56.6,12.9,10.6,1.17,0.364,0.249,0.2,0.2
srv-0222,2026-08-23,12.3,18.6,16.4,74.0,87.0,82.4,20.9,53.7,11.5,9.4,1.05,0.613,0.454,0.4,0.2
srv-0222,2026-08-24,19.1,29.2,25.6,77.7,86.1,83.1,43.5,118.1,23.9,19.6,2.18,0.637,0.766,0.5,0.6
srv-0222,2026-08-25,19.5,30.1,26.4,78.8,84.6,82.6,40.3,88.4,22.2,18.1,2.02,0.701,0.813,0.4,0.5
srv-0222,2026-08-26,15.0,21.1,19.0,77.6,84.4,82.0,50.9,139.0,28.0,22.9,2.54,0.625,0.398,0.5,0.2
srv-0222,2026-08-27,17.5,23.1,21.1,78.5,86.6,83.7,36.7,71.0,20.2,16.5,1.83,0.483,0.591,0.4,0.3
srv-0222,2026-08-28,17.0,27.1,23.6,78.8,95.3,89.5,55.8,154.0,30.7,25.1,2.79,0.503,0.415,0.3,0.4
srv-0222,2026-08-29,13.3,19.2,17.1,75.4,91.8,86.1,27.9,53.4,15.4,12.6,1.4,0.586,0.584,0.3,0.5
srv-0222,2026-08-30,12.5,16.9,15.4,74.5,83.0,80.0,26.8,53.8,14.7,12.1,1.34,0.623,0.385,0.3,0.2
srv-0222,2026-08-31,17.1,25.8,22.8,77.3,81.8,80.2,44.5,117.8,24.5,20.0,2.22,0.692,0.61,0.3,0.6
srv-0222,2026-09-01,18.6,29.4,25.7,77.5,83.9,81.7,38.4,83.5,21.1,17.3,1.92,0.724,0.712,0.6,0.3
srv-0222,2026-09-02,18.1,27.7,24.4,79.7,92.0,87.7,42.6,102.4,23.5,19.2,2.13,0.906,0.451,0.6,0.3
srv-0222,2026-09-03,16.7,23.8,21.3,77.8,84.3,82.0,44.9,109.6,24.7,20.2,2.24,0.946,0.74,0.5,0.3
srv-0222,2026-09-04,15.3,21.9,19.6,77.3,87.5,84.0,35.3,93.5,19.4,15.9,1.77,0.826,0.474,0.6,0.2
srv-0222,2026-09-05,11.2,18.0,15.6,74.6,83.2,80.2,27.5,60.7,15.1,12.4,1.37,0.432,0.477,0.3,0.3
srv-0222,2026-09-06,12.2,35.6,27.4,74.0,85.7,81.6,23.9,85.4,13.1,10.7,1.19,0.792,0.593,0.7,0.6
srv-0224,2026-08-08,23.0,30.9,28.1,45.6,51.1,49.2,169.4,366.4,93.2,76.2,8.47,0.27,0.261,0.2,0.3
srv-0224,2026-08-09,21.2,30.9,27.5,44.9,49.0,47.6,127.9,277.5,70.3,57.5,6.39,0.445,0.387,0.2,0.2
srv-0224,2026-08-10,42.1,67.2,58.4,49.0,51.7,50.7,251.6,677.1,138.4,113.2,12.58,0.638,0.626,0.3,0.4
srv-0224,2026-08-11,45.0,99,80.1,49.0,54.9,52.8,252.6,908.2,138.9,113.7,12.63,1.504,0.851,1.0,0.3
srv-0224,2026-08-12,35.4,53.2,47.0,47.2,50.3,49.2,273.8,558.5,150.6,123.2,13.69,0.365,0.293,0.3,0.2
srv-0224,2026-08-13,32.3,47.4,42.1,47.9,54.1,51.9,312.6,683.0,171.9,140.7,15.63,0.667,0.464,0.3,0.4
srv-0224,2026-08-14,37.0,48.3,44.3,47.3,55.6,52.7,283.3,726.8,155.8,127.5,14.16,0.672,0.33,0.3,0.2
srv-0224,2026-08-15,28.9,39.3,35.7,46.0,49.7,48.4,203.6,426.1,112.0,91.6,10.18,0.481,0.457,0.4,0.4
srv-0224,2026-08-16,23.0,38.9,33.3,45.8,49.0,47.9,156.1,321.8,85.8,70.2,7.8,0.387,0.412,0.3,0.3
srv-0224,2026-08-17,44.0,64.4,57.3,48.6,56.6,53.8,314.1,684.3,172.7,141.3,15.7,0.459,0.602,0.2,0.4
srv-0224,2026-08-18,36.1,49.0,44.5,47.3,57.3,53.8,194.2,357.5,106.8,87.4,9.71,0.602,0.407,0.4,0.2
srv-0224,2026-08-19,37.7,99,77.6,48.8,56.1,53.5,321.4,1345.4,176.8,144.6,16.07,1.328,1.138,1.1,1.1
srv-0224,2026-08-20,35.3,54.2,47.6,48.6,54.3,52.3,311.8,693.5,171.5,140.3,15.59,0.698,0.358,0.3,0.3
srv-0224,2026-08-21,37.0,46.4,43.1,47.9,58.3,54.7,222.8,521.9,122.5,100.2,11.14,0.752,0.395,0.5,0.3
srv-0224,2026-08-22,26.0,35.7,32.3,45.7,49.7,48.3,154.3,324.0,84.9,69.4,7.72,0.392,0.363,0.3,0.3
srv-0224,2026-08-23,21.9,36.1,31.1,45.1,51.1,49.0,164.4,446.3,90.4,74.0,8.22,0.304,0.349,0.1,0.3
srv-0224,2026-08-24,42.6,55.1,50.7,49.0,55.0,52.9,227.1,633.1,124.9,102.2,11.36,0.673,0.552,0.5,0.4
srv-0224,2026-08-25,43.0,60.4,54.3,48.4,54.1,52.1,283.4,510.8,155.9,127.5,14.17,0.593,0.524,0.5,0.3
srv-0224,2026-08-26,32.0,49.2,43.2,47.3,52.6,50.8,285.8,653.7,157.2,128.6,14.29,0.7,0.576,0.3,0.3
srv-0224,2026-08-27,35.4,56.2,49.0,47.0,51.6,50.0,177.4,479.7,97.6,79.8,8.87,0.455,0.393,0.4,0.4
srv-0224,2026-08-28,32.4,47.4,42.2,47.0,56.3,53.1,178.9,480.5,98.4,80.5,8.94,0.539,0.556,0.3,0.3
srv-0224,2026-08-29,31.0,51.5,44.3,46.1,53.6,51.0,200.9,505.0,110.5,90.4,10.04,0.565,0.294,0.5,0.3
srv-0224,2026-08-30,25.4,38.4,33.9,45.5,51.4,49.3,171.8,476.8,94.5,77.3,8.59,0.506,0.264,0.3,0.1
srv-0224,2026-08-31,41.1,62.1,54.8,48.6,58.7,55.2,326.7,736.1,179.7,147.0,16.34,0.747,0.695,0.4,0.7
srv-0224,2026-09-01,35.3,47.0,42.9,47.8,55.2,52.6,242.1,637.5,133.2,108.9,12.11,0.747,0.458,0.4,0.2
srv-0224,2026-09-02,33.2,44.7,40.7,47.1,54.8,52.1,179.5,425.4,98.7,80.8,8.97,0.58,0.276,0.4,0.3
srv-0224,2026-09-03,34.2,47.0,42.5,47.7,52.5,50.8,214.2,453.3,117.8,96.4,10.71,0.439,0.429,0.3,0.4
srv-0224,2026-09-04,38.8,61.9,53.8,47.9,55.3,52.7,251.1,592.9,138.1,113.0,12.55,0.437,0.627,0.2,0.3
srv-0224,2026-09-05,24.2,38.1,33.2,45.3,49.7,48.2,198.4,368.7,109.1,89.3,9.92,0.407,0.254,0.2,0.1
srv-0224,2026-09-06,22.0,37.3,31.9,45.5,49.8,48.3,173.6,335.0,95.5,78.1,8.68,0.415,0.344,0.2,0.2
srv-0225,2026-08-08,22.4,36.3,31.4,82.1,97.5,92.1,85.4,224.8,47.0,38.5,4.27,0.502,0.489,0.2,0.3
srv-0225,2026-08-09,26.0,41.2,35.9,82.4,90.3,87.5,106.7,277.9,58.7,48.0,5.33,0.344,0.409,0.3,0.4
srv-0225,2026-08-10,44.0,62.2,55.8,89.0,99,95.5,186.0,412.2,102.3,83.7,9.3,0.599,0.896,0.3,0.3
srv-0225,2026-08-11,40.2,65.2,56.5,86.8,99,94.7,134.7,248.4,74.1,60.6,6.73,0.407,0.521,0.2,0.3
srv-0225,2026-08-12,30.2,50.9,43.7,85.6,92.4,90.0,180.2,483.7,99.1,81.1,9.01,0.456,0.636,0.2,0.5
srv-0225,2026-08-13,30.3,45.2,40.0,86.2,99,94.5,140.0,333.6,77.0,63.0,7.0,0.662,0.502,0.5,0.4
srv-0225,2026-08-14,34.7,59.0,50.5,85.9,99,94.4,129.6,318.1,71.3,58.3,6.48,0.531,0.668,0.2,0.4
srv-0225,2026-08-15,23.1,34.0,30.2,83.2,95.0,90.9,120.1,257.4,66.0,54.0,6.0,0.437,0.515,0.2,0.2
srv-0225,2026-08-16,25.9,37.2,33.2,84.0,98.6,93.5,143.4,385.0,78.9,64.5,7.17,0.548,0.503,0.4,0.2
srv-0225,2026-08-17,39.8,58.7,52.1,86.9,99,94.8,144.9,394.0,79.7,65.2,7.25,0.588,0.647,0.2,0.4
srv-0225,2026-08-18,38.7,54.5,49.0,86.2,97.0,93.2,156.8,321.3,86.3,70.6,7.84,0.558,0.57,0.5,0.3
srv-0225,2026-08-19,46.4,74.6,64.7,88.8,99,95.4,177.3,492.3,97.5,79.8,8.86,0.687,0.712,0.6,0.5
srv-0225,2026-08-20,34.2,54.1,47.1,87.5,98.8,94.9,143.2,354.6,78.8,64.5,7.16,0.829,0.749,0.7,0.7
srv-0225,2026-08-21,39.6,49.6,46.1,87.4,95.6,92.7,190.2,497.2,104.6,85.6,9.51,0.437,0.774,0.3,0.8
srv-0225,2026-08-22,27.6,45.2,39.0,82.9,99,93.3,133.3,300.3,73.3,60.0,6.67,0.481,0.487,0.3,0.4
srv-0225,2026-08-23,28.1,39.1,35.3,83.9,96.5,92.1,113.1,223.3,62.2,50.9,5.66,0.295,0.332,0.1,0.1
srv-0225,2026-08-24,32.5,51.1,44.6,87.3,99,94.9,175.2,427.0,96.4,78.9,8.76,0.528,0.796,0.3,0.7
srv-0225,2026-08-25,46.3,64.0,57.8,88.4,98.0,94.7,235.4,541.3,129.5,105.9,11.77,0.505,0.512,0.4,0.4
srv-0225,2026-08-26,38.3,48.4,44.9,87.1,95.6,92.6,187.8,461.1,103.3,84.5,9.39,0.542,0.667,0.2,0.6
srv-0225,2026-08-27,41.1,54.2,49.6,87.7,99,95.0,204.7,390.5,112.6,92.1,10.24,0.669,0.82,0.6,0.4
srv-0225,2026-08-28,42.5,68.7,59.5,87.9,99,95.1,226.5,408.8,124.6,101.9,11.33,0.759,0.794,0.6,0.7
srv-0225,2026-08-29,24.1,40.1,34.5,83.9,99,93.7,126.0,270.4,69.3,56.7,6.3,0.579,0.306,0.4,0.2
srv-0225,2026-08-30,20.2,32.1,28.0,82.2,97.5,92.1,105.0,207.1,57.8,47.3,5.25,0.304,0.349,0.2,0.2
srv-0225,2026-08-31,37.6,48.1,44.5,87.7,99,95.0,232.3,621.1,127.8,104.5,11.61,0.829,0.678,0.6,0.6
srv-0225,2026-09-01,38.1,54.1,48.5,88.4,99,95.3,196.0,530.0,107.8,88.2,9.8,0.552,0.558,0.3,0.3
srv-0225,2026-09-02,34.1,52.3,45.9,86.6,99,94.6,148.2,341.5,81.5,66.7,7.41,0.667,0.551,0.3,0.4
srv-0225,2026-09-03,47.2,73.5,64.3,89.1,99,95.5,155.9,305.6,85.8,70.2,7.8,0.917,0.507,0.6,0.4
srv-0225,2026-09-04,40.7,53.9,49.3,88.9,99,95.5,199.3,542.4,109.6,89.7,9.96,0.61,0.471,0.5,0.3
srv-0225,2026-09-05,27.5,42.3,37.1,82.7,98.0,92.7,122.1,262.0,67.1,54.9,6.1,0.279,0.541,0.3,0.3
srv-0225,2026-09-06,22.7,29.8,27.3,83.0,98.1,92.8,138.7,364.3,76.3,62.4,6.93,0.313,0.375,0.3,0.4
srv-0226,2026-08-08,9.3,12.0,11.1,41.3,46.5,44.7,215.6,489.8,118.6,97.0,10.78,0.43,0.302,0.4,0.3
srv-0226,2026-08-09,11.1,14.0,13.0,41.6,50.0,47.1,257.9,498.2,141.8,116.0,12.89,0.487,0.429,0.4,0.4
srv-0226,2026-08-10,15.4,22.8,20.2,42.9,48.7,46.7,256.0,608.5,140.8,115.2,12.8,0.69,0.778,0.6,0.5
srv-0226,2026-08-11,16.2,24.4,21.5,44.1,52.4,49.5,341.8,735.5,188.0,153.8,17.09,0.918,0.442,0.7,0.2
srv-0226,2026-08-12,15.1,25.5,21.9,43.6,52.7,49.5,259.3,637.1,142.6,116.7,12.97,0.555,0.763,0.3,0.6
srv-0226,2026-08-13,11.8,19.4,16.7,42.3,48.4,46.3,224.9,424.1,123.7,101.2,11.24,0.439,0.738,0.3,0.5
srv-0226,2026-08-14,15.0,19.7,18.0,42.9,50.6,47.9,371.1,895.5,204.1,167.0,18.56,0.747,0.474,0.7,0.3
srv-0226,2026-08-15,8.8,11.4,10.5,40.8,47.5,45.2,171.6,432.1,94.4,77.2,8.58,0.51,0.517,0.5,0.4
srv-0226,2026-08-16,9.3,11.6,10.8,41.2,45.0,43.7,202.0,451.8,111.1,90.9,10.1,0.462,0.562,0.2,0.4
srv-0226,2026-08-17,14.6,22.4,19.7,43.6,53.1,49.8,360.1,926.0,198.1,162.1,18.01,0.763,0.431,0.6,0.4
srv-0226,2026-08-18,16.3,23.0,20.6,43.4,48.1,46.5,361.6,918.1,198.9,162.7,18.08,0.52,0.793,0.2,0.4
srv-0226,2026-08-19,15.6,24.3,21.2,44.1,52.3,49.4,397.7,964.9,218.7,179.0,19.88,0.841,0.679,0.4,0.5
srv-0226,2026-08-20,15.0,24.4,21.1,43.6,51.8,49.0,359.5,697.0,197.7,161.8,17.97,0.687,0.75,0.5,0.5
srv-0226,2026-08-21,14.7,18.7,17.3,43.2,49.1,47.0,340.3,769.4,187.2,153.1,17.01,0.756,0.668,0.3,0.4
srv-0226,2026-08-22,8.3,12.8,11.2,40.6,44.9,43.4,174.1,472.3,95.8,78.4,8.71,0.294,0.231,0.2,0.1
srv-0226,2026-08-23,9.5,21.9,17.6,40.8,43.7,42.7,179.9,806.2,99.0,81.0,9.0,0.577,0.643,0.4,0.5
srv-0226,2026-08-24,17.1,24.3,21.8,44.1,52.6,49.6,412.9,1147.6,227.1,185.8,20.65,0.506,0.908,0.3,0.9
srv-0226,2026-08-25,17.9,28.9,25.1,44.1,47.2,46.1,435.0,994.7,239.2,195.7,21.75,0.682,0.608,0.4,0.2
srv-0226,2026-08-26,12.3,17.0,15.4,42.3,49.9,47.2,296.2,578.3,162.9,133.3,14.81,0.586,0.51,0.3,0.4
srv-0226,2026-08-27,18.1,26.2,23.4,44.1,48.1,46.7,447.9,999.1,246.3,201.5,22.39,0.628,0.691,0.5,0.4
srv-0226,2026-08-28,13.9,23.2,20.0,42.7,48.3,46.4,277.6,522.1,152.7,124.9,13.88,0.664,0.647,0.6,0.4
srv-0226,2026-08-29,10.4,14.9,13.4,41.1,47.3,45.1,200.0,536.9,110.0,90.0,10.0,0.534,0.391,0.3,0.3
srv-0226,2026-08-30,10.8,14.3,13.0,41.2,48.7,46.0,240.2,652.2,132.1,108.1,12.01,0.399,0.412,0.4,0.3
srv-0226,2026-08-31,14.6,21.6,19.2,43.4,48.9,46.9,412.8,952.9,227.0,185.8,20.64,0.703,0.834,0.6,0.4
srv-0226,2026-09-01,14.0,23.2,20.0,42.6,45.4,44.4,320.2,599.9,176.1,144.1,16.01,0.572,0.454,0.4,0.3
srv-0226,2026-09-02,15.8,26.6,22.8,43.6,50.3,47.9,264.8,689.0,145.6,119.1,13.24,0.573,0.807,0.4,0.7
srv-0226,2026-09-03,16.7,27.7,23.9,43.9,47.3,46.1,272.9,674.9,150.1,122.8,13.65,0.801,0.825,0.4,0.8
srv-0226,2026-09-04,14.1,22.9,19.8,43.2,46.9,45.6,384.1,789.6,211.3,172.9,19.21,0.528,0.615,0.5,0.5
srv-0226,2026-09-05,9.2,13.0,11.7,40.7,49.0,46.1,215.7,549.4,118.7,97.1,10.79,0.417,0.308,0.3,0.2
srv-0226,2026-09-06,7.3,11.6,10.1,40.5,44.5,43.1,180.6,352.7,99.3,81.3,9.03,0.328,0.433,0.2,0.4
srv-0228,2026-08-08,13.7,20.6,18.2,29.8,35.1,33.3,19.5,45.8,10.7,8.8,0.98,0.426,0.293,0.4,0.2
srv-0228,2026-08-09,11.6,18.3,15.9,29.7,34.0,32.5,15.8,34.0,8.7,7.1,0.79,0.522,0.34,0.2,0.3
srv-0228,2026-08-10,19.0,27.8,24.7,31.5,37.9,35.6,38.4,84.9,21.1,17.3,1.92,0.789,0.696,0.5,0.7
srv-0228,2026-08-11,18.9,56.1,43.1,31.8,35.7,34.3,41.6,141.2,22.9,18.7,2.08,1.778,0.823,1.4,0.6
srv-0228,2026-08-12,20.5,34.4,29.5,31.5,35.0,33.8,27.0,75.4,14.9,12.2,1.35,0.925,0.718,0.4,0.5
srv-0228,2026-08-13,19.4,27.6,24.7,31.1,37.9,35.5,30.7,81.0,16.9,13.8,1.53,0.766,0.636,0.3,0.6
srv-0228,2026-08-14,23.2,39.5,33.8,31.9,36.8,35.1,41.2,105.7,22.7,18.5,2.06,1.019,0.583,0.9,0.5
srv-0228,2026-08-15,14.2,20.7,18.4,30.3,35.2,33.5,24.8,51.1,13.6,11.1,1.24,0.744,0.35,0.5,0.3
srv-0228,2026-08-16,13.1,22.2,19.1,29.6,32.2,31.3,21.5,48.0,11.8,9.7,1.08,0.375,0.28,0.3,0.2
srv-0228,2026-08-17,19.6,25.8,23.6,31.3,35.0,33.7,27.5,65.3,15.1,12.4,1.38,0.93,0.611,0.6,0.4
srv-0228,2026-08-18,18.0,22.5,20.9,31.0,34.4,33.2,30.4,75.4,16.7,13.7,1.52,0.597,0.357,0.4,0.3
srv-0228,2026-08-19,20.4,32.6,28.3,31.1,33.3,32.6,24.7,46.7,13.6,11.1,1.23,0.976,0.629,0.7,0.2
srv-0228,2026-08-20,20.9,28.2,25.6,32.1,33.9,33.3,31.6,84.1,17.4,14.2,1.58,0.684,0.746,0.5,0.5
srv-0228,2026-08-21,20.5,34.0,29.2,31.0,35.5,34.0,31.6,60.4,17.4,14.2,1.58,0.676,0.433,0.4,0.2
srv-0228,2026-08-22,14.4,22.9,19.9,30.1,34.7,33.0,19.4,44.4,10.7,8.7,0.97,0.424,0.467,0.2,0.3
srv-0228,2026-08-23,12.2,16.3,14.9,29.5,34.0,32.4,14.2,26.0,7.8,6.4,0.71,0.609,0.364,0.5,0.3
srv-0228,2026-08-24,20.9,30.5,27.1,31.5,36.2,34.5,38.3,82.4,21.1,17.2,1.92,0.533,0.505,0.4,0.2
srv-0228,2026-08-25,25.1,40.1,34.9,32.1,34.1,33.4,29.9,56.3,16.4,13.4,1.49,0.63,0.528,0.4,0.4
srv-0228,2026-08-26,18.5,24.4,22.4,31.1,34.2,33.1,24.1,51.5,13.3,10.9,1.21,0.922,0.41,0.8,0.4
srv-0228,2026-08-27,16.6,45.9,35.6,30.9,35.3,33.7,25.7,118.7,14.2,11.6,1.29,1.056,0.811,0.7,0.5
srv-0228,2026-08-28,19.5,28.0,25.0,31.6,35.2,34.0,29.9,66.8,16.4,13.5,1.5,1.029,0.399,0.4,0.3
srv-0228,2026-08-29,12.7,32.8,25.7,29.5,34.5,32.8,14.7,61.1,8.1,6.6,0.74,0.658,0.565,0.5,0.6
srv-0228,2026-08-30,12.1,17.1,15.4,29.5,34.2,32.5,21.1,41.3,11.6,9.5,1.06,0.319,0.339,0.2,0.2
srv-0228,2026-08-31,16.2,27.1,23.3,30.9,32.5,31.9,32.4,63.6,17.8,14.6,1.62,0.823,0.294,0.4,0.3
srv-0228,2026-09-01,23.8,36.6,32.2,31.9,37.5,35.6,42.2,110.6,23.2,19.0,2.11,0.6,0.399,0.3,0.4
srv-0228,2026-09-02,19.8,25.6,23.6,31.4,33.8,33.0,28.6,58.5,15.7,12.9,1.43,0.705,0.675,0.3,0.5
srv-0228,2026-09-03,21.2,27.6,25.3,31.4,38.3,35.9,37.8,93.6,20.8,17.0,1.89,0.932,0.653,0.8,0.3
srv-0228,2026-09-04,18.1,25.4,22.8,31.2,34.3,33.2,32.5,64.5,17.9,14.6,1.63,0.997,0.482,0.6,0.5
srv-0228,2026-09-05,14.8,23.0,20.1,30.0,34.1,32.6,22.7,41.8,12.5,10.2,1.13,0.632,0.274,0.6,0.1
srv-0228,2026-09-06,14.1,19.9,17.9,29.7,33.4,32.1,17.6,33.0,9.7,7.9,0.88,0.361,0.401,0.3,0.4
srv-0229,2026-08-08,4.5,10.1,8.1,63.8,72.2,69.2,21.7,100.1,11.9,9.8,1.08,1.383,0.63,0.9,0.5
srv-0229,2026-08-09,3.5,5.3,4.6,62.2,73.7,69.7,19.6,36.7,10.8,8.8,0.98,0.481,0.257,0.2,0.2
srv-0229,2026-08-10,6.0,8.9,7.9,67.2,77.5,73.9,43.0,118.0,23.7,19.4,2.15,1.064,0.349,0.4,0.2
srv-0229,2026-08-11,6.0,8.2,7.4,66.6,80.7,75.8,40.3,101.6,22.2,18.1,2.02,0.756,0.681,0.3,0.7
srv-0229,2026-08-12,6.9,9.7,8.7,67.9,82.0,77.0,40.0,90.2,22.0,18.0,2.0,1.166,0.599,0.7,0.6
srv-0229,2026-08-13,5.7,7.3,6.7,65.6,69.6,68.2,43.1,81.0,23.7,19.4,2.15,0.746,0.515,0.5,0.3
srv-0229,2026-08-14,5.4,9.1,7.8,66.5,71.0,69.4,32.1,68.8,17.6,14.4,1.6,0.887,0.331,0.8,0.2
srv-0229,2026-08-15,3.4,4.9,4.4,62.2,66.5,65.0,26.8,59.2,14.8,12.1,1.34,0.411,0.232,0.3,0.2
srv-0229,2026-08-16,3.6,5.3,4.7,62.4,68.0,66.1,20.6,49.1,11.4,9.3,1.03,0.58,0.363,0.5,0.3
srv-0229,2026-08-17,6.2,9.7,8.5,67.3,79.1,75.0,37.0,79.5,20.4,16.7,1.85,0.919,0.573,0.6,0.3
srv-0229,2026-08-18,6.9,8.9,8.2,67.4,77.5,74.0,37.5,90.1,20.6,16.9,1.87,0.903,0.484,0.6,0.3
srv-0229,2026-08-19,5.7,8.9,7.8,65.8,72.2,69.9,33.2,70.0,18.3,14.9,1.66,0.527,0.394,0.4,0.3
srv-0229,2026-08-20,4.5,7.0,6.1,65.2,77.3,73.1,29.7,76.6,16.4,13.4,1.49,0.931,0.437,0.4,0.2
srv-0229,2026-08-21,5.8,9.0,7.9,67.9,76.7,73.6,39.1,79.5,21.5,17.6,1.95,0.937,0.379,0.6,0.4
srv-0229,2026-08-22,3.2,4.9,4.3,62.4,72.1,68.7,23.5,47.5,13.0,10.6,1.18,0.479,0.2,0.2,0.1
srv-0229,2026-08-23,3.8,5.0,4.6,62.8,73.9,70.0,24.0,59.7,13.2,10.8,1.2,0.581,0.264,0.4,0.1
srv-0229,2026-08-24,6.1,10.4,8.9,66.2,77.6,73.6,44.5,111.2,24.5,20.0,2.23,0.883,0.537,0.7,0.5
srv-0229,2026-08-25,6.7,9.9,8.8,66.9,72.6,70.6,43.5,89.8,23.9,19.6,2.18,1.094,0.596,0.8,0.5
srv-0229,2026-08-26,5.0,7.2,6.4,66.1,77.4,73.5,35.2,91.2,19.4,15.9,1.76,0.901,0.389,0.4,0.3
srv-0229,2026-08-27,5.2,7.5,6.7,66.0,71.2,69.4,43.9,116.6,24.1,19.7,2.19,0.741,0.478,0.4,0.3
srv-0229,2026-08-28,6.4,9.9,8.7,66.8,72.9,70.8,30.7,81.3,16.9,13.8,1.53,0.914,0.595,0.4,0.4
srv-0229,2026-08-29,3.8,5.5,4.9,62.5,71.3,68.2,21.3,57.5,11.7,9.6,1.07,0.35,0.343,0.2,0.3
srv-0229,2026-08-30,4.3,11.3,8.8,63.4,72.1,69.1,21.3,102.9,11.7,9.6,1.06,0.903,0.684,0.4,0.3
srv-0229,2026-08-31,6.2,15.8,12.4,66.1,71.5,69.6,37.0,119.9,20.3,16.6,1.85,1.282,0.973,1.1,0.5
srv-0229,2026-09-01,5.4,7.3,6.6,67.1,71.1,69.7,44.6,113.8,24.6,20.1,2.23,1.057,0.495,0.8,0.3
srv-0229,2026-09-02,5.2,7.0,6.3,66.7,73.4,71.1,37.2,76.1,20.4,16.7,1.86,0.64,0.403,0.5,0.3
srv-0229,2026-09-03,7.0,10.8,9.5,67.7,74.7,72.3,49.3,124.4,27.1,22.2,2.46,0.734,0.398,0.5,0.2
srv-0229,2026-09-04,5.0,7.8,6.8,65.5,73.1,70.4,34.9,92.1,19.2,15.7,1.74,0.832,0.438,0.5,0.3
srv-0229,2026-09-05,4.3,5.8,5.2,63.2,68.5,66.7,30.6,61.8,16.8,13.7,1.53,0.495,0.431,0.5,0.2
srv-0229,2026-09-06,3.2,5.4,4.6,62.5,67.2,65.6,17.4,39.8,9.6,7.8,0.87,0.624,0.247,0.4,0.1
srv-0231,2026-08-08,7.7,12.1,10.5,68.9,74.5,72.5,33.8,67.5,18.6,15.2,1.69,0.361,0.387,0.2,0.3
srv-0231,2026-08-09,9.9,15.3,13.4,70.4,76.2,74.2,38.2,89.6,21.0,17.2,1.91,0.312,0.797,0.2,0.7
srv-0231,2026-08-10,12.3,36.2,27.9,73.3,89.0,83.5,55.9,236.4,30.8,25.2,2.8,1.102,0.959,0.7,0.4
srv-0231,2026-08-11,11.8,15.0,13.9,74.0,85.3,81.3,62.1,151.5,34.2,28.0,3.11,0.641,0.744,0.6,0.5
srv-0231,2026-08-12,14.5,19.6,17.8,74.2,84.7,81.0,43.5,104.1,23.9,19.6,2.18,0.654,0.751,0.3,0.7
srv-0231,2026-08-13,12.6,18.5,16.5,74.2,88.2,83.3,41.0,95.8,22.5,18.4,2.05,0.674,0.587,0.4,0.4
srv-0231,2026-08-14,15.8,25.7,22.2,74.9,90.6,85.1,53.4,120.4,29.4,24.0,2.67,0.38,0.965,0.3,0.8
srv-0231,2026-08-15,8.0,11.3,10.1,70.2,75.1,73.4,43.5,85.0,23.9,19.6,2.17,0.487,0.532,0.3,0.4
srv-0231,2026-08-16,7.7,9.9,9.1,69.5,83.3,78.4,39.2,108.2,21.6,17.6,1.96,0.377,0.381,0.3,0.4
srv-0231,2026-08-17,17.2,28.9,24.8,75.4,82.5,80.0,62.8,129.1,34.5,28.2,3.14,0.696,0.919,0.6,0.4
srv-0231,2026-08-18,12.6,18.9,16.7,74.3,82.5,79.6,55.9,134.1,30.8,25.2,2.8,0.626,1.079,0.3,0.5
srv-0231,2026-08-19,14.5,21.4,19.0,74.9,80.3,78.4,50.6,95.6,27.9,22.8,2.53,0.583,0.985,0.2,0.8
srv-0231,2026-08-20,14.8,21.4,19.1,74.2,88.9,83.8,54.9,114.5,30.2,24.7,2.74,0.71,1.183,0.4,1.0
srv-0231,2026-08-21,12.8,20.6,17.9,73.8,84.8,80.9,58.6,115.6,32.3,26.4,2.93,0.453,0.561,0.3,0.6
srv-0231,2026-08-22,8.2,13.1,11.4,69.7,80.2,76.5,28.6,79.8,15.7,12.9,1.43,0.218,0.378,0.1,0.4
srv-0231,2026-08-23,8.3,11.1,10.2,70.3,84.6,79.6,42.8,80.1,23.6,19.3,2.14,0.274,0.743,0.2,0.6
srv-0231,2026-08-24,12.5,19.4,17.0,73.8,86.0,81.7,47.8,128.2,26.3,21.5,2.39,0.484,0.833,0.4,0.8
srv-0231,2026-08-25,13.6,18.2,16.6,73.1,86.4,81.7,59.5,154.6,32.7,26.8,2.97,0.523,0.557,0.4,0.4
srv-0231,2026-08-26,13.4,32.3,25.7,74.0,83.1,79.9,50.9,241.9,28.0,22.9,2.55,0.922,2.031,0.8,1.0
srv-0231,2026-08-27,11.8,27.2,21.8,73.0,82.1,78.9,45.2,156.7,24.9,20.3,2.26,1.138,1.241,0.5,0.8
srv-0231,2026-08-28,13.0,20.0,17.6,74.2,84.0,80.6,62.5,162.3,34.3,28.1,3.12,0.71,1.096,0.6,1.0
srv-0231,2026-08-29,9.4,11.8,11.0,70.0,85.2,79.9,31.2,68.2,17.2,14.0,1.56,0.294,0.457,0.2,0.4
srv-0231,2026-08-30,9.0,14.6,12.6,70.3,76.0,74.0,30.8,82.0,16.9,13.9,1.54,0.254,0.415,0.2,0.2
srv-0231,2026-08-31,13.1,20.1,17.7,73.5,88.4,83.1,56.0,113.9,30.8,25.2,2.8,0.341,0.867,0.2,0.7
srv-0231,2026-09-01,13.6,17.3,16.0,74.8,89.6,84.4,47.5,104.5,26.1,21.4,2.37,0.712,0.697,0.7,0.3
srv-0231,2026-09-02,10.6,13.8,12.7,73.0,87.4,82.4,38.7,83.4,21.3,17.4,1.94,0.361,0.681,0.2,0.3
srv-0231,2026-09-03,13.0,17.6,16.0,73.5,82.4,79.3,50.5,118.4,27.8,22.7,2.52,0.333,0.683,0.3,0.6
srv-0231,2026-09-04,13.2,19.8,17.5,72.6,83.0,79.3,41.0,106.0,22.5,18.4,2.05,0.419,0.926,0.2,0.5
srv-0231,2026-09-05,8.7,12.4,11.1,69.8,76.0,73.8,35.7,93.5,19.7,16.1,1.79,0.225,0.62,0.2,0.6
srv-0231,2026-09-06,10.1,15.7,13.8,70.4,83.2,78.8,41.8,82.7,23.0,18.8,2.09,0.471,0.587,0.3,0.3
srv-0233,2026-08-08,5.4,7.5,6.8,60.8,70.5,67.1,54.9,148.0,30.2,24.7,2.74,0.322,0.478,0.2,0.3
srv-0233,2026-08-09,5.4,8.0,7.1,60.7,68.1,65.5,53.6,124.5,29.5,24.1,2.68,0.323,0.488,0.2,0.5
srv-0233,2026-08-10,9.5,15.7,13.5,64.2,75.2,71.4,78.0,143.0,42.9,35.1,3.9,0.938,0.502,0.8,0.2
srv-0233,2026-08-11,10.2,14.7,13.1,64.9,70.0,68.2,106.1,276.2,58.3,47.7,5.3,0.675,0.55,0.3,0.5
srv-0233,2026-08-12,6.8,10.1,9.0,62.9,71.3,68.3,77.1,196.7,42.4,34.7,3.85,0.422,0.694,0.3,0.4
srv-0233,2026-08-13,9.8,13.9,12.5,64.4,75.6,71.7,101.6,196.3,55.9,45.7,5.08,0.718,0.582,0.5,0.4
srv-0233,2026-08-14,8.3,11.1,10.1,63.4,74.2,70.4,99.4,251.8,54.7,44.7,4.97,0.921,0.716,0.7,0.6
srv-0233,2026-08-15,4.7,6.4,5.8,60.0,63.7,62.4,43.7,117.9,24.0,19.7,2.19,0.385,0.274,0.3,0.2
srv-0233,2026-08-16,5.0,6.6,6.1,60.6,64.6,63.2,53.6,100.9,29.5,24.1,2.68,0.341,0.549,0.2,0.2
srv-0233,2026-08-17,6.5,9.5,8.5,62.9,66.3,65.1,84.4,229.7,46.4,38.0,4.22,0.427,0.778,0.2,0.7
srv-0233,2026-08-18,8.7,14.3,12.3,64.8,71.8,69.4,87.8,160.2,48.3,39.5,4.39,1.03,0.499,0.9,0.5
srv-0233,2026-08-19,9.8,16.1,13.9,64.3,78.2,73.4,106.4,292.1,58.5,47.9,5.32,0.777,0.996,0.7,0.5
srv-0233,2026-08-20,9.0,14.9,12.8,63.5,71.1,68.4,73.9,158.3,40.7,33.3,3.7,0.748,0.655,0.7,0.6
srv-0233,2026-08-21,7.7,13.0,11.2,63.6,76.3,71.8,62.7,151.1,34.5,28.2,3.14,0.655,0.866,0.4,0.8
srv-0233,2026-08-22,6.4,9.6,8.4,61.0,73.0,68.8,63.0,130.1,34.7,28.4,3.15,0.367,0.33,0.3,0.3
srv-0233,2026-08-23,5.1,8.1,7.1,60.9,73.9,69.3,49.5,136.4,27.2,22.3,2.48,0.641,0.351,0.3,0.2
srv-0233,2026-08-24,7.8,9.9,9.1,62.6,73.9,69.9,72.9,150.6,40.1,32.8,3.65,0.807,0.605,0.5,0.5
srv-0233,2026-08-25,8.9,25.9,19.9,64.7,69.9,68.1,88.4,314.6,48.6,39.8,4.42,1.154,1.198,1.0,0.8
srv-0233,2026-08-26,8.9,13.9,12.1,64.9,78.6,73.8,79.3,171.1,43.6,35.7,3.96,0.976,0.641,0.8,0.4
srv-0233,2026-08-27,7.4,11.7,10.2,63.7,69.0,67.1,78.6,153.3,43.2,35.4,3.93,0.978,0.899,0.4,0.5
srv-0233,2026-08-28,8.4,13.1,11.5,64.0,69.8,67.8,95.2,175.0,52.3,42.8,4.76,0.661,0.952,0.5,0.5
srv-0233,2026-08-29,5.4,7.9,7.0,59.9,71.5,67.4,38.9,72.5,21.4,17.5,1.94,0.484,0.488,0.3,0.3
srv-0233,2026-08-30,6.3,9.9,8.6,60.7,74.0,69.3,48.8,115.5,26.8,22.0,2.44,0.647,0.609,0.5,0.5
srv-0233,2026-08-31,9.7,12.3,11.4,64.1,76.4,72.1,86.2,157.0,47.4,38.8,4.31,0.949,0.561,0.5,0.2
srv-0233,2026-09-01,7.7,10.1,9.3,63.9,70.6,68.3,100.6,257.3,55.3,45.3,5.03,0.57,0.947,0.2,0.5
srv-0233,2026-09-02,8.0,11.0,10.0,64.1,73.1,69.9,105.7,228.6,58.2,47.6,5.29,0.917,0.694,0.4,0.4
srv-0233,2026-09-03,8.1,11.5,10.3,63.8,68.2,66.7,96.3,195.4,52.9,43.3,4.81,0.921,0.816,0.4,0.3
srv-0233,2026-09-04,8.6,11.2,10.3,64.4,76.3,72.1,76.7,203.5,42.2,34.5,3.83,0.863,1.008,0.7,0.6
srv-0233,2026-09-05,5.9,8.1,7.3,60.4,66.0,64.0,55.7,151.3,30.6,25.1,2.79,0.367,0.519,0.3,0.5
srv-0233,2026-09-06,6.4,8.1,7.5,61.3,64.9,63.6,56.5,133.0,31.1,25.4,2.82,0.583,0.392,0.4,0.3
srv-0235,2026-08-08,17.1,23.0,20.9,44.7,52.5,49.8,41.1,100.6,22.6,18.5,2.05,0.426,0.314,0.3,0.1
srv-0235,2026-08-09,17.8,26.0,23.1,44.9,49.4,47.8,51.7,139.4,28.4,23.3,2.59,0.336,0.659,0.2,0.5
srv-0235,2026-08-10,31.7,50.0,43.6,47.5,53.3,51.3,96.0,241.7,52.8,43.2,4.8,0.783,0.687,0.3,0.4
srv-0235,2026-08-11,25.4,35.0,31.7,47.1,51.8,50.2,78.2,155.1,43.0,35.2,3.91,0.631,0.482,0.4,0.3
srv-0235,2026-08-12,28.0,47.0,40.3,46.3,50.1,48.8,55.6,116.4,30.6,25.0,2.78,0.691,0.844,0.5,0.7
srv-0235,2026-08-13,25.2,34.3,31.1,46.4,49.7,48.6,86.5,199.1,47.6,38.9,4.33,0.778,0.597,0.5,0.5
srv-0235,2026-08-14,28.3,46.9,40.4,46.6,55.3,52.3,84.1,235.1,46.3,37.9,4.21,0.744,0.711,0.5,0.4
srv-0235,2026-08-15,18.0,30.1,25.9,44.5,53.0,50.0,57.3,122.1,31.5,25.8,2.86,0.426,0.379,0.2,0.1
srv-0235,2026-08-16,21.5,34.8,30.1,45.3,52.6,50.1,58.1,108.4,31.9,26.1,2.9,0.397,0.512,0.2,0.3
srv-0235,2026-08-17,27.9,37.7,34.3,47.8,53.1,51.2,100.2,187.5,55.1,45.1,5.01,0.517,0.849,0.5,0.5
srv-0235,2026-08-18,31.8,52.5,45.3,47.8,56.6,53.5,104.2,236.4,57.3,46.9,5.21,0.559,0.715,0.3,0.5
srv-0235,2026-08-19,34.6,55.9,48.5,47.9,50.5,49.6,84.3,163.8,46.4,37.9,4.22,0.599,0.987,0.3,0.4
srv-0235,2026-08-20,25.2,36.6,32.6,46.3,55.8,52.5,65.6,122.4,36.1,29.5,3.28,0.365,0.427,0.2,0.3
srv-0235,2026-08-21,25.5,36.5,32.6,46.3,53.0,50.6,69.5,173.0,38.2,31.3,3.47,0.563,0.608,0.2,0.5
srv-0235,2026-08-22,20.4,31.8,27.8,44.9,48.6,47.3,62.8,134.9,34.5,28.3,3.14,0.41,0.564,0.4,0.3
srv-0235,2026-08-23,17.4,29.0,24.9,44.5,48.0,46.8,52.6,135.5,28.9,23.7,2.63,0.49,0.556,0.3,0.4
srv-0235,2026-08-24,27.0,38.0,34.1,47.1,50.1,49.0,81.0,180.0,44.6,36.5,4.05,0.683,0.681,0.3,0.6
srv-0235,2026-08-25,32.0,48.9,43.0,47.8,57.7,54.3,92.2,187.1,50.7,41.5,4.61,0.644,0.523,0.5,0.4
srv-0235,2026-08-26,30.6,42.3,38.2,47.9,56.8,53.7,111.2,307.5,61.1,50.0,5.56,0.893,1.105,0.6,0.4
srv-0235,2026-08-27,26.4,39.9,35.2,46.9,50.2,49.0,70.6,189.8,38.8,31.8,3.53,0.736,0.962,0.6,0.4
srv-0235,2026-08-28,22.7,28.8,26.7,46.5,54.0,51.3,81.7,164.6,44.9,36.8,4.08,0.644,0.53,0.3,0.5
srv-0235,2026-08-29,19.7,29.0,25.7,45.0,51.7,49.4,58.0,106.5,31.9,26.1,2.9,0.368,0.635,0.2,0.6
srv-0235,2026-08-30,20.7,26.6,24.5,45.3,47.8,46.9,50.4,104.4,27.7,22.7,2.52,0.585,0.432,0.3,0.2
srv-0235,2026-08-31,28.2,47.9,41.0,47.1,53.8,51.4,100.4,199.7,55.2,45.2,5.02,0.572,0.56,0.5,0.2
srv-0235,2026-09-01,30.7,50.7,43.7,47.4,55.1,52.4,69.3,162.1,38.1,31.2,3.46,0.609,0.613,0.4,0.4
srv-0235,2026-09-02,25.9,43.9,37.6,47.3,50.4,49.3,84.2,164.5,46.3,37.9,4.21,0.674,0.988,0.4,0.7
srv-0235,2026-09-03,29.0,43.2,38.3,47.7,56.6,53.5,109.6,255.4,60.3,49.3,5.48,0.605,1.061,0.2,0.8
srv-0235,2026-09-04,27.1,42.0,36.8,47.1,55.9,52.8,98.7,258.9,54.3,44.4,4.93,0.489,0.931,0.4,0.6
srv-0235,2026-09-05,17.0,23.5,21.2,44.4,48.5,47.0,56.3,105.8,31.0,25.3,2.81,0.425,0.599,0.3,0.3
srv-0235,2026-09-06,18.1,24.9,22.5,44.9,51.9,49.5,67.5,165.4,37.1,30.4,3.38,0.502,0.543,0.3,0.2
srv-0236,2026-08-08,28.8,48.7,41.8,41.0,44.9,43.5,54.2,139.6,29.8,24.4,2.71,0.433,0.339,0.2,0.3
srv-0236,2026-08-09,27.4,46.5,39.8,41.0,43.4,42.6,44.8,84.6,24.6,20.1,2.24,0.457,0.581,0.2,0.3
srv-0236,2026-08-10,45.3,66.6,59.2,43.4,52.9,49.6,82.8,191.2,45.6,37.3,4.14,0.793,0.476,0.4,0.2
srv-0236,2026-08-11,41.1,96.0,76.8,42.7,49.0,46.8,53.9,268.4,29.6,24.3,2.69,1.574,1.174,0.7,0.4
srv-0236,2026-08-12,40.3,63.8,55.6,42.3,50.5,47.6,61.3,167.9,33.7,27.6,3.06,0.472,0.732,0.3,0.5
srv-0236,2026-08-13,43.6,71.5,61.7,42.5,46.2,44.9,53.8,123.4,29.6,24.2,2.69,0.449,0.616,0.3,0.3
srv-0236,2026-08-14,35.7,54.3,47.8,42.1,49.9,47.2,70.1,142.2,38.6,31.5,3.51,0.592,0.653,0.2,0.6
srv-0236,2026-08-15,24.5,33.5,30.3,40.7,46.8,44.7,45.9,119.8,25.2,20.6,2.29,0.505,0.495,0.2,0.2
srv-0236,2026-08-16,22.7,29.2,26.9,40.5,42.8,42.0,49.8,134.1,27.4,22.4,2.49,0.569,0.55,0.3,0.4
srv-0236,2026-08-17,33.1,48.5,43.1,42.0,44.8,43.8,47.9,122.0,26.4,21.6,2.4,0.853,0.397,0.3,0.2
srv-0236,2026-08-18,44.7,63.2,56.7,42.4,44.9,44.0,77.0,173.4,42.3,34.6,3.85,0.924,0.515,0.7,0.3
srv-0236,2026-08-19,39.1,53.9,48.7,42.4,50.1,47.4,70.3,148.9,38.7,31.6,3.51,0.536,0.622,0.4,0.5
srv-0236,2026-08-20,37.0,46.9,43.4,41.9,44.9,43.9,75.5,151.1,41.6,34.0,3.78,0.619,0.35,0.4,0.2
srv-0236,2026-08-21,43.9,59.5,54.1,43.6,51.8,48.9,90.0,173.2,49.5,40.5,4.5,0.568,0.47,0.2,0.4
srv-0236,2026-08-22,28.0,38.1,34.6,41.2,45.6,44.1,52.1,121.4,28.7,23.5,2.61,0.639,0.44,0.3,0.3
srv-0236,2026-08-23,32.0,40.8,37.7,40.9,48.6,45.9,48.4,119.0,26.6,21.8,2.42,0.597,0.544,0.3,0.3
srv-0236,2026-08-24,39.2,99,78.1,42.1,51.2,48.1,74.1,250.5,40.8,33.4,3.71,0.956,1.142,0.8,1.2
srv-0236,2026-08-25,43.1,56.0,51.5,42.4,47.6,45.8,75.8,174.4,41.7,34.1,3.79,0.536,0.781,0.2,0.6
srv-0236,2026-08-26,34.4,55.1,47.9,42.2,48.2,46.1,50.0,98.2,27.5,22.5,2.5,0.434,0.469,0.4,0.5
srv-0236,2026-08-27,36.0,45.0,41.9,42.4,49.0,46.7,59.1,164.4,32.5,26.6,2.96,0.447,0.597,0.3,0.5
srv-0236,2026-08-28,42.5,69.6,60.1,42.3,47.1,45.5,56.5,126.3,31.1,25.4,2.82,0.451,0.67,0.3,0.6
srv-0236,2026-08-29,28.1,37.1,34.0,40.7,46.2,44.3,37.5,90.3,20.6,16.9,1.88,0.644,0.357,0.5,0.3
srv-0236,2026-08-30,32.8,83.5,65.8,41.2,50.2,47.0,53.1,191.0,29.2,23.9,2.65,1.217,1.121,0.5,0.7
srv-0236,2026-08-31,40.8,62.3,54.8,43.4,47.3,46.0,92.3,190.3,50.8,41.5,4.61,0.854,0.641,0.5,0.5
srv-0236,2026-09-01,37.0,61.1,52.7,42.8,47.7,46.0,60.5,131.9,33.3,27.2,3.03,0.809,0.525,0.3,0.3
srv-0236,2026-09-02,41.9,60.5,54.0,43.2,48.6,46.7,77.7,192.9,42.7,35.0,3.88,0.866,0.661,0.5,0.5
srv-0236,2026-09-03,33.1,49.5,43.8,42.3,44.5,43.7,56.8,131.3,31.2,25.6,2.84,0.481,0.577,0.4,0.2
srv-0236,2026-09-04,46.5,77.9,66.9,43.8,47.0,45.9,76.8,180.6,42.3,34.6,3.84,0.542,0.729,0.2,0.4
srv-0236,2026-09-05,28.3,41.6,37.0,40.3,44.7,43.2,46.2,106.1,25.4,20.8,2.31,0.472,0.305,0.3,0.2
srv-0236,2026-09-06,26.7,33.7,31.3,40.2,47.4,44.9,44.5,93.3,24.5,20.0,2.22,0.457,0.428,0.3,0.3
srv-0239,2026-08-08,15.5,26.1,22.3,77.5,85.4,82.6,84.4,166.9,46.4,38.0,4.22,0.436,0.239,0.4,0.1
srv-0239,2026-08-09,16.0,24.2,21.3,78.5,86.5,83.7,107.6,232.1,59.2,48.4,5.38,0.694,0.282,0.3,0.1
srv-0239,2026-08-10,20.4,29.2,26.1,81.7,95.0,90.3,134.0,280.3,73.7,60.3,6.7,0.815,0.57,0.5,0.5
srv-0239,2026-08-11,23.7,60.7,47.8,82.8,99,93.3,165.9,820.1,91.3,74.7,8.3,1.079,1.143,0.8,1.0
srv-0239,2026-08-12,27.4,44.8,38.7,83.1,90.0,87.6,145.5,361.4,80.0,65.5,7.27,0.767,0.547,0.6,0.3
srv-0239,2026-08-13,20.9,33.8,29.3,81.8,88.8,86.4,119.5,253.8,65.7,53.8,5.97,0.813,0.473,0.3,0.4
srv-0239,2026-08-14,21.8,36.2,31.2,83.0,98.6,93.1,165.6,411.4,91.1,74.5,8.28,1.122,0.513,0.4,0.4
srv-0239,2026-08-15,19.6,31.1,27.1,79.5,84.1,82.4,104.6,265.0,57.5,47.1,5.23,0.387,0.429,0.3,0.3
srv-0239,2026-08-16,14.2,19.1,17.4,78.3,89.2,85.4,121.3,330.0,66.7,54.6,6.06,0.402,0.317,0.2,0.1
srv-0239,2026-08-17,24.5,67.9,52.7,81.8,94.8,90.3,127.8,471.9,70.3,57.5,6.39,1.665,0.794,0.8,0.8
srv-0239,2026-08-18,24.3,33.6,30.4,82.6,95.0,90.7,114.5,316.9,63.0,51.5,5.73,0.57,0.456,0.5,0.4
srv-0239,2026-08-19,26.8,37.5,33.8,82.7,94.8,90.6,123.5,239.0,67.9,55.6,6.17,0.83,0.541,0.4,0.4
srv-0239,2026-08-20,28.5,38.5,35.0,83.4,88.8,86.9,185.1,351.5,101.8,83.3,9.25,1.029,0.312,0.4,0.3
srv-0239,2026-08-21,20.6,33.9,29.2,81.4,92.5,88.6,138.3,253.0,76.1,62.2,6.91,0.603,0.266,0.5,0.2
srv-0239,2026-08-22,15.6,24.4,21.3,77.5,86.6,83.4,91.7,248.7,50.4,41.3,4.58,0.443,0.248,0.3,0.2
srv-0239,2026-08-23,13.6,19.7,17.6,78.4,84.0,82.1,105.1,284.9,57.8,47.3,5.25,0.696,0.388,0.6,0.3
srv-0239,2026-08-24,29.7,44.0,39.0,84.0,94.3,90.7,199.6,485.4,109.8,89.8,9.98,0.819,0.581,0.6,0.5
srv-0239,2026-08-25,20.8,33.4,29.0,81.4,95.2,90.4,121.8,276.6,67.0,54.8,6.09,0.559,0.274,0.5,0.2
srv-0239,2026-08-26,23.6,37.0,32.3,82.8,97.7,92.5,184.8,398.2,101.7,83.2,9.24,1.066,0.395,0.8,0.4
srv-0239,2026-08-27,20.1,27.4,24.9,81.9,87.5,85.6,111.5,278.7,61.3,50.2,5.58,0.832,0.293,0.5,0.3
srv-0239,2026-08-28,24.5,32.2,29.5,81.9,92.7,88.9,161.7,391.5,88.9,72.8,8.09,0.742,0.448,0.3,0.3
srv-0239,2026-08-29,17.2,23.6,21.4,79.6,91.2,87.1,87.8,183.0,48.3,39.5,4.39,0.568,0.458,0.5,0.2
srv-0239,2026-08-30,12.6,16.9,15.4,77.5,93.6,87.9,83.3,224.9,45.8,37.5,4.16,0.293,0.28,0.2,0.1
srv-0239,2026-08-31,24.7,73.8,56.6,83.4,99,93.5,193.0,733.9,106.1,86.8,9.65,1.335,1.032,1.0,0.7
srv-0239,2026-09-01,18.6,23.7,21.9,80.9,90.3,87.0,101.6,242.0,55.9,45.7,5.08,0.572,0.279,0.5,0.3
srv-0239,2026-09-02,22.7,31.1,28.2,81.7,87.1,85.2,159.4,375.8,87.7,71.7,7.97,0.929,0.383,0.6,0.2
srv-0239,2026-09-03,21.2,30.1,27.0,82.4,91.8,88.5,115.3,267.5,63.4,51.9,5.77,0.75,0.427,0.5,0.4
srv-0239,2026-09-04,24.9,32.4,29.8,82.8,94.9,90.7,159.7,424.6,87.8,71.8,7.98,0.836,0.537,0.4,0.4
srv-0239,2026-09-05,14.4,18.6,17.1,77.3,83.7,81.5,87.0,177.2,47.8,39.1,4.35,0.583,0.18,0.5,0.1
srv-0239,2026-09-06,20.0,27.7,25.0,79.4,87.0,84.4,121.9,315.0,67.0,54.8,6.09,0.644,0.257,0.3,0.1
srv-0240,2026-08-08,2.4,3.4,3.0,48.4,58.3,54.8,20.4,40.4,11.2,9.2,1.02,0.212,0.505,0.1,0.3
srv-0240,2026-08-09,1.9,2.7,2.4,47.6,54.5,52.1,14.5,39.3,7.9,6.5,0.72,0.232,0.533,0.2,0.5
srv-0240,2026-08-10,3.0,4.1,3.7,50.3,59.3,56.1,34.5,84.9,18.9,15.5,1.72,0.488,0.823,0.4,0.6
srv-0240,2026-08-11,3.6,5.4,4.8,51.2,62.2,58.3,33.8,84.5,18.6,15.2,1.69,0.501,0.854,0.3,0.6
srv-0240,2026-08-12,3.5,4.4,4.1,51.4,54.9,53.7,26.2,55.2,14.4,11.8,1.31,0.321,0.756,0.2,0.6
srv-0240,2026-08-13,3.9,6.5,5.6,51.3,54.5,53.4,26.6,62.2,14.6,12.0,1.33,0.467,0.938,0.2,0.5
srv-0240,2026-08-14,3.4,5.1,4.5,50.8,59.3,56.3,34.9,69.2,19.2,15.7,1.75,0.293,0.663,0.2,0.4
srv-0240,2026-08-15,2.4,3.3,3.0,47.9,54.6,52.3,18.5,45.3,10.2,8.3,0.93,0.212,0.517,0.1,0.5
srv-0240,2026-08-16,2.2,3.7,3.2,48.0,51.7,50.4,16.7,41.4,9.2,7.5,0.83,0.317,0.347,0.2,0.2
srv-0240,2026-08-17,3.6,5.0,4.5,51.0,58.5,55.9,41.1,96.5,22.6,18.5,2.06,0.403,0.534,0.3,0.3
srv-0240,2026-08-18,3.3,4.9,4.3,49.8,58.3,55.3,26.0,58.0,14.3,11.7,1.3,0.368,0.526,0.3,0.3
srv-0240,2026-08-19,3.6,4.9,4.5,51.6,62.6,58.7,29.7,63.1,16.3,13.4,1.48,0.324,0.612,0.2,0.3
srv-0240,2026-08-20,2.7,4.4,3.8,49.6,59.9,56.3,26.9,59.8,14.8,12.1,1.35,0.452,0.593,0.2,0.2
srv-0240,2026-08-21,3.7,10.3,8.0,51.5,55.3,53.9,36.4,166.9,20.0,16.4,1.82,0.884,1.27,0.7,0.6
srv-0240,2026-08-22,2.2,2.9,2.7,48.2,56.9,53.9,18.2,38.2,10.0,8.2,0.91,0.353,0.573,0.2,0.4
srv-0240,2026-08-23,2.3,5.3,4.2,48.0,56.5,53.5,17.0,62.2,9.4,7.7,0.85,0.69,0.663,0.4,0.6
srv-0240,2026-08-24,3.7,4.6,4.3,51.0,54.0,52.9,32.1,80.8,17.7,14.5,1.61,0.395,0.686,0.3,0.3
srv-0240,2026-08-25,3.3,4.5,4.1,49.4,55.5,53.4,27.7,55.0,15.2,12.5,1.39,0.276,0.383,0.1,0.2
srv-0240,2026-08-26,2.9,4.3,3.8,50.2,54.6,53.0,36.5,69.3,20.1,16.4,1.83,0.362,0.389,0.2,0.2
srv-0240,2026-08-27,3.9,5.4,4.9,50.9,54.2,53.0,30.7,73.9,16.9,13.8,1.54,0.504,0.827,0.2,0.7
srv-0240,2026-08-28,2.8,4.1,3.7,49.5,53.1,51.8,31.1,81.2,17.1,14.0,1.55,0.426,0.646,0.3,0.4
srv-0240,2026-08-29,2.0,3.0,2.6,47.9,53.7,51.7,20.2,46.1,11.1,9.1,1.01,0.208,0.259,0.1,0.2
srv-0240,2026-08-30,2.1,3.5,3.0,47.3,54.4,52.0,20.9,47.0,11.5,9.4,1.04,0.264,0.46,0.2,0.3
srv-0240,2026-08-31,3.0,5.0,4.3,50.0,56.7,54.4,26.8,59.0,14.7,12.1,1.34,0.377,0.769,0.1,0.4
srv-0240,2026-09-01,3.8,6.3,5.5,50.7,59.6,56.4,25.2,61.1,13.8,11.3,1.26,0.527,0.69,0.3,0.3
srv-0240,2026-09-02,3.4,5.4,4.7,51.2,56.2,54.5,40.1,104.9,22.1,18.1,2.01,0.477,0.788,0.3,0.7
srv-0240,2026-09-03,3.5,4.4,4.1,50.2,60.5,56.9,26.4,64.6,14.5,11.9,1.32,0.471,0.385,0.3,0.1
srv-0240,2026-09-04,3.4,4.6,4.2,51.5,57.3,55.3,42.8,118.3,23.5,19.3,2.14,0.588,0.529,0.4,0.2
srv-0240,2026-09-05,2.8,4.4,3.8,48.5,58.7,55.1,21.7,42.1,11.9,9.8,1.08,0.303,0.408,0.2,0.3
srv-0240,2026-09-06,1.8,2.6,2.3,47.2,56.5,53.3,13.7,34.3,7.5,6.2,0.68,0.306,0.47,0.3,0.2
srv-0241,2026-08-08,9.1,11.8,10.9,48.1,54.4,52.2,20.9,41.1,11.5,9.4,1.04,0.533,0.464,0.2,0.4
srv-0241,2026-08-09,9.5,16.1,13.8,48.1,52.5,51.0,14.8,37.8,8.2,6.7,0.74,0.566,0.494,0.4,0.3
srv-0241,2026-08-10,13.9,21.7,18.9,51.6,59.8,56.9,26.6,73.9,14.6,12.0,1.33,0.788,0.653,0.6,0.6
srv-0241,2026-08-11,15.9,24.5,21.5,51.6,60.8,57.5,33.7,64.2,18.5,15.2,1.69,0.53,0.89,0.4,0.9
srv-0241,2026-08-12,12.8,19.3,17.1,50.4,56.2,54.2,24.4,64.7,13.4,11.0,1.22,0.546,0.769,0.3,0.6
srv-0241,2026-08-13,17.9,29.4,25.4,52.3,58.7,56.4,31.3,62.0,17.2,14.1,1.56,0.962,1.136,0.4,0.8
srv-0241,2026-08-14,15.8,22.4,20.1,51.8,63.2,59.2,31.5,78.8,17.3,14.2,1.58,0.508,1.051,0.3,0.7
srv-0241,2026-08-15,7.4,10.5,9.4,48.0,55.8,53.1,16.5,41.3,9.1,7.4,0.82,0.537,0.493,0.4,0.2
srv-0241,2026-08-16,9.8,13.5,12.2,49.2,59.9,56.2,17.1,37.7,9.4,7.7,0.86,0.42,0.779,0.3,0.3
srv-0241,2026-08-17,11.2,19.0,16.3,50.5,60.0,56.7,32.2,71.6,17.7,14.5,1.61,0.721,0.843,0.6,0.6
srv-0241,2026-08-18,13.5,21.2,18.5,51.5,58.1,55.8,28.3,68.2,15.6,12.7,1.41,0.857,0.568,0.4,0.4
srv-0241,2026-08-19,13.9,21.0,18.5,52.1,58.8,56.5,39.6,81.5,21.8,17.8,1.98,0.815,0.872,0.6,0.8
srv-0241,2026-08-20,15.3,25.8,22.1,50.9,61.6,57.8,33.8,88.2,18.6,15.2,1.69,0.626,0.75,0.3,0.4
srv-0241,2026-08-21,12.7,16.2,15.0,51.4,57.3,55.3,35.8,75.9,19.7,16.1,1.79,0.743,0.789,0.5,0.8
srv-0241,2026-08-22,9.6,13.8,12.3,48.7,52.2,51.0,22.7,55.0,12.5,10.2,1.13,0.565,0.362,0.5,0.2
srv-0241,2026-08-23,11.3,28.6,22.6,49.0,55.5,53.2,20.8,103.4,11.5,9.4,1.04,0.582,0.649,0.3,0.3
srv-0241,2026-08-24,13.1,37.2,28.8,50.2,60.4,56.8,31.0,117.7,17.1,14.0,1.55,1.17,1.22,0.9,0.8
srv-0241,2026-08-25,14.5,23.1,20.1,52.3,59.2,56.7,27.0,60.9,14.9,12.2,1.35,0.575,1.109,0.4,1.0
srv-0241,2026-08-26,13.7,18.5,16.8,51.6,55.0,53.8,36.2,93.8,19.9,16.3,1.81,0.626,0.784,0.4,0.6
srv-0241,2026-08-27,15.0,20.4,18.5,51.2,56.5,54.6,25.5,48.2,14.0,11.5,1.27,0.854,1.095,0.3,0.7
srv-0241,2026-08-28,16.3,23.9,21.2,51.3,62.0,58.3,23.4,50.9,12.9,10.5,1.17,0.685,0.911,0.4,0.6
srv-0241,2026-08-29,8.8,14.8,12.7,48.3,52.2,50.8,13.8,31.0,7.6,6.2,0.69,0.349,0.592,0.2,0.4
srv-0241,2026-08-30,9.2,15.5,13.3,48.1,56.5,53.5,16.0,31.2,8.8,7.2,0.8,0.515,0.321,0.2,0.1
srv-0241,2026-08-31,13.0,35.6,27.7,50.8,60.4,57.0,25.4,106.2,14.0,11.4,1.27,1.379,1.63,0.8,1.3
srv-0241,2026-09-01,13.7,33.4,26.5,50.3,55.1,53.4,22.2,75.3,12.2,10.0,1.11,0.804,1.245,0.5,1.1
srv-0241,2026-09-02,16.7,26.5,23.0,51.5,55.2,53.9,23.7,49.4,13.0,10.7,1.19,0.881,0.8,0.3,0.6
srv-0241,2026-09-03,12.9,19.4,17.1,50.1,58.7,55.7,30.8,74.7,17.0,13.9,1.54,0.764,0.889,0.3,0.4
srv-0241,2026-09-04,14.8,22.7,19.9,51.3,59.9,56.9,24.1,54.6,13.2,10.8,1.2,0.695,0.997,0.6,0.7
srv-0241,2026-09-05,8.9,15.0,12.9,48.3,53.9,52.0,21.5,57.3,11.8,9.7,1.08,0.553,0.561,0.3,0.2
srv-0241,2026-09-06,8.3,14.1,12.1,48.4,53.0,51.4,16.2,39.8,8.9,7.3,0.81,0.494,0.442,0.4,0.3
srv-0242,2026-08-08,18.2,26.4,23.5,30.5,33.0,32.1,123.2,292.7,67.8,55.4,6.16,0.29,0.208,0.1,0.1
srv-0242,2026-08-09,17.8,25.3,22.7,30.6,34.7,33.3,122.8,273.5,67.5,55.3,6.14,0.33,0.401,0.3,0.3
srv-0242,2026-08-10,39.5,65.5,56.4,32.9,35.6,34.7,201.5,363.8,110.8,90.7,10.07,1.071,0.67,0.9,0.5
srv-0242,2026-08-11,32.8,49.2,43.5,32.4,39.3,36.9,164.8,312.2,90.6,74.2,8.24,1.001,0.455,0.6,0.3
srv-0242,2026-08-12,32.7,46.6,41.7,32.5,38.1,36.2,238.9,477.9,131.4,107.5,11.94,0.612,0.454,0.3,0.4
srv-0242,2026-08-13,30.5,51.8,44.3,32.1,34.5,33.7,201.2,431.5,110.7,90.6,10.06,0.447,0.366,0.3,0.3
srv-0242,2026-08-14,32.6,44.7,40.5,32.5,38.0,36.0,200.1,455.0,110.1,90.1,10.01,0.62,0.651,0.4,0.6
srv-0242,2026-08-15,22.1,28.6,26.3,30.8,32.5,31.9,120.8,245.8,66.4,54.4,6.04,0.537,0.279,0.4,0.2
srv-0242,2026-08-16,22.3,33.3,29.4,30.9,36.4,34.5,119.3,263.2,65.6,53.7,5.96,0.514,0.284,0.4,0.2
srv-0242,2026-08-17,27.6,46.3,39.8,32.1,38.1,36.0,167.2,465.3,92.0,75.3,8.36,0.663,0.556,0.5,0.3
srv-0242,2026-08-18,32.0,46.6,41.5,32.5,34.5,33.8,156.0,374.5,85.8,70.2,7.8,0.581,0.533,0.5,0.3
srv-0242,2026-08-19,29.5,42.8,38.1,32.4,38.6,36.4,153.1,355.5,84.2,68.9,7.66,0.708,0.698,0.5,0.6
srv-0242,2026-08-20,39.5,60.9,53.4,33.2,36.7,35.4,223.9,449.9,123.1,100.7,11.19,1.021,0.49,0.9,0.5
srv-0242,2026-08-21,36.6,57.3,50.1,32.8,39.8,37.3,244.7,642.5,134.6,110.1,12.24,0.88,0.669,0.6,0.7
srv-0242,2026-08-22,20.6,34.8,29.8,30.9,34.0,32.9,143.9,298.1,79.2,64.8,7.2,0.44,0.395,0.3,0.3
srv-0242,2026-08-23,21.5,31.2,27.8,30.7,34.3,33.0,137.7,281.4,75.7,62.0,6.89,0.433,0.378,0.2,0.2
srv-0242,2026-08-24,39.0,54.1,48.8,32.8,39.5,37.1,255.2,467.2,140.3,114.8,12.76,0.843,0.627,0.3,0.5
srv-0242,2026-08-25,36.9,52.1,46.8,32.4,39.4,36.9,227.2,499.2,125.0,102.3,11.36,0.79,0.679,0.6,0.4
srv-0242,2026-08-26,42.5,55.3,50.8,33.3,40.2,37.8,250.5,586.5,137.8,112.7,12.53,1.127,0.61,0.7,0.6
srv-0242,2026-08-27,35.3,47.2,43.0,33.2,39.3,37.2,245.9,542.5,135.2,110.7,12.3,0.89,0.802,0.8,0.6
srv-0242,2026-08-28,36.2,60.3,51.9,32.7,37.3,35.7,210.1,406.2,115.6,94.6,10.51,1.075,0.599,0.8,0.5
srv-0242,2026-08-29,22.2,32.0,28.6,30.6,32.1,31.6,109.9,297.1,60.4,49.5,5.49,0.436,0.259,0.3,0.2
srv-0242,2026-08-30,24.7,35.4,31.6,30.8,34.6,33.3,142.4,350.1,78.3,64.1,7.12,0.403,0.347,0.2,0.2
srv-0242,2026-08-31,40.9,68.7,59.0,33.2,36.9,35.6,274.6,543.7,151.0,123.6,13.73,0.705,0.67,0.6,0.6
srv-0242,2026-09-01,30.3,45.2,40.0,32.1,38.1,36.0,210.8,505.5,115.9,94.8,10.54,0.507,0.58,0.3,0.6
srv-0242,2026-09-02,38.3,52.7,47.7,32.5,39.0,36.8,184.3,409.0,101.4,82.9,9.21,0.897,0.478,0.4,0.3
srv-0242,2026-09-03,35.5,50.4,45.2,32.3,36.4,35.0,174.2,453.2,95.8,78.4,8.71,0.932,0.321,0.5,0.3
srv-0242,2026-09-04,34.4,45.8,41.8,32.6,38.6,36.5,235.0,511.1,129.3,105.8,11.75,0.886,0.686,0.6,0.6
srv-0242,2026-09-05,24.4,30.5,28.4,31.1,37.0,35.0,106.0,270.0,58.3,47.7,5.3,0.413,0.279,0.2,0.2
srv-0242,2026-09-06,20.8,30.3,27.0,30.8,35.6,33.9,110.8,251.7,60.9,49.8,5.54,0.489,0.251,0.4,0.2
srv-0243,2026-08-08,17.3,22.9,20.9,58.5,67.4,64.3,52.1,131.3,28.7,23.4,2.61,0.319,0.488,0.2,0.4
srv-0243,2026-08-09,22.4,32.1,28.7,59.0,62.6,61.3,63.4,175.2,34.9,28.5,3.17,0.349,0.587,0.3,0.6
srv-0243,2026-08-10,34.4,53.9,47.0,62.7,66.2,65.0,90.5,212.8,49.8,40.7,4.52,0.64,1.018,0.3,0.5
srv-0243,2026-08-11,32.7,54.6,46.9,63.0,71.5,68.6,99.1,185.8,54.5,44.6,4.96,0.461,0.814,0.3,0.6
srv-0243,2026-08-12,33.4,51.9,45.4,62.5,73.2,69.4,79.5,181.7,43.7,35.8,3.97,0.639,1.06,0.3,0.8
srv-0243,2026-08-13,33.2,44.0,40.2,62.9,75.5,71.1,99.0,241.4,54.4,44.5,4.95,0.585,1.068,0.4,0.5
srv-0243,2026-08-14,43.8,70.6,61.2,63.4,68.3,66.6,81.6,191.9,44.9,36.7,4.08,0.736,0.566,0.6,0.4
srv-0243,2026-08-15,27.1,41.4,36.4,59.8,72.4,68.0,61.7,125.4,33.9,27.8,3.08,0.285,0.449,0.2,0.2
srv-0243,2026-08-16,23.0,37.8,32.6,60.0,64.6,63.0,45.9,118.3,25.2,20.6,2.29,0.371,0.795,0.2,0.6
srv-0243,2026-08-17,38.9,59.2,52.1,62.2,72.8,69.1,85.1,225.0,46.8,38.3,4.26,0.767,1.064,0.3,0.6
srv-0243,2026-08-18,35.0,46.5,42.5,61.9,69.6,66.9,89.2,178.6,49.1,40.2,4.46,0.684,0.714,0.4,0.7
srv-0243,2026-08-19,35.7,59.8,51.4,63.0,75.7,71.3,84.4,180.3,46.4,38.0,4.22,0.622,0.924,0.2,0.4
srv-0243,2026-08-20,32.8,53.4,46.2,62.5,65.9,64.7,96.4,245.8,53.0,43.4,4.82,0.682,0.814,0.4,0.6
srv-0243,2026-08-21,34.0,46.5,42.1,63.4,69.8,67.5,89.0,210.1,49.0,40.1,4.45,0.688,0.924,0.6,0.6
srv-0243,2026-08-22,20.5,28.5,25.7,59.1,67.0,64.2,61.7,113.1,33.9,27.8,3.09,0.422,0.317,0.3,0.2
srv-0243,2026-08-23,22.9,33.8,30.0,59.5,62.5,61.5,54.8,110.8,30.2,24.7,2.74,0.56,0.666,0.2,0.5
srv-0243,2026-08-24,26.6,38.5,34.3,61.2,69.0,66.2,85.2,208.2,46.9,38.3,4.26,0.552,0.94,0.5,0.5
srv-0243,2026-08-25,31.3,43.6,39.3,61.9,75.0,70.4,94.7,237.0,52.1,42.6,4.73,0.78,1.025,0.6,0.7
srv-0243,2026-08-26,35.4,48.5,43.9,62.3,68.9,66.6,94.4,205.3,51.9,42.5,4.72,0.67,1.066,0.4,0.7
srv-0243,2026-08-27,33.6,56.5,48.5,63.1,70.2,67.7,84.9,164.8,46.7,38.2,4.25,0.466,0.94,0.3,0.9
srv-0243,2026-08-28,44.8,73.2,63.3,63.6,71.6,68.8,101.7,192.3,56.0,45.8,5.09,0.684,0.822,0.3,0.6
srv-0243,2026-08-29,19.1,28.1,25.0,58.3,62.4,60.9,47.3,111.0,26.0,21.3,2.36,0.351,0.582,0.2,0.5
srv-0243,2026-08-30,22.8,30.5,27.8,58.9,67.8,64.7,42.5,90.7,23.4,19.1,2.12,0.328,0.597,0.2,0.2
srv-0243,2026-08-31,28.8,42.4,37.6,61.1,70.0,66.9,73.8,148.8,40.6,33.2,3.69,0.382,0.804,0.2,0.4
srv-0243,2026-09-01,37.0,55.1,48.8,62.4,73.2,69.4,82.0,165.0,45.1,36.9,4.1,0.585,0.837,0.3,0.4
srv-0243,2026-09-02,44.7,64.0,57.2,63.7,70.9,68.4,96.5,244.3,53.1,43.4,4.83,0.828,1.029,0.5,1.0
srv-0243,2026-09-03,34.6,43.7,40.5,62.9,68.3,66.4,100.9,254.1,55.5,45.4,5.05,0.8,0.717,0.5,0.5
srv-0243,2026-09-04,37.7,54.0,48.3,63.4,68.7,66.9,93.9,244.0,51.7,42.3,4.7,0.503,1.155,0.3,1.0
srv-0243,2026-09-05,25.2,36.8,32.7,59.7,67.7,64.9,71.9,147.9,39.5,32.4,3.6,0.601,0.745,0.5,0.7
srv-0243,2026-09-06,26.0,35.5,32.2,59.9,68.6,65.6,73.4,142.1,40.4,33.0,3.67,0.509,0.393,0.3,0.3
srv-0246,2026-08-08,17.4,29.5,25.2,63.9,67.3,66.1,84.9,162.9,46.7,38.2,4.25,0.251,0.233,0.1,0.1
srv-0246,2026-08-09,18.7,31.2,26.8,65.1,72.0,69.6,95.7,241.7,52.6,43.1,4.78,0.242,0.518,0.1,0.4
srv-0246,2026-08-10,27.0,34.3,31.7,67.5,82.0,76.9,166.7,331.0,91.7,75.0,8.34,0.55,0.377,0.4,0.3
srv-0246,2026-08-11,30.0,45.0,39.7,68.9,80.9,76.7,211.9,577.7,116.6,95.4,10.6,0.462,0.596,0.3,0.5
srv-0246,2026-08-12,24.4,34.3,30.8,67.3,78.3,74.5,136.4,289.4,75.0,61.4,6.82,0.356,0.715,0.3,0.6
srv-0246,2026-08-13,25.6,36.7,32.8,67.7,73.7,71.6,192.2,457.6,105.7,86.5,9.61,0.491,0.369,0.3,0.2
srv-0246,2026-08-14,33.1,50.2,44.2,69.6,79.8,76.2,208.0,420.2,114.4,93.6,10.4,0.661,0.775,0.4,0.3
srv-0246,2026-08-15,18.1,28.3,24.7,65.5,70.7,68.9,108.5,254.7,59.7,48.8,5.43,0.325,0.556,0.2,0.5
srv-0246,2026-08-16,15.7,21.2,19.3,64.5,73.3,70.2,86.2,222.7,47.4,38.8,4.31,0.187,0.48,0.2,0.4
srv-0246,2026-08-17,27.1,76.9,59.5,69.0,77.8,74.7,136.0,574.7,74.8,61.2,6.8,1.046,1.117,0.6,0.9
srv-0246,2026-08-18,21.3,32.5,28.6,67.1,77.9,74.2,163.8,443.8,90.1,73.7,8.19,0.506,0.489,0.2,0.3
srv-0246,2026-08-19,28.1,44.8,38.9,68.3,77.7,74.4,193.6,394.7,106.5,87.1,9.68,0.333,0.645,0.2,0.5
srv-0246,2026-08-20,29.9,47.7,41.5,68.5,74.0,72.1,139.9,350.3,77.0,63.0,7.0,0.533,0.535,0.2,0.5
srv-0246,2026-08-21,26.5,36.0,32.6,68.1,72.0,70.6,141.3,389.9,77.7,63.6,7.06,0.342,0.366,0.3,0.2
srv-0246,2026-08-22,17.6,26.0,23.1,63.9,75.7,71.6,91.9,219.6,50.6,41.4,4.6,0.203,0.295,0.1,0.2
srv-0246,2026-08-23,15.4,22.0,19.7,63.8,69.7,67.7,89.3,201.7,49.1,40.2,4.46,0.226,0.325,0.2,0.3
srv-0246,2026-08-24,22.6,36.1,31.4,67.3,74.4,71.9,155.0,409.8,85.3,69.8,7.75,0.262,0.437,0.1,0.2
srv-0246,2026-08-25,31.6,53.3,45.7,68.6,80.9,76.6,153.8,374.4,84.6,69.2,7.69,0.424,0.493,0.2,0.3
srv-0246,2026-08-26,32.6,41.1,38.1,69.0,81.2,76.9,213.1,447.0,117.2,95.9,10.66,0.505,0.749,0.5,0.5
srv-0246,2026-08-27,23.8,33.9,30.4,66.9,71.4,69.8,163.9,432.8,90.1,73.7,8.19,0.422,0.383,0.4,0.2
srv-0246,2026-08-28,23.7,30.8,28.3,66.8,81.1,76.1,152.3,350.8,83.8,68.5,7.61,0.287,0.63,0.2,0.6
srv-0246,2026-08-29,17.0,24.9,22.1,64.8,70.2,68.3,116.1,290.1,63.9,52.3,5.81,0.28,0.308,0.3,0.2
srv-0246,2026-08-30,16.4,20.6,19.1,64.9,69.5,67.9,100.2,271.0,55.1,45.1,5.01,0.357,0.362,0.2,0.2
srv-0246,2026-08-31,25.6,60.4,48.2,67.7,74.1,71.9,156.4,728.9,86.0,70.4,7.82,0.715,0.696,0.3,0.3
srv-0246,2026-09-01,24.6,33.0,30.1,67.2,72.3,70.5,128.4,233.0,70.6,57.8,6.42,0.431,0.366,0.4,0.2
srv-0246,2026-09-02,24.1,38.1,33.2,67.1,77.6,73.9,160.2,302.3,88.1,72.1,8.01,0.481,0.333,0.4,0.2
srv-0246,2026-09-03,22.7,30.3,27.6,67.0,77.1,73.6,110.5,263.1,60.8,49.7,5.53,0.511,0.388,0.4,0.4
srv-0246,2026-09-04,32.0,44.1,39.9,69.1,83.4,78.4,211.4,398.1,116.3,95.1,10.57,0.505,0.441,0.2,0.2
srv-0246,2026-09-05,17.2,23.8,21.5,65.1,71.2,69.1,106.2,274.0,58.4,47.8,5.31,0.268,0.431,0.1,0.3
srv-0246,2026-09-06,17.6,22.7,20.9,64.8,72.2,69.6,87.3,184.4,48.0,39.3,4.37,0.377,0.393,0.2,0.4
srv-0247,2026-08-08,14.5,22.4,19.6,46.4,52.7,50.5,34.6,63.8,19.0,15.6,1.73,0.514,0.555,0.4,0.5
srv-0247,2026-08-09,10.2,12.8,11.9,45.0,47.9,46.9,23.6,57.0,13.0,10.6,1.18,0.312,0.516,0.2,0.3
srv-0247,2026-08-10,16.8,27.9,24.0,47.2,53.7,51.5,42.1,80.8,23.1,18.9,2.1,0.61,0.934,0.5,0.9
srv-0247,2026-08-11,17.8,23.9,21.8,48.2,56.3,53.5,35.2,75.3,19.4,15.8,1.76,0.465,0.562,0.4,0.5
srv-0247,2026-08-12,17.5,26.8,23.5,48.5,54.5,52.4,41.5,114.1,22.8,18.7,2.07,0.439,0.952,0.3,0.9
srv-0247,2026-08-13,15.8,43.5,33.8,47.4,50.4,49.3,42.8,184.2,23.5,19.2,2.14,1.317,0.973,0.6,0.6
srv-0247,2026-08-14,20.5,29.0,26.0,48.8,52.6,51.3,38.1,76.2,21.0,17.1,1.91,0.874,1.133,0.5,1.0
srv-0247,2026-08-15,13.3,20.4,17.9,45.6,54.3,51.3,27.8,72.8,15.3,12.5,1.39,0.478,0.664,0.3,0.5
srv-0247,2026-08-16,12.3,19.9,17.3,45.2,48.8,47.6,24.2,64.7,13.3,10.9,1.21,0.44,0.477,0.4,0.2
srv-0247,2026-08-17,22.5,36.3,31.5,48.6,58.4,55.0,57.3,141.8,31.5,25.8,2.87,0.734,1.06,0.5,0.7
srv-0247,2026-08-18,23.1,35.2,30.9,48.6,51.5,50.5,43.4,110.6,23.9,19.5,2.17,0.626,0.894,0.5,0.7
srv-0247,2026-08-19,19.0,25.9,23.5,48.7,51.6,50.6,57.1,128.3,31.4,25.7,2.86,0.678,1.205,0.4,0.8
srv-0247,2026-08-20,21.9,37.2,31.8,48.8,51.7,50.7,48.8,94.4,26.9,22.0,2.44,0.595,1.128,0.3,0.9
srv-0247,2026-08-21,19.1,29.1,25.6,47.8,58.0,54.4,48.4,133.2,26.6,21.8,2.42,0.436,0.778,0.3,0.6
srv-0247,2026-08-22,12.4,32.7,25.6,46.3,49.7,48.5,31.9,147.4,17.6,14.4,1.6,1.015,1.291,0.7,0.9
srv-0247,2026-08-23,10.8,18.0,15.5,45.3,51.7,49.4,27.1,53.8,14.9,12.2,1.35,0.366,0.494,0.2,0.3
srv-0247,2026-08-24,17.8,24.6,22.2,47.9,50.7,49.7,43.9,108.7,24.1,19.7,2.19,0.416,1.156,0.3,0.8
srv-0247,2026-08-25,22.4,34.3,30.1,48.4,52.6,51.1,51.7,107.4,28.4,23.2,2.58,0.652,0.984,0.3,1.0
srv-0247,2026-08-26,19.1,27.2,24.4,47.5,57.2,53.8,35.3,77.9,19.4,15.9,1.76,0.516,0.521,0.4,0.5
srv-0247,2026-08-27,16.0,23.4,20.8,47.2,55.5,52.6,42.0,114.8,23.1,18.9,2.1,0.569,0.621,0.4,0.5
srv-0247,2026-08-28,21.5,34.7,30.1,49.1,52.4,51.3,45.6,88.8,25.1,20.5,2.28,0.73,1.374,0.5,1.0
srv-0247,2026-08-29,15.4,20.3,18.6,46.3,53.5,51.0,37.2,103.5,20.5,16.7,1.86,0.355,0.891,0.3,0.9
srv-0247,2026-08-30,13.2,36.8,28.5,45.6,53.6,50.8,23.3,112.4,12.8,10.5,1.17,0.952,1.015,0.6,0.8
srv-0247,2026-08-31,17.9,24.7,22.3,47.3,54.3,51.9,45.2,108.7,24.9,20.4,2.26,0.634,0.713,0.4,0.6
srv-0247,2026-09-01,17.8,27.8,24.3,48.0,52.9,51.2,52.7,99.5,29.0,23.7,2.64,0.392,1.119,0.3,1.0
srv-0247,2026-09-02,19.5,24.5,22.8,48.9,51.5,50.6,62.6,146.4,34.4,28.2,3.13,0.717,1.068,0.6,0.7
srv-0247,2026-09-03,23.0,31.0,28.2,49.0,52.4,51.2,57.4,139.6,31.6,25.8,2.87,0.786,0.878,0.4,0.4
srv-0247,2026-09-04,18.9,31.7,27.2,47.5,50.1,49.2,40.2,95.7,22.1,18.1,2.01,0.396,0.909,0.3,0.9
srv-0247,2026-09-05,12.8,17.8,16.0,45.5,55.1,51.7,31.5,87.1,17.3,14.2,1.57,0.45,0.398,0.2,0.2
srv-0247,2026-09-06,12.5,19.1,16.8,45.8,48.1,47.3,24.8,68.1,13.6,11.1,1.24,0.307,0.64,0.2,0.3
srv-0248,2026-08-08,5.0,8.3,7.1,72.0,83.8,79.7,16.3,43.6,9.0,7.3,0.81,0.299,0.372,0.1,0.2
srv-0248,2026-08-09,4.6,6.1,5.6,72.9,86.0,81.4,17.0,41.2,9.3,7.6,0.85,0.396,0.405,0.2,0.4
srv-0248,2026-08-10,9.1,14.2,12.4,77.6,91.4,86.5,30.2,55.0,16.6,13.6,1.51,0.687,0.77,0.5,0.7
srv-0248,2026-08-11,7.3,10.8,9.6,77.1,84.7,82.1,36.3,76.9,20.0,16.4,1.82,0.407,0.788,0.4,0.3
srv-0248,2026-08-12,7.4,10.4,9.3,75.6,91.8,86.1,32.8,70.2,18.0,14.8,1.64,0.36,0.459,0.3,0.3
srv-0248,2026-08-13,8.8,12.7,11.3,77.2,84.8,82.1,36.0,80.1,19.8,16.2,1.8,0.352,0.724,0.2,0.4
srv-0248,2026-08-14,8.2,10.9,10.0,77.0,85.6,82.6,33.8,70.4,18.6,15.2,1.69,0.459,0.967,0.3,0.6
srv-0248,2026-08-15,5.3,7.4,6.7,72.6,84.7,80.4,21.7,39.7,11.9,9.8,1.09,0.3,0.503,0.1,0.2
srv-0248,2026-08-16,4.5,6.3,5.7,71.9,86.3,81.2,18.7,47.8,10.3,8.4,0.94,0.31,0.353,0.1,0.2
srv-0248,2026-08-17,10.0,15.8,13.8,78.4,90.9,86.5,28.3,57.4,15.6,12.8,1.42,0.815,0.675,0.7,0.6
srv-0248,2026-08-18,8.8,11.1,10.3,78.2,85.8,83.1,28.4,60.2,15.6,12.8,1.42,0.671,0.637,0.5,0.4
srv-0248,2026-08-19,7.8,19.7,15.5,77.6,85.3,82.6,25.0,83.0,13.8,11.3,1.25,1.089,1.36,1.0,1.0
srv-0248,2026-08-20,8.1,11.1,10.1,75.7,86.0,82.4,33.1,86.3,18.2,14.9,1.66,0.648,0.73,0.6,0.4
srv-0248,2026-08-21,7.8,9.7,9.0,76.6,86.5,83.0,36.3,83.0,20.0,16.3,1.81,0.378,0.545,0.3,0.5
srv-0248,2026-08-22,6.4,9.6,8.5,73.8,88.2,83.2,23.2,61.5,12.8,10.4,1.16,0.52,0.572,0.4,0.6
srv-0248,2026-08-23,4.5,6.6,5.9,72.3,85.8,81.1,19.4,44.2,10.7,8.7,0.97,0.279,0.453,0.2,0.3
srv-0248,2026-08-24,6.7,11.1,9.6,76.2,84.0,81.3,32.4,87.6,17.8,14.6,1.62,0.395,0.852,0.2,0.8
srv-0248,2026-08-25,8.0,12.7,11.0,76.9,92.1,86.8,33.3,71.3,18.3,15.0,1.67,0.659,0.727,0.3,0.4
srv-0248,2026-08-26,7.7,10.3,9.4,77.8,86.3,83.4,25.9,67.0,14.2,11.6,1.29,0.447,0.95,0.4,0.5
srv-0248,2026-08-27,8.4,11.2,10.2,76.6,83.2,80.9,22.3,42.3,12.3,10.1,1.12,0.408,0.525,0.2,0.3
srv-0248,2026-08-28,7.6,11.9,10.4,75.7,86.3,82.6,20.4,47.6,11.2,9.2,1.02,0.374,0.844,0.2,0.5
srv-0248,2026-08-29,6.1,8.7,7.8,73.4,87.2,82.4,23.4,54.5,12.9,10.5,1.17,0.476,0.604,0.2,0.3
srv-0248,2026-08-30,4.7,6.0,5.5,72.3,85.7,81.0,14.6,36.3,8.0,6.6,0.73,0.427,0.435,0.4,0.2
srv-0248,2026-08-31,6.7,10.2,9.0,76.5,85.2,82.1,26.9,75.2,14.8,12.1,1.34,0.624,0.573,0.4,0.6
srv-0248,2026-09-01,8.8,12.7,11.3,78.1,85.8,83.1,31.3,58.2,17.2,14.1,1.56,0.375,0.671,0.2,0.5
srv-0248,2026-09-02,6.2,7.9,7.3,75.8,90.0,85.0,25.6,71.4,14.1,11.5,1.28,0.434,0.454,0.2,0.2
srv-0248,2026-09-03,7.9,13.4,11.5,75.6,79.9,78.4,25.1,65.0,13.8,11.3,1.26,0.565,0.885,0.5,0.7
srv-0248,2026-09-04,7.4,10.4,9.3,75.5,84.8,81.6,32.6,67.0,17.9,14.7,1.63,0.618,0.724,0.3,0.6
srv-0248,2026-09-05,6.1,8.1,7.4,73.4,78.5,76.7,16.0,32.0,8.8,7.2,0.8,0.28,0.333,0.1,0.3
srv-0248,2026-09-06,6.4,10.2,8.9,73.9,89.1,83.7,20.8,45.1,11.4,9.4,1.04,0.443,0.428,0.4,0.4
srv-0249,2026-08-08,9.1,11.4,10.6,40.3,42.4,41.7,103.2,282.5,56.8,46.4,5.16,0.237,0.289,0.1,0.1
srv-0249,2026-08-09,11.8,15.2,14.0,41.0,49.4,46.5,138.2,301.1,76.0,62.2,6.91,0.325,0.448,0.2,0.3
srv-0249,2026-08-10,18.4,29.2,25.4,43.1,46.5,45.3,174.0,410.9,95.7,78.3,8.7,0.579,0.542,0.5,0.4
srv-0249,2026-08-11,16.7,23.9,21.4,43.6,50.2,47.9,157.0,403.5,86.4,70.7,7.85,0.618,0.427,0.3,0.2
srv-0249,2026-08-12,17.2,22.0,20.3,42.9,51.1,48.2,196.3,466.2,107.9,88.3,9.81,0.829,0.535,0.3,0.4
srv-0249,2026-08-13,18.8,28.1,24.8,43.1,49.1,47.0,220.2,532.1,121.1,99.1,11.01,0.772,0.667,0.5,0.3
srv-0249,2026-08-14,16.2,26.8,23.1,43.3,50.9,48.2,200.2,431.3,110.1,90.1,10.01,0.682,0.494,0.4,0.4
srv-0249,2026-08-15,9.1,26.6,20.5,40.3,43.6,42.4,109.4,538.3,60.2,49.3,5.47,0.64,0.691,0.6,0.6
srv-0249,2026-08-16,10.3,28.6,22.2,40.8,43.7,42.7,101.7,401.3,55.9,45.8,5.09,0.989,0.397,0.9,0.2
srv-0249,2026-08-17,15.4,25.4,21.9,42.5,46.5,45.1,128.7,331.7,70.8,57.9,6.44,0.451,0.621,0.2,0.5
srv-0249,2026-08-18,13.2,17.5,16.0,42.2,46.1,44.7,179.4,457.5,98.7,80.7,8.97,0.481,0.37,0.3,0.2
srv-0249,2026-08-19,13.0,17.0,15.6,42.2,45.7,44.4,160.8,425.4,88.4,72.4,8.04,0.646,0.296,0.3,0.3
srv-0249,2026-08-20,13.8,21.0,18.5,42.5,51.3,48.2,131.9,303.7,72.5,59.3,6.59,0.797,0.328,0.3,0.2
srv-0249,2026-08-21,14.9,21.6,19.2,42.2,50.8,47.8,164.2,311.9,90.3,73.9,8.21,0.708,0.387,0.5,0.3
srv-0249,2026-08-22,8.4,10.9,10.0,40.3,46.1,44.1,83.1,177.4,45.7,37.4,4.15,0.305,0.346,0.2,0.3
srv-0249,2026-08-23,9.9,13.4,12.2,40.6,43.2,42.3,127.9,253.9,70.4,57.6,6.4,0.49,0.264,0.3,0.2
srv-0249,2026-08-24,16.1,21.4,19.5,43.5,49.4,47.3,157.3,290.5,86.5,70.8,7.86,0.59,0.608,0.5,0.3
srv-0249,2026-08-25,18.4,27.6,24.4,44.0,51.8,49.1,194.4,362.0,106.9,87.5,9.72,0.925,0.613,0.5,0.6
srv-0249,2026-08-26,17.2,22.2,20.5,44.0,50.0,47.9,159.3,358.7,87.6,71.7,7.97,0.738,0.599,0.5,0.6
srv-0249,2026-08-27,20.6,26.5,24.4,43.8,51.4,48.7,194.3,372.5,106.9,87.4,9.72,0.688,0.434,0.5,0.3
srv-0249,2026-08-28,15.8,22.6,20.2,42.4,44.8,43.9,147.8,389.7,81.3,66.5,7.39,0.556,0.458,0.5,0.3
srv-0249,2026-08-29,8.4,10.7,9.9,40.4,48.4,45.6,124.4,305.0,68.4,56.0,6.22,0.509,0.299,0.4,0.2
srv-0249,2026-08-30,11.3,17.6,15.4,41.1,46.0,44.3,145.2,385.2,79.8,65.3,7.26,0.327,0.472,0.2,0.3
srv-0249,2026-08-31,12.7,16.6,15.2,42.4,45.0,44.1,153.1,336.5,84.2,68.9,7.65,0.479,0.455,0.4,0.2
srv-0249,2026-09-01,14.1,18.5,17.0,42.4,50.4,47.6,189.1,434.5,104.0,85.1,9.46,0.457,0.402,0.3,0.4
srv-0249,2026-09-02,14.1,19.4,17.6,42.7,47.8,46.0,146.6,356.2,80.6,66.0,7.33,0.723,0.506,0.6,0.3
srv-0249,2026-09-03,15.7,23.3,20.6,43.0,47.6,46.0,177.9,442.2,97.8,80.0,8.89,0.655,0.421,0.4,0.2
srv-0249,2026-09-04,19.8,28.3,25.3,43.6,52.7,49.5,174.9,477.5,96.2,78.7,8.75,0.941,0.562,0.8,0.6
srv-0249,2026-09-05,10.8,31.5,24.2,40.8,47.5,45.2,113.2,461.0,62.3,50.9,5.66,0.66,0.66,0.3,0.3
srv-0249,2026-09-06,9.5,13.0,11.8,40.8,44.9,43.5,106.3,291.7,58.5,47.8,5.31,0.302,0.379,0.2,0.2
srv-0250,2026-08-08,15.2,40.0,31.3,31.4,35.2,33.9,11.4,38.3,6.3,5.1,0.57,1.076,1.092,0.5,0.4
srv-0250,2026-08-09,16.8,28.3,24.3,32.3,34.0,33.4,15.0,40.2,8.3,6.8,0.75,0.712,0.671,0.6,0.4
srv-0250,2026-08-10,29.8,38.3,35.3,33.8,37.6,36.3,23.4,64.0,12.9,10.5,1.17,0.927,0.595,0.5,0.5
srv-0250,2026-08-11,31.7,43.5,39.4,34.2,37.7,36.5,31.6,88.1,17.4,14.2,1.58,0.872,1.094,0.8,0.7
srv-0250,2026-08-12,27.9,36.7,33.6,33.8,37.6,36.2,19.2,49.7,10.5,8.6,0.96,1.082,0.974,0.5,0.4
srv-0250,2026-08-13,28.1,40.5,36.1,33.7,35.6,34.9,28.6,75.6,15.8,12.9,1.43,0.907,0.708,0.8,0.6
srv-0250,2026-08-14,26.2,34.7,31.7,33.1,36.0,35.0,17.5,39.3,9.6,7.9,0.88,0.71,0.628,0.4,0.3
srv-0250,2026-08-15,17.0,28.5,24.5,32.3,38.8,36.5,22.5,43.4,12.4,10.1,1.13,0.466,0.639,0.2,0.3
srv-0250,2026-08-16,18.2,23.5,21.7,31.8,33.8,33.1,16.6,44.1,9.1,7.5,0.83,0.35,0.334,0.2,0.3
srv-0250,2026-08-17,22.4,37.5,32.2,33.5,35.8,35.0,22.2,55.3,12.2,10.0,1.11,0.775,0.684,0.3,0.6
srv-0250,2026-08-18,30.3,45.7,40.3,34.3,36.5,35.7,34.8,94.4,19.1,15.7,1.74,0.697,0.848,0.4,0.3
srv-0250,2026-08-19,29.8,47.6,41.3,33.8,40.2,37.9,32.0,86.5,17.6,14.4,1.6,1.055,0.707,0.5,0.3
srv-0250,2026-08-20,23.3,37.6,32.6,33.0,37.4,35.8,23.0,57.2,12.6,10.3,1.15,0.777,0.854,0.4,0.4
srv-0250,2026-08-21,23.6,38.6,33.4,33.1,38.6,36.7,19.2,40.6,10.6,8.6,0.96,0.633,0.567,0.5,0.5
srv-0250,2026-08-22,14.0,20.3,18.1,31.6,35.0,33.8,15.2,29.7,8.3,6.8,0.76,0.326,0.359,0.3,0.2
srv-0250,2026-08-23,16.1,21.6,19.7,31.7,37.0,35.2,16.0,30.6,8.8,7.2,0.8,0.545,0.676,0.2,0.7
srv-0250,2026-08-24,27.1,41.8,36.7,33.4,35.3,34.6,20.3,42.2,11.2,9.1,1.02,0.714,0.729,0.6,0.6
srv-0250,2026-08-25,21.8,32.1,28.5,33.3,39.5,37.3,22.7,47.6,12.5,10.2,1.13,0.835,0.776,0.6,0.3
srv-0250,2026-08-26,28.8,48.3,41.4,33.9,35.6,35.0,20.7,52.3,11.4,9.3,1.04,1.002,0.801,0.7,0.4
srv-0250,2026-08-27,23.6,58.4,46.2,33.8,37.1,36.0,21.7,97.2,12.0,9.8,1.09,1.359,1.272,1.0,0.9
srv-0250,2026-08-28,26.5,35.1,32.1,34.3,39.0,37.4,32.7,70.9,18.0,14.7,1.63,0.639,1.25,0.3,0.9
srv-0250,2026-08-29,16.5,26.5,23.0,31.5,37.4,35.4,17.1,36.7,9.4,7.7,0.86,0.545,0.385,0.3,0.3
srv-0250,2026-08-30,13.8,20.4,18.1,31.4,33.7,32.9,14.7,34.5,8.1,6.6,0.74,0.473,0.296,0.2,0.3
srv-0250,2026-08-31,30.7,42.2,38.2,33.9,36.6,35.7,27.8,53.2,15.3,12.5,1.39,0.874,1.166,0.8,1.0
srv-0250,2026-09-01,21.1,35.1,30.2,32.9,37.0,35.5,19.5,40.2,10.7,8.8,0.97,0.774,0.699,0.7,0.4
srv-0250,2026-09-02,25.2,35.4,31.8,33.0,38.6,36.6,20.9,44.7,11.5,9.4,1.04,0.908,0.601,0.5,0.5
srv-0250,2026-09-03,20.5,34.4,29.5,32.9,37.8,36.1,25.7,62.8,14.2,11.6,1.29,0.731,0.483,0.4,0.2
srv-0250,2026-09-04,30.5,47.8,41.8,34.1,36.8,35.9,24.4,58.7,13.4,11.0,1.22,0.915,1.183,0.8,0.5
srv-0250,2026-09-05,18.2,25.6,23.0,31.8,36.6,34.9,19.4,41.8,10.7,8.7,0.97,0.695,0.381,0.6,0.2
srv-0250,2026-09-06,15.5,20.4,18.7,31.9,33.5,33.0,17.1,42.5,9.4,7.7,0.85,0.36,0.394,0.2,0.3
